trade_type,entry_timestamp,entry_ltp,smma_gap_pct,volatility,hour,volume_trend,ltq_ratio_2v5,exit_timestamp,exit_ltp,pnl,status,profitable,symbol
SELL,2026-06-25T15:24:00+05:30,31.5,-0.0038632586603979265,0.03560586718193785,15,-0.889762881389784,0.015511892450879007,2026-06-29T10:47:00+05:30,31.63,0.129999999999999,CLOSED,1.0,MOMENTUM-EQ
BUY,2026-06-29T10:47:00+05:30,31.63,0.001941655649801221,0.009486832980504832,10,0.8251445027084934,1.6072842438638164,2026-06-30T09:22:00+05:30,31.15,-0.4800000000000004,CLOSED,0.0,MOMENTUM-EQ
SELL,2026-06-30T09:22:00+05:30,31.15,-0.06427280289273424,0.3413193356504853,9,3.2748438294297446,0.0949787460148778,2026-07-06T13:16:00+05:30,31.15,0.0,CLOSED,0.0,MOMENTUM-EQ
BUY,2026-07-06T13:16:00+05:30,31.15,0.0023591490541282046,0.02666666666666669,13,14.218977842719385,2.431654676258993,2026-07-06T13:19:00+05:30,31.03,-0.11999999999999744,CLOSED,0.0,MOMENTUM-EQ
SELL,2026-07-06T13:19:00+05:30,31.03,-0.0022878619903770065,0.032317865716108535,13,12.962962744731268,2.411984567156981,2026-07-06T13:30:00+05:30,31.16,0.129999999999999,CLOSED,1.0,MOMENTUM-EQ
BUY,2026-07-06T13:30:00+05:30,31.16,0.01077232933137304,0.035527766918597534,13,20.673400325363634,0.8936616436228056,2026-07-07T09:30:00+05:30,30.84,-0.3200000000000003,CLOSED,0.0,MOMENTUM-EQ
SELL,2026-07-07T09:30:00+05:30,30.84,-0.01702154007693732,0.12877197762798492,9,-0.670059092793731,0.7238805970149254,2026-07-09T12:21:00+05:30,30.74,-0.10000000000000142,CLOSED,0.0,MOMENTUM-EQ
BUY,2026-07-09T12:21:00+05:30,30.74,0.00480720036579857,0.059591199946897024,12,-0.25930241580855184,2.488463555322496,2026-07-09T15:06:00+05:30,30.52,-0.21999999999999886,CLOSED,0.0,MOMENTUM-EQ
SELL,2026-07-09T15:06:00+05:30,30.52,-0.0003969368222660815,0.04477102237434873,15,1.6595672108122246,1.835796118441677,2026-07-10T09:23:00+05:30,30.87,0.3500000000000014,CLOSED,1.0,MOMENTUM-EQ
BUY,2026-07-10T09:23:00+05:30,30.87,0.0020141318022678044,0.10469001862641983,9,-0.823571879422628,0.6585677749360613,2026-07-16T09:36:00+05:30,30.89,0.019999999999999574,CLOSED,1.0,MOMENTUM-EQ
SELL,2026-07-16T09:36:00+05:30,30.89,-0.00716355569197669,0.07360555534589604,9,48.749979687508464,1.8174204355108876,2026-07-16T10:46:00+05:30,31.15,0.259999999999998,CLOSED,1.0,MOMENTUM-EQ
BUY,2026-07-16T10:46:00+05:30,31.15,0.005553080146167885,0.04812021982031598,10,2.390697618820986,1.807270233196159,2026-07-16T14:20:00+05:30,30.9,-0.25,CLOSED,0.0,MOMENTUM-EQ
SELL,2026-07-16T14:20:00+05:30,30.9,-0.009145832445918215,0.03510302297840197,14,-0.969529082515481,0.22727272727272727,2026-07-20T11:00:00+05:30,30.77,-0.129999999999999,CLOSED,0.0,MOMENTUM-EQ
BUY,2026-07-20T11:00:00+05:30,30.77,0.003441283060769123,0.05100108931298506,11,0.27925531543543464,2.188149688149688,2026-07-20T11:02:00+05:30,30.69,-0.0799999999999983,CLOSED,0.0,MOMENTUM-EQ
SELL,2026-07-20T11:02:00+05:30,30.69,-0.000480486356118974,0.024944382578492567,11,0.44444443738977085,2.076923076923077,2026-07-20T11:03:00+05:30,30.76,0.07000000000000028,CLOSED,1.0,MOMENTUM-EQ
BUY,2026-07-20T11:03:00+05:30,30.76,0.005320151612750387,0.03628590176179466,11,2.620914947028923,0.47382671480144406,2026-07-22T15:02:00+05:30,30.84,0.0799999999999983,CLOSED,1.0,MOMENTUM-EQ
SELL,2026-07-22T15:02:00+05:30,30.84,-0.005764480397546908,0.04581363212940956,15,137.1333219055565,1.20445222007722,2026-07-27T09:41:00+05:30,30.73,-0.10999999999999943,CLOSED,0.0,MOMENTUM-EQ
BUY,2026-07-27T09:41:00+05:30,30.73,0.016653094725887774,0.01791957340762128,9,-0.5403022636001117,0.7328767123287672,2026-07-28T09:38:00+05:30,30.49,-0.240000000000002,CLOSED,0.0,MOMENTUM-EQ
SELL,2026-07-28T09:38:00+05:30,30.49,-0.006072007621211089,0.04473378042498851,9,-0.7668085095506263,0.0121654501216545,2026-07-29T14:07:00+05:30,30.55,0.060000000000002274,CLOSED,1.0,MOMENTUM-EQ
BUY,2026-07-29T14:07:00+05:30,30.55,0.000114668414970512,0.04055175020198765,14,-0.8935351929389124,0.3024655963302752,2026-07-30T09:57:00+05:30,30.41,-0.14000000000000057,CLOSED,0.0,MOMENTUM-EQ
SELL,2026-07-30T09:57:00+05:30,30.41,-0.01414940060580742,0.015491933384830306,9,2.5857987400651266,2.1204620462046204,2026-07-31T09:18:00+05:30,30.78,0.370000000000001,CLOSED,1.0,MOMENTUM-EQ
BUY,2026-07-31T09:18:00+05:30,30.78,0.040133397262340935,0.09453982112198914,9,0.21708184667114155,0.07309941520467836,2026-08-06T13:50:00+05:30,31.2,0.41999999999999815,CLOSED,1.0,MOMENTUM-EQ
SELL,2026-08-06T13:50:00+05:30,31.2,-0.0042375916655807595,0.02877112750272043,13,-0.6012446132090843,1.1164465786314526,2026-08-07T10:19:00+05:30,31.35,0.15000000000000213,CLOSED,1.0,MOMENTUM-EQ
BUY,2026-08-07T10:19:00+05:30,31.35,0.014395028438112729,0.024129281427805547,10,1.6662679392618263,0.010841932107073425,,,,OPEN,,MOMENTUM-EQ
SELL,2026-06-24T11:23:00+05:30,78.75,-0.001285793256325768,0.041952353926806,11,-0.3812522981462086,1.2190023006851116,2026-06-24T11:57:00+05:30,79.2,0.45000000000000284,CLOSED,1.0,IDFCFIRSTB-EQ
BUY,2026-06-24T11:57:00+05:30,79.2,0.011055667782309583,0.20219902186816804,11,1.65558684826501,0.18498764762221867,2026-06-25T13:39:00+05:30,79.56,0.35999999999999943,CLOSED,1.0,IDFCFIRSTB-EQ
SELL,2026-06-25T13:39:00+05:30,79.56,-0.0018630878463636769,0.044472213547088524,13,0.6413888006095704,2.122151139544182,2026-06-29T09:58:00+05:30,79.62,0.060000000000002274,CLOSED,1.0,IDFCFIRSTB-EQ
BUY,2026-06-29T09:58:00+05:30,79.62,0.005471294055181875,0.03529242915351031,9,-0.12855591747815026,0.42207214308599095,2026-06-29T11:08:00+05:30,79.18,-0.4399999999999977,CLOSED,0.0,IDFCFIRSTB-EQ
SELL,2026-06-29T11:08:00+05:30,79.18,-0.0022776818116715196,0.19442507840068002,11,-0.2358014297867013,0.4389645330764057,2026-06-29T14:22:00+05:30,78.95,-0.23000000000000398,CLOSED,0.0,IDFCFIRSTB-EQ
BUY,2026-06-29T14:22:00+05:30,78.95,0.003382585663057775,0.0383115880351877,14,0.17949531003896174,0.920566010317518,2026-06-29T14:53:00+05:30,78.4,-0.5499999999999972,CLOSED,0.0,IDFCFIRSTB-EQ
SELL,2026-06-29T14:53:00+05:30,78.4,-0.0002954237561011475,0.17783887838902662,14,2.525394825902452,1.488319296450603,2026-06-30T11:16:00+05:30,78.82,0.4199999999999875,CLOSED,1.0,IDFCFIRSTB-EQ
BUY,2026-06-30T11:16:00+05:30,78.82,0.00638393321097221,0.13766303465749816,11,1.964039638715652,0.1274258638413736,2026-07-01T09:34:00+05:30,78.84,0.020000000000010232,CLOSED,1.0,IDFCFIRSTB-EQ
SELL,2026-07-01T09:34:00+05:30,78.84,-0.01093430482618204,0.04104198392432376,9,-0.15752273234856515,0.578991610354846,2026-07-01T14:11:00+05:30,78.87,0.030000000000001137,CLOSED,1.0,IDFCFIRSTB-EQ
BUY,2026-07-01T14:11:00+05:30,78.87,0.0017901383454773125,0.03238655413731023,14,1.4272108842188953,1.413354042102641,2026-07-01T14:31:00+05:30,78.75,-0.12000000000000455,CLOSED,0.0,IDFCFIRSTB-EQ
SELL,2026-07-01T14:31:00+05:30,78.75,-0.0010237461250936044,0.031552425509862446,14,0.7160512879408895,1.2408476037021772,2026-07-01T15:02:00+05:30,78.98,0.23000000000000398,CLOSED,1.0,IDFCFIRSTB-EQ
BUY,2026-07-01T15:02:00+05:30,78.98,0.003550314967773417,0.04599516882842962,15,0.1359248843844732,1.109043776034697,2026-07-02T09:34:00+05:30,78.67,-0.3100000000000023,CLOSED,0.0,IDFCFIRSTB-EQ
SELL,2026-07-02T09:34:00+05:30,78.67,-0.004541550086898396,0.03503966006938254,9,-0.14561200286030046,0.8153423030240425,2026-07-02T09:40:00+05:30,79.04,0.37000000000000455,CLOSED,1.0,IDFCFIRSTB-EQ
BUY,2026-07-02T09:40:00+05:30,79.04,0.004900870947375617,0.06488451279003235,9,1.2858651825040681,1.4567919943952816,2026-07-02T09:53:00+05:30,78.72,-0.3200000000000074,CLOSED,0.0,IDFCFIRSTB-EQ
SELL,2026-07-02T09:53:00+05:30,78.72,-0.004861603305973036,0.03541813722437152,9,-0.2900520212650745,1.8440066151969414,2026-07-02T10:50:00+05:30,78.87,0.15000000000000568,CLOSED,1.0,IDFCFIRSTB-EQ
BUY,2026-07-02T10:50:00+05:30,78.87,0.00031267370324860905,0.0371782493162646,10,-0.22088480996464968,0.8819109896250208,2026-07-02T11:10:00+05:30,78.68,-0.18999999999999773,CLOSED,0.0,IDFCFIRSTB-EQ
SELL,2026-07-02T11:10:00+05:30,78.68,-0.0026569851391692045,0.042216373863965095,11,-0.6204602549150025,0.8213483146067416,2026-07-02T11:52:00+05:30,79.03,0.3499999999999943,CLOSED,1.0,IDFCFIRSTB-EQ
BUY,2026-07-02T11:52:00+05:30,79.03,0.004631016675127818,0.14156270695349174,11,1.5148900409087038,1.3252801532430003,2026-07-03T11:19:00+05:30,79.27,0.23999999999999488,CLOSED,1.0,IDFCFIRSTB-EQ
SELL,2026-07-03T11:19:00+05:30,79.27,-0.0070203077766085135,0.060598863208994234,11,0.542563483277784,0.3980669323559762,2026-07-03T11:37:00+05:30,79.45,0.18000000000000682,CLOSED,1.0,IDFCFIRSTB-EQ
BUY,2026-07-03T11:37:00+05:30,79.45,0.0015227427289673048,0.04040077006966642,11,2.2940515352743565,0.47321479343777545,2026-07-07T09:54:00+05:30,81.01,1.5600000000000023,CLOSED,1.0,IDFCFIRSTB-EQ
SELL,2026-07-07T09:54:00+05:30,81.01,-0.00931054219188914,0.05037636129949911,9,0.15308889631384623,0.4180224441580756,2026-07-07T14:59:00+05:30,80.71,-0.30000000000001137,CLOSED,0.0,IDFCFIRSTB-EQ
BUY,2026-07-07T14:59:00+05:30,80.71,0.003719415664610421,0.021499353995462194,14,-0.031681282884907014,1.3147162937048462,2026-07-07T15:02:00+05:30,80.49,-0.21999999999999886,CLOSED,0.0,IDFCFIRSTB-EQ
SELL,2026-07-07T15:02:00+05:30,80.49,-0.004733137933613659,0.07560129334578689,15,4.762666352605874,2.074712579663654,2026-07-08T10:32:00+05:30,80.58,0.09000000000000341,CLOSED,1.0,IDFCFIRSTB-EQ
BUY,2026-07-08T10:32:00+05:30,80.58,0.0018275706344430937,0.054619898693909714,10,-0.4134178480395985,0.4277857391843216,2026-07-08T12:01:00+05:30,80.34,-0.23999999999999488,CLOSED,0.0,IDFCFIRSTB-EQ
SELL,2026-07-08T12:01:00+05:30,80.34,-0.0016178681871321168,0.05533734925185834,12,3.4799012415168766,0.365523387985671,2026-07-09T11:36:00+05:30,79.05,-1.2900000000000063,CLOSED,0.0,IDFCFIRSTB-EQ
BUY,2026-07-09T11:36:00+05:30,79.05,0.009367093063027389,0.15224614572753326,11,0.5400962676794958,0.4853317683558814,2026-07-10T14:10:00+05:30,80.8,1.75,CLOSED,1.0,IDFCFIRSTB-EQ
SELL,2026-07-10T14:10:00+05:30,80.8,-0.000993988664702947,0.02250925735484833,14,-0.42849061393541227,1.308102539240046,2026-07-10T14:55:00+05:30,80.9,0.10000000000000853,CLOSED,1.0,IDFCFIRSTB-EQ
BUY,2026-07-10T14:55:00+05:30,80.9,0.00031066438007964467,0.02633122354417633,14,0.371464640012641,1.7594813719747475,2026-07-10T15:05:00+05:30,80.85,-0.05000000000001137,CLOSED,0.0,IDFCFIRSTB-EQ
SELL,2026-07-10T15:05:00+05:30,80.85,-0.00048492976466407706,0.03446415206816915,15,1.502321227948247,1.0414141867528466,2026-07-10T15:10:00+05:30,80.9,0.05000000000001137,CLOSED,1.0,IDFCFIRSTB-EQ
BUY,2026-07-10T15:10:00+05:30,80.9,0.00010069430132423853,0.03341656275960767,15,-0.3857593847661362,1.4359867491596434,2026-07-10T15:12:00+05:30,80.82,-0.0800000000000125,CLOSED,0.0,IDFCFIRSTB-EQ
SELL,2026-07-10T15:12:00+05:30,80.82,-0.0023939423510604203,0.02806737924669728,15,0.1277391428268828,1.237165436566407,2026-07-13T13:17:00+05:30,80.42,-0.3999999999999915,CLOSED,0.0,IDFCFIRSTB-EQ
BUY,2026-07-13T13:17:00+05:30,80.42,0.001554515265137015,0.017029386365924545,13,-0.31785208768625,1.0429905330047984,2026-07-13T13:22:00+05:30,80.25,-0.1700000000000017,CLOSED,0.0,IDFCFIRSTB-EQ
SELL,2026-07-13T13:22:00+05:30,80.25,-0.00500927091748605,0.05502524673073019,13,1.7842692252028693,1.813852208947577,2026-07-13T15:06:00+05:30,80.51,0.2600000000000051,CLOSED,1.0,IDFCFIRSTB-EQ
BUY,2026-07-13T15:06:00+05:30,80.51,0.007953153007306112,0.15925172247454905,15,0.41560714257079084,1.003032281254164,2026-07-14T09:22:00+05:30,79.9,-0.6099999999999994,CLOSED,0.0,IDFCFIRSTB-EQ
SELL,2026-07-14T09:22:00+05:30,79.9,-0.015000279359976432,0.3173939017827658,9,-0.2854788867952394,1.0904493237082882,2026-07-15T09:21:00+05:30,79.9,0.0,CLOSED,0.0,IDFCFIRSTB-EQ
BUY,2026-07-15T09:21:00+05:30,79.9,0.021483874078789204,0.22853397510606224,9,-0.3947880914966762,0.8470209535512303,2026-07-15T13:08:00+05:30,79.69,-0.21000000000000796,CLOSED,0.0,IDFCFIRSTB-EQ
SELL,2026-07-15T13:08:00+05:30,79.69,-0.01115399529764094,0.04571651780265275,13,0.5510036589639113,0.46998559543757534,2026-07-17T10:11:00+05:30,79.52,-0.1700000000000017,CLOSED,0.0,IDFCFIRSTB-EQ
BUY,2026-07-17T10:11:00+05:30,79.52,0.010011251081867283,0.11086027241532347,10,3.0420111311983864,0.7005467597713865,2026-07-17T11:32:00+05:30,79.31,-0.20999999999999375,CLOSED,0.0,IDFCFIRSTB-EQ
SELL,2026-07-17T11:32:00+05:30,79.31,-0.0037147292640490677,0.02263232692902345,11,0.6180226698086438,0.47536157685908104,2026-07-17T12:49:00+05:30,79.46,0.14999999999999147,CLOSED,1.0,IDFCFIRSTB-EQ
BUY,2026-07-17T12:49:00+05:30,79.46,0.00036434987805888865,0.049542350009305,12,3.5917309129440316,1.3342669499710256,2026-07-17T13:20:00+05:30,79.24,-0.21999999999999886,CLOSED,0.0,IDFCFIRSTB-EQ
SELL,2026-07-17T13:20:00+05:30,79.24,-0.007702521710408448,0.037727090178457524,13,15.145655060303456,0.47454657873042044,2026-07-17T14:27:00+05:30,79.96,0.7199999999999989,CLOSED,1.0,IDFCFIRSTB-EQ
BUY,2026-07-17T14:27:00+05:30,79.96,0.032982299768043156,0.1387283516645194,14,-0.3354211087361229,1.623141219803067,2026-07-21T11:56:00+05:30,81.82,1.8599999999999994,CLOSED,1.0,IDFCFIRSTB-EQ
SELL,2026-07-21T11:56:00+05:30,81.82,-0.0015427662849700522,0.01429840705968506,11,0.9269293311358229,1.1493527608311913,2026-07-21T12:47:00+05:30,81.96,0.14000000000000057,CLOSED,1.0,IDFCFIRSTB-EQ
BUY,2026-07-21T12:47:00+05:30,81.96,0.003378854220266063,0.048545511292671074,12,-0.2898799682923745,0.9680600165646526,2026-07-21T12:58:00+05:30,81.77,-0.18999999999999773,CLOSED,0.0,IDFCFIRSTB-EQ
SELL,2026-07-21T12:58:00+05:30,81.77,-0.0025051675514166636,0.05858517066820059,12,-0.06214912447179421,0.7896564712362499,2026-07-21T13:08:00+05:30,81.97,0.20000000000000284,CLOSED,1.0,IDFCFIRSTB-EQ
BUY,2026-07-21T13:08:00+05:30,81.97,0.002637558096100163,0.05641118880348563,13,-0.22407319053679964,1.0882457861410861,2026-07-21T14:35:00+05:30,81.81,-0.1599999999999966,CLOSED,0.0,IDFCFIRSTB-EQ
SELL,2026-07-21T14:35:00+05:30,81.81,-0.0038709306062025936,0.05186520991955792,14,0.16684754495473228,0.6606153061608847,2026-07-22T14:53:00+05:30,80.64,-1.1700000000000017,CLOSED,0.0,IDFCFIRSTB-EQ
BUY,2026-07-22T14:53:00+05:30,80.64,0.000787504129325948,0.051033757890678405,14,0.3934212971363532,0.7870802584392875,2026-07-23T09:38:00+05:30,80.29,-0.3499999999999943,CLOSED,0.0,IDFCFIRSTB-EQ
SELL,2026-07-23T09:38:00+05:30,80.29,-0.006967396238734184,0.10614455552060692,9,0.6441787525822797,2.093383262919814,2026-07-23T10:48:00+05:30,80.6,0.30999999999998806,CLOSED,1.0,IDFCFIRSTB-EQ
BUY,2026-07-23T10:48:00+05:30,80.6,0.0038840130758817063,0.058651513194461435,10,0.018679738227566026,0.9394579873352157,2026-07-23T12:31:00+05:30,80.2,-0.3999999999999915,CLOSED,0.0,IDFCFIRSTB-EQ
SELL,2026-07-23T12:31:00+05:30,80.2,-0.006092163615246287,0.07587270040447033,12,2.7575188581493055,0.3306131671685504,2026-07-24T12:04:00+05:30,79.76,-0.4399999999999977,CLOSED,0.0,IDFCFIRSTB-EQ
BUY,2026-07-24T12:04:00+05:30,79.76,0.014694485938843978,0.03348299734359591,12,0.01021996684271667,0.49794866663331167,2026-07-27T15:25:00+05:30,84.81,5.049999999999997,CLOSED,1.0,IDFCFIRSTB-EQ
SELL,2026-07-27T15:25:00+05:30,84.81,-0.0032613143555584975,0.039285281382898204,15,-0.29525681372234513,1.259842564095815,2026-07-28T09:19:00+05:30,85.1,0.28999999999999204,CLOSED,1.0,IDFCFIRSTB-EQ
BUY,2026-07-28T09:19:00+05:30,85.1,0.007135133162994322,0.14468740250776774,9,-0.07518664142073754,0.49899585979131433,2026-07-28T12:24:00+05:30,85.47,0.37000000000000455,CLOSED,1.0,IDFCFIRSTB-EQ
SELL,2026-07-28T12:24:00+05:30,85.47,-0.015135910302421163,0.1398570698963771,12,0.9512443895685397,0.3110678296907945,2026-07-28T12:36:00+05:30,86.15,0.6800000000000068,CLOSED,1.0,IDFCFIRSTB-EQ
BUY,2026-07-28T12:36:00+05:30,86.15,0.004918950331406837,0.2513275861411848,12,0.38218334406533816,1.0639316459822665,2026-07-28T13:15:00+05:30,85.69,-0.46000000000000796,CLOSED,0.0,IDFCFIRSTB-EQ
SELL,2026-07-28T13:15:00+05:30,85.69,-0.007158180871874389,0.05581716183715876,13,0.9884792626020781,1.0441691916829203,2026-07-28T14:47:00+05:30,85.95,0.2600000000000051,CLOSED,1.0,IDFCFIRSTB-EQ
BUY,2026-07-28T14:47:00+05:30,85.95,0.004025754411958125,0.05877452206904424,14,1.5031492697804072,2.0918893742415077,2026-07-28T15:12:00+05:30,85.75,-0.20000000000000284,CLOSED,0.0,IDFCFIRSTB-EQ
SELL,2026-07-28T15:12:00+05:30,85.75,-0.0009660504590013768,0.017126976771554153,15,-0.08424985505911134,0.8403618977944728,2026-07-30T11:45:00+05:30,84.72,-1.0300000000000011,CLOSED,0.0,IDFCFIRSTB-EQ
BUY,2026-07-30T11:45:00+05:30,84.72,0.011174339818078208,0.0063245553203355,11,4.422963939850852,0.30651395818981997,2026-07-30T14:20:00+05:30,84.5,-0.21999999999999886,CLOSED,0.0,IDFCFIRSTB-EQ
SELL,2026-07-30T14:20:00+05:30,84.5,-0.004837417451681721,0.015055453054180722,14,1.3743672754471634,1.7976528006233228,2026-07-30T14:49:00+05:30,84.69,0.18999999999999773,CLOSED,1.0,IDFCFIRSTB-EQ
BUY,2026-07-30T14:49:00+05:30,84.69,0.002938885179565652,0.04894441291460998,14,1.5799509364875166,0.5731080088170463,2026-07-31T12:31:00+05:30,84.99,0.29999999999999716,CLOSED,1.0,IDFCFIRSTB-EQ
SELL,2026-07-31T12:31:00+05:30,84.99,-0.005540211375702316,0.08179242018671365,12,10.036234023410607,0.4915075553473117,2026-07-31T13:24:00+05:30,85.28,0.29000000000000625,CLOSED,1.0,IDFCFIRSTB-EQ
BUY,2026-07-31T13:24:00+05:30,85.28,0.000912774846349429,0.03497618237219946,13,0.3701536600652563,0.711731415739671,2026-07-31T14:08:00+05:30,85.14,-0.14000000000000057,CLOSED,0.0,IDFCFIRSTB-EQ
SELL,2026-07-31T14:08:00+05:30,85.14,-0.0009504033225729757,0.024494897427831418,14,-0.0888072933329046,1.4891750681825144,2026-08-03T09:31:00+05:30,85.26,0.12000000000000455,CLOSED,1.0,IDFCFIRSTB-EQ
BUY,2026-08-03T09:31:00+05:30,85.26,0.0033648966328933836,0.035978388574871255,9,-0.34664716470500057,0.5691660166735887,2026-08-03T12:52:00+05:30,85.41,0.14999999999999147,CLOSED,1.0,IDFCFIRSTB-EQ
SELL,2026-08-03T12:52:00+05:30,85.41,-0.0014941846604081595,0.05699902533279922,12,1.6800637425018932,0.8806824074394165,2026-08-04T09:34:00+05:30,85.74,0.3299999999999983,CLOSED,1.0,IDFCFIRSTB-EQ
BUY,2026-08-04T09:34:00+05:30,85.74,0.016038773571876115,0.1516904743218902,9,-0.44644661275606673,0.2098418723723558,2026-08-04T11:56:00+05:30,85.51,-0.22999999999998977,CLOSED,0.0,IDFCFIRSTB-EQ
SELL,2026-08-04T11:56:00+05:30,85.51,-0.0006930335255745754,0.02726414006223647,11,-0.09421945449290224,0.6323801870577469,2026-08-04T12:17:00+05:30,85.64,0.12999999999999545,CLOSED,1.0,IDFCFIRSTB-EQ
BUY,2026-08-04T12:17:00+05:30,85.64,0.0034965460890884724,0.05831904586934942,12,-0.39984440638971813,1.0382747416087663,2026-08-04T12:44:00+05:30,85.5,-0.14000000000000057,CLOSED,0.0,IDFCFIRSTB-EQ
SELL,2026-08-04T12:44:00+05:30,85.5,-0.00209597313543633,0.04501851470968999,12,0.09894522035758173,1.1862286423980806,2026-08-04T12:50:00+05:30,85.6,0.09999999999999432,CLOSED,1.0,IDFCFIRSTB-EQ
BUY,2026-08-04T12:50:00+05:30,85.6,0.001758622163774825,0.025298221281346747,12,-0.03986733075020976,1.4848651146669747,2026-08-04T13:35:00+05:30,85.38,-0.21999999999999886,CLOSED,0.0,IDFCFIRSTB-EQ
SELL,2026-08-04T13:35:00+05:30,85.38,-0.001709187759022847,0.11284207253207165,13,0.8001149162992922,0.8376855301608616,2026-08-05T09:15:00+05:30,85.84,0.46000000000000796,CLOSED,1.0,IDFCFIRSTB-EQ
BUY,2026-08-05T09:15:00+05:30,85.84,0.007714353702735447,0.16706951314414603,9,0.37710263145405026,1.3476592457492171,2026-08-05T10:31:00+05:30,85.25,-0.5900000000000034,CLOSED,0.0,IDFCFIRSTB-EQ
SELL,2026-08-05T10:31:00+05:30,85.25,-0.00436593096486383,0.1208304597359456,10,4.920310602547093,0.9520414914320425,2026-08-06T09:17:00+05:30,85.27,0.01999999999999602,CLOSED,1.0,IDFCFIRSTB-EQ
BUY,2026-08-06T09:17:00+05:30,85.27,0.005339053953327845,0.08246884933786212,9,0.07901564152936938,0.579097569417484,2026-08-06T09:21:00+05:30,85.0,-0.269999999999996,CLOSED,0.0,IDFCFIRSTB-EQ
SELL,2026-08-06T09:21:00+05:30,85.0,-0.0011337742002522206,0.08082903768654753,9,-0.8283572777939947,0.42811749271633753,2026-08-06T10:12:00+05:30,85.29,0.29000000000000625,CLOSED,1.0,IDFCFIRSTB-EQ
BUY,2026-08-06T10:12:00+05:30,85.29,0.00437617262606351,0.13621877827801587,10,0.5495211999505798,0.4103119884202966,2026-08-06T12:53:00+05:30,85.12,-0.1700000000000017,CLOSED,0.0,IDFCFIRSTB-EQ
SELL,2026-08-06T12:53:00+05:30,85.12,-0.004100472586688834,0.06640783086353541,12,1.4146137978940676,0.46351482345263123,2026-08-07T12:05:00+05:30,85.01,-0.10999999999999943,CLOSED,0.0,IDFCFIRSTB-EQ
BUY,2026-08-07T12:05:00+05:30,85.01,0.0005678855217937233,0.1374570640034352,12,8.70814411872613,0.17385069025599786,2026-08-07T13:15:00+05:30,84.74,-0.27000000000001023,CLOSED,0.0,IDFCFIRSTB-EQ
SELL,2026-08-07T13:15:00+05:30,84.74,-1.2952528940131836e-05,0.029230881691193176,13,0.6278148350900709,1.6196043996672522,2026-08-07T15:08:00+05:30,84.9,0.1600000000000108,CLOSED,1.0,IDFCFIRSTB-EQ
BUY,2026-08-07T15:08:00+05:30,84.9,0.004044127359613676,0.06477310827461778,15,5.7824244537186384,0.28417759866096415,,,,OPEN,,IDFCFIRSTB-EQ
BUY,2026-06-24T11:56:00+05:30,175.3,0.004488028619318849,0.12740573857649773,11,-0.5713835657524658,1.8729208059138116,2026-06-24T12:52:00+05:30,174.76,-0.5400000000000205,CLOSED,0.0,UNIONBANK-EQ
SELL,2026-06-24T12:52:00+05:30,174.76,-0.003719745309501756,0.2380032679514215,12,-0.5666250321563998,1.066489575537922,2026-06-24T13:48:00+05:30,174.99,0.2300000000000182,CLOSED,1.0,UNIONBANK-EQ
BUY,2026-06-24T13:48:00+05:30,174.99,0.002678008710292603,0.05573747990953781,13,-0.07784372232696289,0.3740265974469295,2026-06-24T14:04:00+05:30,174.7,-0.29000000000002046,CLOSED,0.0,UNIONBANK-EQ
SELL,2026-06-24T14:04:00+05:30,174.7,-0.0016233644663607868,0.09631545393479704,14,0.25188308574490814,0.7034539247056663,2026-06-24T15:28:00+05:30,175.01,0.3100000000000023,CLOSED,1.0,UNIONBANK-EQ
BUY,2026-06-24T15:28:00+05:30,175.01,0.004666955773193647,0.08482662055956201,15,0.05385395807009101,0.9947889394386651,2026-06-25T11:52:00+05:30,175.0,-0.009999999999990905,CLOSED,0.0,UNIONBANK-EQ
SELL,2026-06-25T11:52:00+05:30,175.0,-0.0018412783804912488,0.11007068436034645,11,-0.7842126106831102,0.834277011987973,2026-06-25T12:10:00+05:30,175.44,0.4399999999999977,CLOSED,1.0,UNIONBANK-EQ
BUY,2026-06-25T12:10:00+05:30,175.44,0.00045859088267205013,0.04498147766951941,12,-0.8860249837843109,0.5954106740930073,2026-06-25T12:25:00+05:30,174.92,-0.5200000000000102,CLOSED,0.0,UNIONBANK-EQ
SELL,2026-06-25T12:25:00+05:30,174.92,-0.0014626237536659492,0.2533530694066609,12,7.291407642126716,1.0989727122141175,2026-06-25T13:45:00+05:30,175.75,0.8300000000000125,CLOSED,1.0,UNIONBANK-EQ
BUY,2026-06-25T13:45:00+05:30,175.75,0.008250047810646087,0.13704824778968439,13,4.480079394436609,1.8328683387225464,2026-06-25T14:38:00+05:30,174.84,-0.9099999999999966,CLOSED,0.0,UNIONBANK-EQ
SELL,2026-06-25T14:38:00+05:30,174.84,-0.001719382799997782,0.05130518708885294,14,0.06141713176165095,1.9767113996784103,2026-06-29T09:24:00+05:30,175.12,0.28000000000000114,CLOSED,1.0,UNIONBANK-EQ
BUY,2026-06-29T09:24:00+05:30,175.12,0.0006777381849606411,0.33753353742833814,9,-0.7072869636591247,0.941305440732879,2026-06-29T09:25:00+05:30,174.78,-0.3400000000000034,CLOSED,0.0,UNIONBANK-EQ
SELL,2026-06-29T09:25:00+05:30,174.78,-0.005710526245573248,0.19939909728983007,9,-0.586719934708206,1.4919713335592855,2026-06-29T09:46:00+05:30,175.24,0.46000000000000796,CLOSED,1.0,UNIONBANK-EQ
BUY,2026-06-29T09:46:00+05:30,175.24,0.0015167072787810496,0.1109804787639126,9,-0.040870194554805415,1.453016112566026,2026-06-29T10:21:00+05:30,174.81,-0.4300000000000068,CLOSED,0.0,UNIONBANK-EQ
SELL,2026-06-29T10:21:00+05:30,174.81,-0.00489753180793286,0.12520649610410237,10,0.37405647187307345,0.5175932020824606,2026-06-29T10:23:00+05:30,175.17,0.3599999999999852,CLOSED,1.0,UNIONBANK-EQ
BUY,2026-06-29T10:23:00+05:30,175.17,0.00236906815303089,0.16136914203155447,10,0.6833761781682463,0.9039716328466647,2026-06-29T10:54:00+05:30,174.62,-0.549999999999983,CLOSED,0.0,UNIONBANK-EQ
SELL,2026-06-29T10:54:00+05:30,174.62,-0.006073882036121701,0.2274105440729537,10,2.7406876233742463,1.0953464033324354,2026-06-29T11:23:00+05:30,175.11,0.4900000000000091,CLOSED,1.0,UNIONBANK-EQ
BUY,2026-06-29T11:23:00+05:30,175.11,6.803559145111689e-05,0.05420127099780606,11,-0.4617022009832252,0.6321742471543154,2026-06-29T11:24:00+05:30,175.05,-0.060000000000002274,CLOSED,0.0,UNIONBANK-EQ
SELL,2026-06-29T11:24:00+05:30,175.05,-0.0002949289260983388,0.055387523665328516,11,-0.0942902691502507,0.7030435599911137,2026-06-29T11:25:00+05:30,175.21,0.1599999999999966,CLOSED,1.0,UNIONBANK-EQ
BUY,2026-06-29T11:25:00+05:30,175.21,0.003171338974823435,0.06646636576327324,11,0.21313556109218604,0.7978341323256142,2026-06-29T11:52:00+05:30,174.55,-0.6599999999999966,CLOSED,0.0,UNIONBANK-EQ
SELL,2026-06-29T11:52:00+05:30,174.55,-0.006185882385863163,0.10066997787048736,11,3.633445359977498,0.3008203209325754,2026-06-29T14:32:00+05:30,174.82,0.2699999999999818,CLOSED,1.0,UNIONBANK-EQ
BUY,2026-06-29T14:32:00+05:30,174.82,0.00775693353476667,0.16012495120998377,14,-0.25564166855711323,0.4077668044709845,2026-06-30T10:26:00+05:30,174.0,-0.8199999999999932,CLOSED,0.0,UNIONBANK-EQ
SELL,2026-06-30T10:26:00+05:30,174.0,-0.003684734169285633,0.14514743462348279,10,1.50399744827727,2.0000551956047317,2026-07-01T10:29:00+05:30,173.75,-0.25,CLOSED,0.0,UNIONBANK-EQ
BUY,2026-07-01T10:29:00+05:30,173.75,0.019885987365566946,0.08956685895029741,10,-0.5634276442975299,1.5755052890554442,2026-07-02T10:12:00+05:30,173.89,0.13999999999998636,CLOSED,1.0,UNIONBANK-EQ
SELL,2026-07-02T10:12:00+05:30,173.89,-0.0012038585501315162,0.08420213774008395,10,-0.1563571012978488,0.5522688169106402,2026-07-02T10:39:00+05:30,174.22,0.3300000000000125,CLOSED,1.0,UNIONBANK-EQ
BUY,2026-07-02T10:39:00+05:30,174.22,0.0026851812280698833,0.12411911841273603,10,-0.18835280553932782,0.5525964320920914,2026-07-02T11:32:00+05:30,173.9,-0.3199999999999932,CLOSED,0.0,UNIONBANK-EQ
SELL,2026-07-02T11:32:00+05:30,173.9,-0.0005995552523527666,0.06168017869983834,11,-0.1886183995293213,1.1208118511930405,2026-07-02T11:33:00+05:30,174.09,0.18999999999999773,CLOSED,1.0,UNIONBANK-EQ
BUY,2026-07-02T11:33:00+05:30,174.09,0.002095289654881868,0.05754225500543674,11,-0.035011902060543866,1.2145584024667793,2026-07-02T11:34:00+05:30,173.85,-0.2400000000000091,CLOSED,0.0,UNIONBANK-EQ
SELL,2026-07-02T11:34:00+05:30,173.85,-0.0011146233235437156,0.06806043066439062,11,0.9894081592616925,1.3318474587693876,2026-07-02T12:06:00+05:30,174.12,0.27000000000001023,CLOSED,1.0,UNIONBANK-EQ
BUY,2026-07-02T12:06:00+05:30,174.12,0.003378620906333417,0.024129281427810158,12,-0.7746745165304633,0.9143211187820853,2026-07-02T12:10:00+05:30,173.7,-0.4200000000000159,CLOSED,0.0,UNIONBANK-EQ
SELL,2026-07-02T12:10:00+05:30,173.7,-0.0058983531318156516,0.07202622979011138,12,2.7931876094194057,1.9314783974565204,2026-07-02T12:25:00+05:30,174.7,1.0,CLOSED,1.0,UNIONBANK-EQ
BUY,2026-07-02T12:25:00+05:30,174.7,0.0037439193342145736,0.4011317323108058,12,1.6520352263538642,2.2338986676808616,2026-07-02T14:24:00+05:30,173.78,-0.9199999999999875,CLOSED,0.0,UNIONBANK-EQ
SELL,2026-07-02T14:24:00+05:30,173.78,-0.009189692668146154,0.2569133014159541,14,-0.8568586189250241,1.1827832078192597,2026-07-02T15:16:00+05:30,174.34,0.5600000000000023,CLOSED,1.0,UNIONBANK-EQ
BUY,2026-07-02T15:16:00+05:30,174.34,0.0001229703645810379,0.05254627590144514,15,-0.43503151450425753,1.0755341004111445,2026-07-03T09:15:00+05:30,165.25,-9.090000000000003,CLOSED,0.0,UNIONBANK-EQ
SELL,2026-07-03T09:15:00+05:30,165.25,-0.1955182630003161,0.05877452206903577,9,0.31314538212555454,1.2743932700167373,2026-07-07T09:24:00+05:30,162.43,-2.819999999999993,CLOSED,0.0,UNIONBANK-EQ
BUY,2026-07-07T09:24:00+05:30,162.43,0.010433157326242361,0.3718258254135194,9,-0.6218566358184461,1.5199782327077647,2026-07-07T10:09:00+05:30,161.47,-0.960000000000008,CLOSED,0.0,UNIONBANK-EQ
SELL,2026-07-07T10:09:00+05:30,161.47,-0.0010023190182735005,0.06737127643802264,10,0.013533367820637961,0.5144041323832663,2026-07-07T10:23:00+05:30,161.78,0.3100000000000023,CLOSED,1.0,UNIONBANK-EQ
BUY,2026-07-07T10:23:00+05:30,161.78,0.0026869158491421097,0.2104386952165509,10,0.7827095896311701,0.4559285637296764,2026-07-07T10:26:00+05:30,161.57,-0.21000000000000796,CLOSED,0.0,UNIONBANK-EQ
SELL,2026-07-07T10:26:00+05:30,161.57,-0.00014962361274807777,0.17949311345502117,10,-0.2784890010722042,1.8010073145647305,2026-07-07T10:27:00+05:30,161.63,0.060000000000002274,CLOSED,1.0,UNIONBANK-EQ
BUY,2026-07-07T10:27:00+05:30,161.63,0.0005440270808714281,0.1433139521780375,10,-0.19144024151242958,1.0294660862967473,2026-07-07T10:28:00+05:30,161.57,-0.060000000000002274,CLOSED,0.0,UNIONBANK-EQ
SELL,2026-07-07T10:28:00+05:30,161.57,-0.0003497187950634399,0.12287753614428061,10,-0.22313885133930003,0.3109724860722748,2026-07-07T10:29:00+05:30,161.72,0.15000000000000568,CLOSED,1.0,UNIONBANK-EQ
BUY,2026-07-07T10:29:00+05:30,161.72,0.0026759214325038326,0.13076271979768953,10,0.48993594858859324,0.2565960751711917,2026-07-07T11:01:00+05:30,161.37,-0.3499999999999943,CLOSED,0.0,UNIONBANK-EQ
SELL,2026-07-07T11:01:00+05:30,161.37,-0.0034243480032791684,0.15680490355144341,11,3.1766972026972184,1.267966213713514,2026-07-07T11:55:00+05:30,161.74,0.37000000000000455,CLOSED,1.0,UNIONBANK-EQ
BUY,2026-07-07T11:55:00+05:30,161.74,0.0028111894459668424,0.049542350009304105,11,0.5534327365791593,1.0466017860007486,2026-07-07T12:04:00+05:30,161.02,-0.7199999999999989,CLOSED,0.0,UNIONBANK-EQ
SELL,2026-07-07T12:04:00+05:30,161.02,-0.0063162689415439165,0.05792715732327336,12,-0.6887312986695433,0.9281645937463676,2026-07-07T15:22:00+05:30,161.22,0.19999999999998863,CLOSED,1.0,UNIONBANK-EQ
BUY,2026-07-07T15:22:00+05:30,161.22,0.0038803442423744248,0.13383655039719405,15,-0.43211953508280776,1.0275224511357632,2026-07-08T09:15:00+05:30,159.64,-1.5800000000000125,CLOSED,0.0,UNIONBANK-EQ
SELL,2026-07-08T09:15:00+05:30,159.64,-0.0006688199273759431,0.11305849027040075,9,0.02915803460403259,1.3440660930311334,2026-07-09T10:01:00+05:30,157.31,-2.329999999999984,CLOSED,0.0,UNIONBANK-EQ
BUY,2026-07-09T10:01:00+05:30,157.31,0.020891378695449575,0.15519163780450554,10,-0.04377383778027941,1.7324645426650553,2026-07-09T11:17:00+05:30,156.28,-1.0300000000000011,CLOSED,0.0,UNIONBANK-EQ
SELL,2026-07-09T11:17:00+05:30,156.28,-0.0008942138623932181,0.07941452428030407,11,-0.6022245611610513,0.7476042337123651,2026-07-09T11:19:00+05:30,156.49,0.21000000000000796,CLOSED,1.0,UNIONBANK-EQ
BUY,2026-07-09T11:19:00+05:30,156.49,0.00033919203048850255,0.08071899129421702,11,-0.609172811478985,1.2190287413280474,2026-07-09T11:20:00+05:30,156.35,-0.14000000000001478,CLOSED,0.0,UNIONBANK-EQ
SELL,2026-07-09T11:20:00+05:30,156.35,-0.0006296994617993615,0.09545796049687545,11,-0.3603386252116043,1.1104563057753831,2026-07-09T11:21:00+05:30,156.52,0.17000000000001592,CLOSED,1.0,UNIONBANK-EQ
BUY,2026-07-09T11:21:00+05:30,156.52,0.0029871717982976635,0.09285592184789879,11,0.08835897161756015,1.485181200176065,2026-07-09T14:47:00+05:30,156.82,0.29999999999998295,CLOSED,1.0,UNIONBANK-EQ
SELL,2026-07-09T14:47:00+05:30,156.82,-0.0035435044139850917,0.1448984318602392,14,-0.04693179651437496,1.095016988638747,2026-07-09T14:53:00+05:30,157.27,0.45000000000001705,CLOSED,1.0,UNIONBANK-EQ
BUY,2026-07-09T14:53:00+05:30,157.27,0.0010305531753617757,0.15343836982102588,14,-0.03739791729613345,0.9586653200164591,2026-07-09T15:06:00+05:30,156.68,-0.5900000000000034,CLOSED,0.0,UNIONBANK-EQ
SELL,2026-07-09T15:06:00+05:30,156.68,-0.005566993231141844,0.1790127245632429,15,0.012280335582206849,1.020150202039897,2026-07-09T15:16:00+05:30,157.43,0.75,CLOSED,1.0,UNIONBANK-EQ
BUY,2026-07-09T15:16:00+05:30,157.43,0.0032621598116266705,0.23458947594088508,15,-0.40612241210808225,0.8629291070314996,2026-07-14T09:59:00+05:30,167.55,10.120000000000005,CLOSED,1.0,UNIONBANK-EQ
SELL,2026-07-14T09:59:00+05:30,167.55,-0.00934457779840829,0.2697921010292544,9,1.912040307991426,2.1938180906961113,2026-07-14T11:30:00+05:30,168.73,1.1799999999999784,CLOSED,1.0,UNIONBANK-EQ
BUY,2026-07-14T11:30:00+05:30,168.73,0.0031845742792811016,0.07257945837341079,11,-0.6691422726775603,1.1011940841314098,2026-07-15T14:52:00+05:30,172.22,3.490000000000009,CLOSED,1.0,UNIONBANK-EQ
SELL,2026-07-15T14:52:00+05:30,172.22,-0.013400895106761353,0.3143335100741792,14,1.5738362927488756,1.346823694470301,2026-07-17T13:44:00+05:30,168.06,-4.159999999999997,CLOSED,0.0,UNIONBANK-EQ
BUY,2026-07-17T13:44:00+05:30,168.06,0.002096845488011566,0.19900027917345076,13,0.3926464871641972,0.7118195663913885,2026-07-17T14:55:00+05:30,167.49,-0.5699999999999932,CLOSED,0.0,UNIONBANK-EQ
SELL,2026-07-17T14:55:00+05:30,167.49,-0.003241644351008062,0.10824355254086085,14,2.752943755865262,2.0910092139781367,2026-07-17T15:02:00+05:30,168.02,0.5300000000000011,CLOSED,1.0,UNIONBANK-EQ
BUY,2026-07-17T15:02:00+05:30,168.02,0.005046266739596391,0.20425746280395773,15,0.7127734760506997,1.9538652685617541,2026-07-21T12:19:00+05:30,176.52,8.5,CLOSED,1.0,UNIONBANK-EQ
SELL,2026-07-21T12:19:00+05:30,176.52,-0.003403232018875484,0.06582805886043698,12,-0.5775485949256608,0.2438505247182069,2026-07-24T12:24:00+05:30,167.67,-8.850000000000023,CLOSED,0.0,UNIONBANK-EQ
BUY,2026-07-24T12:24:00+05:30,167.67,0.0023357761588222,0.1957435964611795,12,-0.6276746769499191,0.8040038442935482,2026-07-27T12:00:00+05:30,170.32,2.6500000000000057,CLOSED,1.0,UNIONBANK-EQ
SELL,2026-07-27T12:00:00+05:30,170.32,-0.004356019075228368,0.10089047967419187,12,0.6998542981463611,0.7758571428571429,2026-07-27T12:19:00+05:30,171.06,0.7400000000000091,CLOSED,1.0,UNIONBANK-EQ
BUY,2026-07-27T12:19:00+05:30,171.06,0.008007131822722346,0.38793470240922107,12,-0.04531440226234776,1.1841473311140922,2026-07-27T12:43:00+05:30,170.44,-0.6200000000000045,CLOSED,0.0,UNIONBANK-EQ
SELL,2026-07-27T12:43:00+05:30,170.44,-0.0002159010992122044,0.2342837785440783,12,-0.9434108041139494,0.5847007908498416,2026-07-27T12:57:00+05:30,171.0,0.5600000000000023,CLOSED,1.0,UNIONBANK-EQ
BUY,2026-07-27T12:57:00+05:30,171.0,0.0012645201537254726,0.18199206331901283,12,34.829064601343674,2.06676568570849,2026-07-27T13:36:00+05:30,170.35,-0.6500000000000057,CLOSED,0.0,UNIONBANK-EQ
SELL,2026-07-27T13:36:00+05:30,170.35,-0.001189172441210189,0.19481044918358734,13,3.456155502648044,0.28487472062687524,2026-07-28T10:22:00+05:30,170.53,0.18000000000000682,CLOSED,1.0,UNIONBANK-EQ
BUY,2026-07-28T10:22:00+05:30,170.53,0.005810940953119365,0.19282692297037796,10,-0.6105123048434398,0.6982002897366368,2026-07-28T11:56:00+05:30,170.25,-0.28000000000000114,CLOSED,0.0,UNIONBANK-EQ
SELL,2026-07-28T11:56:00+05:30,170.25,-0.0013220606141097035,0.0820636609251883,11,-0.2600850433980246,1.5952476138124032,2026-07-28T12:30:00+05:30,170.42,0.1699999999999875,CLOSED,1.0,UNIONBANK-EQ
BUY,2026-07-28T12:30:00+05:30,170.42,0.0010863834575815768,0.2824594366158339,12,0.5165772864926553,2.3498420582730195,2026-07-28T12:46:00+05:30,170.09,-0.3299999999999841,CLOSED,0.0,UNIONBANK-EQ
SELL,2026-07-28T12:46:00+05:30,170.09,-0.0031420042572645607,0.07007932013875967,12,0.3709470988772006,1.718044966547378,2026-07-29T09:59:00+05:30,171.0,0.9099999999999966,CLOSED,1.0,UNIONBANK-EQ
BUY,2026-07-29T09:59:00+05:30,171.0,0.002806305577142252,0.6604846705261234,9,18.039897468512955,2.241312788394939,2026-07-30T09:17:00+05:30,170.7,-0.30000000000001137,CLOSED,0.0,UNIONBANK-EQ
SELL,2026-07-30T09:17:00+05:30,170.7,-0.004347419741081713,0.43797006493341273,9,-0.27256835205107377,1.1662893332480886,2026-07-30T13:11:00+05:30,169.69,-1.009999999999991,CLOSED,0.0,UNIONBANK-EQ
BUY,2026-07-30T13:11:00+05:30,169.69,0.006533931601146784,0.08000694414306536,13,0.4080593379377771,2.3322981366459627,2026-07-31T15:23:00+05:30,171.0,1.3100000000000023,CLOSED,1.0,UNIONBANK-EQ
SELL,2026-07-31T15:23:00+05:30,171.0,-0.005714671711176258,0.18341210428976623,15,0.2695895129410458,0.7693612064421237,2026-08-03T09:16:00+05:30,173.52,2.5200000000000102,CLOSED,1.0,UNIONBANK-EQ
BUY,2026-08-03T09:16:00+05:30,173.52,0.027254626949378132,0.610374202163451,9,1.2557095268100869,1.2616893277594914,2026-08-03T13:51:00+05:30,173.9,0.37999999999999545,CLOSED,1.0,UNIONBANK-EQ
SELL,2026-08-03T13:51:00+05:30,173.9,-0.0023552231293061015,0.03212821536006091,13,1.3750613108684229,1.8688044974759064,2026-08-04T09:51:00+05:30,174.46,0.5600000000000023,CLOSED,1.0,UNIONBANK-EQ
BUY,2026-08-04T09:51:00+05:30,174.46,0.003681142467410807,0.20907202374089054,9,-0.2572548254560696,1.560754189944134,2026-08-04T10:45:00+05:30,173.41,-1.0500000000000114,CLOSED,0.0,UNIONBANK-EQ
SELL,2026-08-04T10:45:00+05:30,173.41,-0.01063092373514279,0.1414567071580531,10,-0.49168368619537145,0.9893266465291728,2026-08-04T13:30:00+05:30,173.75,0.3400000000000034,CLOSED,1.0,UNIONBANK-EQ
BUY,2026-08-04T13:30:00+05:30,173.75,0.0006138098583511984,0.06321040701937475,13,-0.6470560292231518,1.6523384925975775,2026-08-04T15:05:00+05:30,173.38,-0.37000000000000455,CLOSED,0.0,UNIONBANK-EQ
SELL,2026-08-04T15:05:00+05:30,173.38,-0.008623258724337758,0.1561480778691231,15,2.1947314852305135,1.3598167970975383,2026-08-05T09:16:00+05:30,175.4,2.0200000000000102,CLOSED,1.0,UNIONBANK-EQ
BUY,2026-08-05T09:16:00+05:30,175.4,0.027158125829061606,0.6885088557487498,9,1.0219872915310915,1.9352508014228,2026-08-05T13:27:00+05:30,174.83,-0.5699999999999932,CLOSED,0.0,UNIONBANK-EQ
SELL,2026-08-05T13:27:00+05:30,174.83,-0.006467114310798839,0.2634050535244497,13,5.021219143070909,0.20980378376388456,2026-08-06T09:21:00+05:30,176.07,1.2399999999999807,CLOSED,1.0,UNIONBANK-EQ
BUY,2026-08-06T09:21:00+05:30,176.07,0.008320626895444714,0.5959353059593714,9,-0.33365729196481697,0.8141967508711104,,,,OPEN,,UNIONBANK-EQ
SELL,2026-06-25T14:52:00+05:30,31.49,-0.014592193958913278,0.022509257354845803,14,2.062499871093758,1.7959183673469388,2026-06-29T13:29:00+05:30,31.61,0.120000000000001,CLOSED,1.0,HDFCMOMENT-EQ
BUY,2026-06-29T13:29:00+05:30,31.61,0.011136314710123734,0.015491933384829796,13,4.318093169752879,2.162123619769384,2026-06-30T09:22:00+05:30,31.17,-0.4399999999999977,CLOSED,0.0,HDFCMOMENT-EQ
SELL,2026-06-30T09:22:00+05:30,31.17,-0.04701676998182903,0.2581644609331213,9,-0.9258536583484036,0.6729714912280702,2026-06-30T14:51:00+05:30,31.3,0.129999999999999,CLOSED,1.0,HDFCMOMENT-EQ
BUY,2026-06-30T14:51:00+05:30,31.3,0.0025224455908869916,0.02309401076758505,14,1.8744508378582851,0.8324902053644466,2026-06-30T15:08:00+05:30,31.22,-0.08000000000000185,CLOSED,0.0,HDFCMOMENT-EQ
SELL,2026-06-30T15:08:00+05:30,31.22,-0.002285901856320158,0.04366539438350114,15,-0.7957236253792863,0.7028546712802769,2026-07-01T09:15:00+05:30,31.34,0.120000000000001,CLOSED,1.0,HDFCMOMENT-EQ
BUY,2026-07-01T09:15:00+05:30,31.34,0.008581394934019998,0.08654478609367491,9,0.7005758090155871,1.642212189616253,2026-07-01T09:21:00+05:30,31.17,-0.16999999999999815,CLOSED,0.0,HDFCMOMENT-EQ
SELL,2026-07-01T09:21:00+05:30,31.17,-0.0037459249649227973,0.08633912464488168,9,0.9204368102930047,1.2632006498781478,2026-07-01T10:32:00+05:30,31.34,0.16999999999999815,CLOSED,1.0,HDFCMOMENT-EQ
BUY,2026-07-01T10:32:00+05:30,31.34,0.011292474194898606,0.019119507199600597,10,-0.9812249360521895,2.1844660194174756,2026-07-01T12:30:00+05:30,31.16,-0.17999999999999972,CLOSED,0.0,HDFCMOMENT-EQ
SELL,2026-07-01T12:30:00+05:30,31.16,-0.006256154604216696,0.0444722135470879,12,-0.9939392073292611,0.3807106598984772,2026-07-02T10:38:00+05:30,31.24,0.0799999999999983,CLOSED,1.0,HDFCMOMENT-EQ
BUY,2026-07-02T10:38:00+05:30,31.24,0.008524929877745358,0.017288403306519744,10,3.8910505458069014,1.6984884645982499,2026-07-02T12:50:00+05:30,31.09,-0.14999999999999858,CLOSED,0.0,HDFCMOMENT-EQ
SELL,2026-07-02T12:50:00+05:30,31.09,-0.005655708205143893,0.022632326929024445,12,151.38458627219492,0.9136799596163554,2026-07-06T09:55:00+05:30,30.96,-0.129999999999999,CLOSED,0.0,HDFCMOMENT-EQ
BUY,2026-07-06T09:55:00+05:30,30.96,0.005113351183962308,0.013374935098492257,9,4.780722833967195,0.0020842017507294707,2026-07-06T15:18:00+05:30,30.92,-0.03999999999999915,CLOSED,0.0,HDFCMOMENT-EQ
SELL,2026-07-06T15:18:00+05:30,30.92,-0.0004978675832323521,0.03489667287547147,15,2.3880341676236396,0.2989404641775984,2026-07-06T15:19:00+05:30,30.99,0.06999999999999673,CLOSED,1.0,HDFCMOMENT-EQ
BUY,2026-07-06T15:19:00+05:30,30.99,0.00236402112887371,0.03489667287547146,15,4.766455375995965,2.470406696541811,2026-07-06T15:27:00+05:30,30.88,-0.10999999999999943,CLOSED,0.0,HDFCMOMENT-EQ
SELL,2026-07-06T15:27:00+05:30,30.88,-0.009735009534634229,0.03204163957519287,15,4.844096859626395,0.006690840024173358,2026-07-08T10:12:00+05:30,30.68,-0.1999999999999993,CLOSED,0.0,HDFCMOMENT-EQ
BUY,2026-07-08T10:12:00+05:30,30.68,0.010570179669177034,0.04221637386396698,10,-0.6704208634545914,0.3192446043165468,2026-07-08T14:04:00+05:30,30.45,-0.23000000000000043,CLOSED,0.0,HDFCMOMENT-EQ
SELL,2026-07-08T14:04:00+05:30,30.45,-0.012896634674671113,0.09216531041799032,14,5.020408116693803,0.7588597842835131,2026-07-09T09:41:00+05:30,30.52,0.07000000000000028,CLOSED,1.0,HDFCMOMENT-EQ
BUY,2026-07-09T09:41:00+05:30,30.52,0.0038279313532269487,0.017763883459299214,9,-0.17257142758530605,1.3812154696132595,2026-07-13T09:23:00+05:30,30.74,0.21999999999999886,CLOSED,1.0,HDFCMOMENT-EQ
SELL,2026-07-13T09:23:00+05:30,30.74,-0.0027040959901565944,0.04701063709417258,9,0.6268577478055792,1.6835236541598695,2026-07-13T09:45:00+05:30,30.82,0.08000000000000185,CLOSED,1.0,HDFCMOMENT-EQ
BUY,2026-07-13T09:45:00+05:30,30.82,0.0007388563466967948,0.019692073983655717,9,1.0547368405191928,0.020857728337236533,2026-07-13T11:16:00+05:30,30.8,-0.019999999999999574,CLOSED,0.0,HDFCMOMENT-EQ
SELL,2026-07-13T11:16:00+05:30,30.8,-0.0001338809909719084,0.01813529401164635,11,0.8682926723378941,0.3426892950391645,2026-07-13T14:31:00+05:30,30.88,0.0799999999999983,CLOSED,1.0,HDFCMOMENT-EQ
BUY,2026-07-13T14:31:00+05:30,30.88,0.009476529785061995,0.03472111109333211,14,-0.7310450810309361,1.5119047619047619,2026-07-14T09:52:00+05:30,30.81,-0.07000000000000028,CLOSED,0.0,HDFCMOMENT-EQ
SELL,2026-07-14T09:52:00+05:30,30.81,-0.0003813115841434678,0.01699673171197489,9,-0.3228266387320116,0.2045795795795796,2026-07-14T10:18:00+05:30,30.85,0.0400000000000027,CLOSED,1.0,HDFCMOMENT-EQ
BUY,2026-07-14T10:18:00+05:30,30.85,0.0012503603396121683,0.021081851067789682,10,-0.4094903321199897,1.056547619047619,2026-07-15T12:57:00+05:30,30.81,-0.0400000000000027,CLOSED,0.0,HDFCMOMENT-EQ
SELL,2026-07-15T12:57:00+05:30,30.81,-0.018199940055968433,0.03308238873546503,12,-0.9722267247602997,2.4221789883268485,2026-07-16T10:46:00+05:30,31.08,0.2699999999999996,CLOSED,1.0,HDFCMOMENT-EQ
BUY,2026-07-16T10:46:00+05:30,31.08,0.008978267617637155,0.050343266128097065,10,0.08706467625595077,0.009534706331045004,2026-07-16T13:31:00+05:30,30.79,-0.28999999999999915,CLOSED,0.0,HDFCMOMENT-EQ
SELL,2026-07-16T13:31:00+05:30,30.79,-0.008451480309341744,0.02998147576235878,13,0.4166666449652789,0.4595588235294118,2026-07-20T09:39:00+05:30,30.62,-0.16999999999999815,CLOSED,0.0,HDFCMOMENT-EQ
BUY,2026-07-20T09:39:00+05:30,30.62,0.006417181397003377,0.03178049716414151,9,-0.655832847777618,0.2318718381112985,2026-07-22T12:34:00+05:30,30.79,0.16999999999999815,CLOSED,1.0,HDFCMOMENT-EQ
SELL,2026-07-22T12:34:00+05:30,30.79,-0.010403925938423013,0.03190262963734742,12,-0.4405894988630803,0.005488474204171241,2026-07-24T14:07:00+05:30,30.4,-0.39000000000000057,CLOSED,0.0,HDFCMOMENT-EQ
BUY,2026-07-24T14:07:00+05:30,30.4,0.0006048065755203692,0.025298221281346494,14,14.241969868929656,0.9026411913458837,2026-07-24T14:26:00+05:30,30.32,-0.0799999999999983,CLOSED,0.0,HDFCMOMENT-EQ
SELL,2026-07-24T14:26:00+05:30,30.32,-0.0057734855232441686,0.024129281427805252,14,-0.9636523701649777,2.3356401384083045,2026-07-24T15:26:00+05:30,30.43,0.10999999999999943,CLOSED,1.0,HDFCMOMENT-EQ
BUY,2026-07-24T15:26:00+05:30,30.43,0.0003061058020416546,0.014944341180973646,15,-0.453388289214821,2.2388556220891553,2026-07-28T09:29:00+05:30,30.43,0.0,CLOSED,0.0,HDFCMOMENT-EQ
SELL,2026-07-28T09:29:00+05:30,30.43,-0.020441963126876402,0.03713339317768938,9,-0.9215963262214406,0.13513513513513514,2026-07-29T09:49:00+05:30,30.44,0.010000000000001563,CLOSED,1.0,HDFCMOMENT-EQ
BUY,2026-07-29T09:49:00+05:30,30.44,0.0032236511663149892,0.049497474683058366,9,-0.3278688513392457,2.2383130081300813,2026-07-30T09:41:00+05:30,30.33,-0.11000000000000298,CLOSED,0.0,HDFCMOMENT-EQ
SELL,2026-07-30T09:41:00+05:30,30.33,-0.0019702522106202253,0.025298221281347275,9,-0.40979244169826384,0.4666366095581605,2026-07-30T12:37:00+05:30,30.41,0.08000000000000185,CLOSED,1.0,HDFCMOMENT-EQ
BUY,2026-07-30T12:37:00+05:30,30.41,0.002281504207661084,0.027100635498903587,12,15.457831092502541,0.11255490483162518,2026-07-30T13:09:00+05:30,30.3,-0.10999999999999943,CLOSED,0.0,HDFCMOMENT-EQ
SELL,2026-07-30T13:09:00+05:30,30.3,-0.00873169727935295,0.043512450325548145,13,4.766666587222224,0.9595375722543352,2026-07-30T15:25:00+05:30,30.45,0.14999999999999858,CLOSED,1.0,HDFCMOMENT-EQ
BUY,2026-07-30T15:25:00+05:30,30.45,0.0057738215945832266,0.05375872022286222,15,-0.46444985115421406,0.29025744573447754,2026-08-03T15:13:00+05:30,30.72,0.2699999999999996,CLOSED,1.0,HDFCMOMENT-EQ
SELL,2026-08-03T15:13:00+05:30,30.72,-0.031930763729148014,0.038873012632301786,15,1.2253122776039216,0.027271764456682904,2026-08-04T09:22:00+05:30,31.18,0.46000000000000085,CLOSED,1.0,HDFCMOMENT-EQ
BUY,2026-08-04T09:22:00+05:30,31.18,0.010322432516672976,0.1966271146668801,9,-0.34792342988136027,1.0858369098712446,2026-08-04T13:37:00+05:30,31.06,-0.120000000000001,CLOSED,0.0,HDFCMOMENT-EQ
SELL,2026-08-04T13:37:00+05:30,31.06,-0.005935668217582099,0.011737877907773161,13,-0.9756446973931864,0.8455882352941176,2026-08-04T14:31:00+05:30,31.13,0.07000000000000028,CLOSED,1.0,HDFCMOMENT-EQ
BUY,2026-08-04T14:31:00+05:30,31.13,0.0006676367160627942,0.04473378042498812,14,0.10452322706441554,0.2877697841726619,2026-08-04T15:09:00+05:30,31.06,-0.07000000000000028,CLOSED,0.0,HDFCMOMENT-EQ
SELL,2026-08-04T15:09:00+05:30,31.06,-0.004905354599556766,0.03164033993355735,15,-0.44484047620410305,0.6733479486376448,2026-08-05T09:15:00+05:30,31.22,0.16000000000000014,CLOSED,1.0,HDFCMOMENT-EQ
BUY,2026-08-05T09:15:00+05:30,31.22,0.002936204395868709,0.02766867462592971,9,-0.26425241974856145,1.3230994152046784,2026-08-05T12:19:00+05:30,31.15,-0.07000000000000028,CLOSED,0.0,HDFCMOMENT-EQ
SELL,2026-08-05T12:19:00+05:30,31.15,-0.0059340237436352914,0.026436506745197427,12,-0.8012769337564307,2.2991967871485945,2026-08-05T15:19:00+05:30,31.27,0.120000000000001,CLOSED,1.0,HDFCMOMENT-EQ
BUY,2026-08-05T15:19:00+05:30,31.27,0.009055713250361523,0.051434964329292246,15,-0.9733206286390375,0.6696428571428571,2026-08-06T09:15:00+05:30,31.09,-0.17999999999999972,CLOSED,0.0,HDFCMOMENT-EQ
SELL,2026-08-06T09:15:00+05:30,31.09,-0.003090650406000606,0.0859198593005261,9,-0.7841761427630195,0.9697309417040358,2026-08-06T09:26:00+05:30,31.21,0.120000000000001,CLOSED,1.0,HDFCMOMENT-EQ
BUY,2026-08-06T09:26:00+05:30,31.21,0.0033138195459130374,0.059962951524717506,9,-0.989566928159875,2.2641509433962264,2026-08-06T12:23:00+05:30,31.18,-0.030000000000001137,CLOSED,0.0,HDFCMOMENT-EQ
SELL,2026-08-06T12:23:00+05:30,31.18,-0.0030886767065995426,0.02213594362117862,12,8.774691341098205,2.4965464161667192,2026-08-07T09:22:00+05:30,31.26,0.08000000000000185,CLOSED,1.0,HDFCMOMENT-EQ
BUY,2026-08-07T09:22:00+05:30,31.26,0.005112462167753306,0.06972963661329556,9,-0.9917464989007025,0.08928571428571429,,,,OPEN,,HDFCMOMENT-EQ
SELL,2026-06-24T14:56:00+05:30,88.42,-0.0029640042276653142,0.045958918853931344,14,-0.09721259031692736,1.2609185860663354,2026-06-24T15:07:00+05:30,88.64,0.21999999999999886,CLOSED,1.0,MAHABANK-EQ
BUY,2026-06-24T15:07:00+05:30,88.64,0.0022022567514690906,0.10543033508225136,15,-0.5278037963693957,0.8108452756861793,2026-06-24T15:21:00+05:30,88.45,-0.18999999999999773,CLOSED,0.0,MAHABANK-EQ
SELL,2026-06-24T15:21:00+05:30,88.45,-0.00046254227627644625,0.028674417556806907,15,0.0104665739355162,1.1491481497217146,2026-06-25T09:15:00+05:30,89.09,0.6400000000000006,CLOSED,1.0,MAHABANK-EQ
BUY,2026-06-25T09:15:00+05:30,89.09,0.009898422709932964,0.06254775952999687,9,0.15420048782130039,0.6653640690931011,2026-06-25T09:31:00+05:30,88.35,-0.7400000000000091,CLOSED,0.0,MAHABANK-EQ
SELL,2026-06-25T09:31:00+05:30,88.35,-0.00025921068043834755,0.15522385269166564,9,-0.27553973375677504,1.7592440592145102,2026-06-25T10:12:00+05:30,89.06,0.710000000000008,CLOSED,1.0,MAHABANK-EQ
BUY,2026-06-25T10:12:00+05:30,89.06,0.012115793022716327,0.3552479572229959,10,0.3452553475098317,0.2332270435644418,2026-06-25T11:31:00+05:30,88.35,-0.710000000000008,CLOSED,0.0,MAHABANK-EQ
SELL,2026-06-25T11:31:00+05:30,88.35,-0.014215449138745243,0.15909815279324452,11,-0.7316470536704874,0.8374739985784803,2026-06-25T12:12:00+05:30,89.07,0.7199999999999989,CLOSED,1.0,MAHABANK-EQ
BUY,2026-06-25T12:12:00+05:30,89.07,0.010769827773774545,0.08488554385498062,12,3.3439939273123485,0.32118242140927483,2026-06-25T14:58:00+05:30,88.8,-0.269999999999996,CLOSED,0.0,MAHABANK-EQ
SELL,2026-06-25T14:58:00+05:30,88.8,-0.000980184281998139,0.0817856276425684,14,-0.654554662643939,1.3311195110749992,2026-06-29T09:38:00+05:30,89.34,0.5400000000000063,CLOSED,1.0,MAHABANK-EQ
BUY,2026-06-29T09:38:00+05:30,89.34,0.011134890910676187,0.3004903400185194,9,-0.26559458362074334,1.018308249333579,2026-06-29T12:25:00+05:30,89.57,0.22999999999998977,CLOSED,1.0,MAHABANK-EQ
SELL,2026-06-29T12:25:00+05:30,89.57,-0.006295200288601029,0.05043147165543771,12,-0.19469460924079784,1.1137273088644495,2026-06-29T13:29:00+05:30,90.0,0.4300000000000068,CLOSED,1.0,MAHABANK-EQ
BUY,2026-06-29T13:29:00+05:30,90.0,0.0038124264702175514,0.25324779257565894,13,0.7212997879286138,0.9181633120659876,2026-06-30T10:24:00+05:30,90.99,0.9899999999999949,CLOSED,1.0,MAHABANK-EQ
SELL,2026-06-30T10:24:00+05:30,90.99,-0.009210574990439212,0.103580349916811,10,0.9740489739787469,0.5507601765571358,2026-06-30T11:15:00+05:30,92.04,1.0500000000000114,CLOSED,1.0,MAHABANK-EQ
BUY,2026-06-30T11:15:00+05:30,92.04,0.007270896573377997,0.3084297146659012,11,-0.14504731157723794,0.5667088510507746,2026-06-30T12:21:00+05:30,91.24,-0.8000000000000114,CLOSED,0.0,MAHABANK-EQ
SELL,2026-06-30T12:21:00+05:30,91.24,-0.0027217907490330443,0.06629898608241108,12,0.37743316974582447,0.7255030819434373,2026-06-30T13:02:00+05:30,91.86,0.6200000000000045,CLOSED,1.0,MAHABANK-EQ
BUY,2026-06-30T13:02:00+05:30,91.86,0.004141815979797662,0.16535819705515875,13,3.2592050319705,2.2130377028586947,2026-06-30T15:16:00+05:30,91.46,-0.4000000000000057,CLOSED,0.0,MAHABANK-EQ
SELL,2026-06-30T15:16:00+05:30,91.46,-0.008619436152365628,0.05792715732327827,15,-0.7386527445341302,1.0424111376654908,2026-07-01T10:57:00+05:30,92.0,0.5400000000000063,CLOSED,1.0,MAHABANK-EQ
BUY,2026-07-01T10:57:00+05:30,92.0,0.0027155576446782465,0.06254775952999687,10,0.16520684543514172,1.4597548282641377,2026-07-01T12:56:00+05:30,91.35,-0.6500000000000057,CLOSED,0.0,MAHABANK-EQ
SELL,2026-07-01T12:56:00+05:30,91.35,-0.013755051486668118,0.10019980039900274,12,-0.047086472944497755,1.8115636324300937,2026-07-02T10:02:00+05:30,91.57,0.21999999999999886,CLOSED,1.0,MAHABANK-EQ
BUY,2026-07-02T10:02:00+05:30,91.57,0.0059595018951487146,0.14576998624164428,10,0.2764032034139762,1.2528129692924017,2026-07-02T10:14:00+05:30,91.33,-0.23999999999999488,CLOSED,0.0,MAHABANK-EQ
SELL,2026-07-02T10:14:00+05:30,91.33,-8.042356948511889e-05,0.0956207787739346,10,-0.43629638862833825,0.9003346996549793,2026-07-02T10:18:00+05:30,91.58,0.25,CLOSED,1.0,MAHABANK-EQ
BUY,2026-07-02T10:18:00+05:30,91.58,0.003836393548027941,0.08822320178577492,10,0.26784952889981084,1.0677594679916251,2026-07-02T11:18:00+05:30,91.18,-0.3999999999999915,CLOSED,0.0,MAHABANK-EQ
SELL,2026-07-02T11:18:00+05:30,91.18,-0.0013069976740227288,0.06657493689236395,11,-0.09366112127805744,1.2419937239393029,2026-07-09T10:09:00+05:30,81.82,-9.360000000000014,CLOSED,0.0,MAHABANK-EQ
BUY,2026-07-09T10:09:00+05:30,81.82,0.00020686663084801087,0.10637460014287176,10,-0.2888182824572052,0.5491817802133826,2026-07-09T10:23:00+05:30,81.54,-0.2799999999999869,CLOSED,0.0,MAHABANK-EQ
SELL,2026-07-09T10:23:00+05:30,81.54,-0.0038282894295465974,0.09753062197188293,10,1.4924814750437494,0.6802819902000659,2026-07-09T13:20:00+05:30,81.55,0.009999999999990905,CLOSED,1.0,MAHABANK-EQ
BUY,2026-07-09T13:20:00+05:30,81.55,0.0032188836660577568,0.040620192023179014,13,0.2886097877556724,0.7033508099751293,2026-07-10T14:32:00+05:30,82.41,0.8599999999999994,CLOSED,1.0,MAHABANK-EQ
SELL,2026-07-10T14:32:00+05:30,82.41,-0.054755841214235816,0.5172534302555298,14,0.21939665056338603,1.2513858656065802,2026-07-15T09:25:00+05:30,80.85,-1.5600000000000023,CLOSED,0.0,MAHABANK-EQ
BUY,2026-07-15T09:25:00+05:30,80.85,0.03871180707271449,0.40979127478374894,9,0.11203306809998814,0.7074105238415548,2026-07-15T12:07:00+05:30,80.7,-0.14999999999999147,CLOSED,0.0,MAHABANK-EQ
SELL,2026-07-15T12:07:00+05:30,80.7,-0.00071375840855786,0.030930028559099754,12,-0.48747988732841574,1.2515124758821412,2026-07-16T15:27:00+05:30,79.51,-1.1899999999999977,CLOSED,0.0,MAHABANK-EQ
BUY,2026-07-16T15:27:00+05:30,79.51,0.002260931426289047,0.006749485577103368,15,-0.6233562567556499,1.0762077277792543,2026-07-17T11:28:00+05:30,79.62,0.10999999999999943,CLOSED,1.0,MAHABANK-EQ
SELL,2026-07-17T11:28:00+05:30,79.62,-3.840653247508368e-05,0.03339993346633566,11,-0.6529398386497437,1.4025404506275518,2026-07-17T13:05:00+05:30,79.67,0.04999999999999716,CLOSED,1.0,MAHABANK-EQ
BUY,2026-07-17T13:05:00+05:30,79.67,0.0014984864394277536,0.042478752858861546,13,0.5303999520145872,0.6382085237704598,2026-07-20T11:43:00+05:30,79.9,0.23000000000000398,CLOSED,1.0,MAHABANK-EQ
SELL,2026-07-20T11:43:00+05:30,79.9,-0.0022118000778462085,0.027568097504179313,11,-0.36510582298688965,1.7528844825203813,2026-07-20T14:10:00+05:30,80.09,0.18999999999999773,CLOSED,1.0,MAHABANK-EQ
BUY,2026-07-20T14:10:00+05:30,80.09,0.005745106287336904,0.02584139659108558,14,1.1619526165022303,2.0219945461163453,2026-07-22T09:24:00+05:30,80.89,0.7999999999999972,CLOSED,1.0,MAHABANK-EQ
SELL,2026-07-22T09:24:00+05:30,80.89,-0.018266630856918365,0.28480792748018047,9,-0.3407164721305327,0.8059776263938774,2026-07-23T10:06:00+05:30,79.72,-1.1700000000000017,CLOSED,0.0,MAHABANK-EQ
BUY,2026-07-23T10:06:00+05:30,79.72,0.008045109431786091,0.19909796583592057,10,1.6964723384372777,1.715350281526752,2026-07-23T10:45:00+05:30,79.34,-0.37999999999999545,CLOSED,0.0,MAHABANK-EQ
SELL,2026-07-23T10:45:00+05:30,79.34,-0.00600153646935396,0.028460498941517327,10,-0.17694444647405042,1.3383116478310044,2026-07-24T09:21:00+05:30,79.06,-0.28000000000000114,CLOSED,0.0,MAHABANK-EQ
BUY,2026-07-24T09:21:00+05:30,79.06,0.007757835053362599,0.26949335180421,9,0.5051850715405616,0.9092694971453559,2026-07-27T10:40:00+05:30,80.66,1.5999999999999943,CLOSED,1.0,MAHABANK-EQ
SELL,2026-07-27T10:40:00+05:30,80.66,-0.009577943011476095,0.06447221623821384,10,0.04867266913699606,1.35472035199622,2026-07-27T13:00:00+05:30,80.83,0.1700000000000017,CLOSED,1.0,MAHABANK-EQ
BUY,2026-07-27T13:00:00+05:30,80.83,0.00023068701152535742,0.04376706016578666,13,0.29015131402626054,0.7863213455000895,2026-07-27T13:36:00+05:30,80.6,-0.23000000000000398,CLOSED,0.0,MAHABANK-EQ
SELL,2026-07-27T13:36:00+05:30,80.6,-0.002093751639387941,0.039846929339383164,13,0.3790187000246346,1.4695125382148284,2026-07-27T15:23:00+05:30,80.75,0.15000000000000568,CLOSED,1.0,MAHABANK-EQ
BUY,2026-07-27T15:23:00+05:30,80.75,0.004045979936715533,0.056223759311444015,15,0.24152225337179797,0.6587982310096819,2026-07-28T09:23:00+05:30,80.38,-0.37000000000000455,CLOSED,0.0,MAHABANK-EQ
SELL,2026-07-28T09:23:00+05:30,80.38,-0.005338541385359068,0.13251834254589404,9,-0.5430907504889612,1.1135605546736782,2026-07-28T10:46:00+05:30,80.68,0.30000000000001137,CLOSED,1.0,MAHABANK-EQ
BUY,2026-07-28T10:46:00+05:30,80.68,0.0014703610919023313,0.04184627953726578,10,-0.5517982622020089,1.952986458165404,2026-07-28T12:39:00+05:30,80.55,-0.13000000000000966,CLOSED,0.0,MAHABANK-EQ
SELL,2026-07-28T12:39:00+05:30,80.55,-0.00175221640067149,0.03267686915507262,12,0.38476613522838854,1.0944428719690535,2026-07-29T09:44:00+05:30,80.7,0.15000000000000568,CLOSED,1.0,MAHABANK-EQ
BUY,2026-07-29T09:44:00+05:30,80.7,0.005977699715682079,0.07030884249746308,9,0.41952557446853045,0.6379573250336825,2026-07-29T11:42:00+05:30,80.48,-0.21999999999999886,CLOSED,0.0,MAHABANK-EQ
SELL,2026-07-29T11:42:00+05:30,80.48,-0.002784635128542587,0.06276056794587391,11,-0.16693973404735535,0.8483992110652722,2026-07-29T13:41:00+05:30,80.6,0.11999999999999034,CLOSED,1.0,MAHABANK-EQ
BUY,2026-07-29T13:41:00+05:30,80.6,0.0018563759246175058,0.018287822299124897,13,-0.6231954252372355,1.7474188331882077,2026-07-29T13:44:00+05:30,80.51,-0.0899999999999892,CLOSED,0.0,MAHABANK-EQ
SELL,2026-07-29T13:44:00+05:30,80.51,-0.00010219917157964599,0.020655911179771076,13,0.19325309989182113,0.8017512760169931,2026-07-29T13:53:00+05:30,80.59,0.0799999999999983,CLOSED,1.0,MAHABANK-EQ
BUY,2026-07-29T13:53:00+05:30,80.59,0.001856227419292708,0.024517567397908852,13,1.1592014183515815,1.7385746456484303,2026-07-30T09:24:00+05:30,80.2,-0.39000000000000057,CLOSED,0.0,MAHABANK-EQ
SELL,2026-07-30T09:24:00+05:30,80.2,-0.002132176227062475,0.16072405614039867,9,-0.5383804838085291,0.6312460252566549,2026-07-30T13:00:00+05:30,79.86,-0.3400000000000034,CLOSED,0.0,MAHABANK-EQ
BUY,2026-07-30T13:00:00+05:30,79.86,0.0005325087419690582,0.020789954839349097,13,-0.5588421232490595,1.2321925314001518,2026-07-30T14:25:00+05:30,79.6,-0.2600000000000051,CLOSED,0.0,MAHABANK-EQ
SELL,2026-07-30T14:25:00+05:30,79.6,-0.013521493751711319,0.0063245553203355,14,1.382735605818576,0.7779910116741865,2026-07-31T13:09:00+05:30,79.55,-0.04999999999999716,CLOSED,0.0,MAHABANK-EQ
BUY,2026-07-31T13:09:00+05:30,79.55,0.008102939230156987,0.05996295152471724,13,0.9797540144937059,1.1071577281812126,2026-07-31T13:46:00+05:30,79.3,-0.25,CLOSED,0.0,MAHABANK-EQ
SELL,2026-07-31T13:46:00+05:30,79.3,-0.0037847170700749428,0.051001089312985894,13,-0.04874091554823534,1.0588782543732291,2026-08-03T09:15:00+05:30,80.31,1.0100000000000051,CLOSED,1.0,MAHABANK-EQ
BUY,2026-08-03T09:15:00+05:30,80.31,0.001470933329009032,0.029458068127048414,9,0.09633930807814818,0.7597430209791097,2026-08-03T13:15:00+05:30,79.7,-0.6099999999999994,CLOSED,0.0,MAHABANK-EQ
SELL,2026-08-03T13:15:00+05:30,79.7,-0.009144816428036615,0.05250396810400655,13,0.8719149064804953,1.72162116907388,2026-08-05T09:18:00+05:30,79.48,-0.21999999999999886,CLOSED,0.0,MAHABANK-EQ
BUY,2026-08-05T09:18:00+05:30,79.48,0.038986290062644556,0.43953131603763673,9,0.5973953832675782,1.0179958270545961,2026-08-05T11:30:00+05:30,78.68,-0.7999999999999972,CLOSED,0.0,MAHABANK-EQ
SELL,2026-08-05T11:30:00+05:30,78.68,-0.004659425569722803,0.12130768959779789,11,0.04475438083089897,2.10795037279528,2026-08-05T14:50:00+05:30,78.89,0.20999999999999375,CLOSED,1.0,MAHABANK-EQ
BUY,2026-08-05T14:50:00+05:30,78.89,0.0007131202701379793,0.01932183566158665,14,-0.1992501531959291,1.1374482261840448,2026-08-06T09:43:00+05:30,78.68,-0.20999999999999375,CLOSED,0.0,MAHABANK-EQ
SELL,2026-08-06T09:43:00+05:30,78.68,-0.00017650156775598957,0.07627435858647111,9,-0.7933315624715005,0.9218857796301022,2026-08-06T14:53:00+05:30,78.25,-0.4300000000000068,CLOSED,0.0,MAHABANK-EQ
BUY,2026-08-06T14:53:00+05:30,78.25,0.00021898618704882094,0.035339622081860915,14,1.1060563745964476,1.9176478657491027,2026-08-06T15:06:00+05:30,78.12,-0.12999999999999545,CLOSED,0.0,MAHABANK-EQ
SELL,2026-08-06T15:06:00+05:30,78.12,-0.00022428109699009827,0.055986109388351066,15,-0.18543773170409614,0.8532423998296154,2026-08-07T12:24:00+05:30,77.78,-0.3400000000000034,CLOSED,0.0,MAHABANK-EQ
BUY,2026-08-07T12:24:00+05:30,77.78,0.0058688158931134,0.027080128015453644,12,-0.2842886426227098,1.7640376850605652,,,,OPEN,,MAHABANK-EQ
SELL,2026-06-24T15:21:00+05:30,32.5,-0.0020582577715299723,0.011005049346146224,15,0.23606948788753207,1.5036834007180302,2026-06-25T09:16:00+05:30,32.57,0.07000000000000028,CLOSED,1.0,CENTRALBK-EQ
BUY,2026-06-25T09:16:00+05:30,32.57,0.004422746106989279,0.06257440016137193,9,0.6339956233950241,1.485220934568061,2026-06-25T10:37:00+05:30,32.54,-0.030000000000001137,CLOSED,0.0,CENTRALBK-EQ
SELL,2026-06-25T10:37:00+05:30,32.54,-0.0001348749792347681,0.02633122354417591,10,5.151889937661689,0.4542870481224634,2026-06-25T10:38:00+05:30,32.58,0.03999999999999915,CLOSED,1.0,CENTRALBK-EQ
BUY,2026-06-25T10:38:00+05:30,32.58,0.002004515889156213,0.024944382578493678,10,4.060654428559326,0.5031146506860117,2026-06-25T10:43:00+05:30,32.53,-0.04999999999999716,CLOSED,0.0,CENTRALBK-EQ
SELL,2026-06-25T10:43:00+05:30,32.53,-0.002663211197426937,0.02766867462593034,10,0.08289701939430301,0.8730057597227178,2026-06-25T11:06:00+05:30,32.6,0.07000000000000028,CLOSED,1.0,CENTRALBK-EQ
BUY,2026-06-25T11:06:00+05:30,32.6,0.0023119722274764737,0.017159383568311704,11,0.9158203564638255,0.5072577584063036,2026-06-25T11:17:00+05:30,32.47,-0.13000000000000256,CLOSED,0.0,CENTRALBK-EQ
SELL,2026-06-25T11:17:00+05:30,32.47,-0.008332764411861449,0.01505545305418366,11,-0.23785042194216618,1.198241483178482,2026-06-25T12:16:00+05:30,32.56,0.09000000000000341,CLOSED,1.0,CENTRALBK-EQ
BUY,2026-06-25T12:16:00+05:30,32.56,0.0005849238727518644,0.014757295747454208,12,0.5848348547381317,0.40837489714007424,2026-06-25T12:18:00+05:30,32.5,-0.060000000000002274,CLOSED,0.0,CENTRALBK-EQ
SELL,2026-06-25T12:18:00+05:30,32.5,-0.006783350146313096,0.01595131481867559,12,-0.6603569885806566,0.6448400084763721,2026-06-29T09:54:00+05:30,32.55,0.04999999999999716,CLOSED,1.0,CENTRALBK-EQ
BUY,2026-06-29T09:54:00+05:30,32.55,0.008409908471356083,0.03267686915507405,9,-0.4959259989147763,0.4068212101101456,2026-06-29T11:05:00+05:30,32.36,-0.18999999999999773,CLOSED,0.0,CENTRALBK-EQ
SELL,2026-06-29T11:05:00+05:30,32.36,-0.006396982292704532,0.013498971154209892,11,-0.17453505005171388,0.47921652774339085,2026-06-29T13:49:00+05:30,32.97,0.6099999999999994,CLOSED,1.0,CENTRALBK-EQ
BUY,2026-06-29T13:49:00+05:30,32.97,0.09296081418656908,0.7670354185650978,13,659.7606908977358,1.5699786534041995,2026-06-30T09:56:00+05:30,32.61,-0.35999999999999943,CLOSED,0.0,CENTRALBK-EQ
SELL,2026-06-30T09:56:00+05:30,32.61,-0.0009094965814256009,0.035213633723318365,9,1.0711371069415871,1.2601916676526113,2026-06-30T10:00:00+05:30,32.68,0.07000000000000028,CLOSED,1.0,CENTRALBK-EQ
BUY,2026-06-30T10:00:00+05:30,32.68,0.002504598533942102,0.03405877273185326,10,-0.21531467843446572,0.9100550093074317,2026-06-30T10:20:00+05:30,32.56,-0.11999999999999744,CLOSED,0.0,CENTRALBK-EQ
SELL,2026-06-30T10:20:00+05:30,32.56,-0.007426402177523529,0.033665016461206794,10,-0.6737151288257501,0.9535826286610293,2026-06-30T11:16:00+05:30,32.66,0.09999999999999432,CLOSED,1.0,CENTRALBK-EQ
BUY,2026-06-30T11:16:00+05:30,32.66,0.0021632564000709175,0.0505964425626928,11,-0.5277093687768581,1.1536121733084725,2026-06-30T11:53:00+05:30,32.61,-0.04999999999999716,CLOSED,0.0,CENTRALBK-EQ
SELL,2026-06-30T11:53:00+05:30,32.61,-0.0010158139100425443,0.02716206504995092,11,-0.40249463262580065,0.08764328982304402,2026-06-30T14:28:00+05:30,32.65,0.03999999999999915,CLOSED,1.0,CENTRALBK-EQ
BUY,2026-06-30T14:28:00+05:30,32.65,0.003922004312778491,0.04756282395129928,14,-0.15910626386865903,0.6014347202295552,2026-06-30T15:12:00+05:30,32.54,-0.10999999999999943,CLOSED,0.0,CENTRALBK-EQ
SELL,2026-06-30T15:12:00+05:30,32.54,-0.0026436714261484978,0.025733678754158596,15,-0.3149631556445243,1.161722257857601,2026-07-01T09:26:00+05:30,32.64,0.10000000000000142,CLOSED,1.0,CENTRALBK-EQ
BUY,2026-07-01T09:26:00+05:30,32.64,0.0030932241043739894,0.038930136855083584,9,-0.6008815145145194,0.5117405397256144,2026-07-01T13:33:00+05:30,32.7,0.060000000000002274,CLOSED,1.0,CENTRALBK-EQ
SELL,2026-07-01T13:33:00+05:30,32.7,-0.0020522542908403734,0.0359010987142297,13,5.443955194004644,0.9759251711281872,2026-07-02T09:37:00+05:30,32.89,0.18999999999999773,CLOSED,1.0,CENTRALBK-EQ
BUY,2026-07-02T09:37:00+05:30,32.89,0.007881021283014943,0.027908580918579465,9,-0.5739963433014705,0.4383425013600919,2026-07-02T11:36:00+05:30,32.69,-0.20000000000000284,CLOSED,0.0,CENTRALBK-EQ
SELL,2026-07-02T11:36:00+05:30,32.69,-0.006492298984104411,0.03259175083088066,11,5.278340382583784,1.2764918465684807,2026-07-03T09:22:00+05:30,32.8,0.10999999999999943,CLOSED,1.0,CENTRALBK-EQ
BUY,2026-07-03T09:22:00+05:30,32.8,0.009309448095054611,0.15041054927541897,9,-0.5400066529357609,1.0594847655785342,2026-07-03T12:55:00+05:30,32.75,-0.04999999999999716,CLOSED,0.0,CENTRALBK-EQ
SELL,2026-07-03T12:55:00+05:30,32.75,-0.0017817072162704848,0.015634719199409838,12,2.1363880554532404,0.2891553366877208,2026-07-03T14:35:00+05:30,32.89,0.14000000000000057,CLOSED,1.0,CENTRALBK-EQ
BUY,2026-07-03T14:35:00+05:30,32.89,0.012375353514171154,0.03747591819348052,14,4.946945182304337,1.6972395513462843,2026-07-06T10:57:00+05:30,32.73,-0.1600000000000037,CLOSED,0.0,CENTRALBK-EQ
SELL,2026-07-06T10:57:00+05:30,32.73,-0.0007150388047264082,0.020000000000000757,10,7.168588016748506,1.8252738847598005,2026-07-08T10:43:00+05:30,32.32,-0.4099999999999966,CLOSED,0.0,CENTRALBK-EQ
BUY,2026-07-08T10:43:00+05:30,32.32,0.0025921432978339497,0.03771236166328236,10,-0.3747294137817815,0.7149472044313657,2026-07-08T12:32:00+05:30,32.22,-0.10000000000000142,CLOSED,0.0,CENTRALBK-EQ
SELL,2026-07-08T12:32:00+05:30,32.22,-0.0040945731037275316,0.028362729848244346,12,1.6320181309652797,1.6863347554372643,2026-07-09T10:11:00+05:30,31.78,-0.4399999999999977,CLOSED,0.0,CENTRALBK-EQ
BUY,2026-07-09T10:11:00+05:30,31.78,0.0035186154403283355,0.020575065816013788,10,-0.4280738884955679,1.0361626381862468,2026-07-09T10:27:00+05:30,31.63,-0.15000000000000213,CLOSED,0.0,CENTRALBK-EQ
SELL,2026-07-09T10:27:00+05:30,31.63,-0.003331564797717231,0.02065591117977379,10,0.6754226785125006,0.13353762432471702,2026-07-09T12:16:00+05:30,31.67,0.0400000000000027,CLOSED,1.0,CENTRALBK-EQ
BUY,2026-07-09T12:16:00+05:30,31.67,0.00019191592766472663,0.01567021236472452,12,0.05403914356311053,0.987363541199342,2026-07-09T12:21:00+05:30,31.64,-0.030000000000001137,CLOSED,0.0,CENTRALBK-EQ
SELL,2026-07-09T12:21:00+05:30,31.64,-0.0006532632659718839,0.016193277068655698,12,-0.7552215741045784,1.1633234904795846,2026-07-09T12:38:00+05:30,31.66,0.019999999999999574,CLOSED,1.0,CENTRALBK-EQ
BUY,2026-07-09T12:38:00+05:30,31.66,0.0005580221952529662,0.018737959096739903,12,-0.6782923985973267,0.7253790419965115,2026-07-09T12:40:00+05:30,31.63,-0.030000000000001137,CLOSED,0.0,CENTRALBK-EQ
SELL,2026-07-09T12:40:00+05:30,31.63,-0.0008766761875276581,0.017763883459298725,12,-0.9054005334824607,0.3110708841463415,2026-07-09T12:41:00+05:30,31.66,0.030000000000001137,CLOSED,1.0,CENTRALBK-EQ
BUY,2026-07-09T12:41:00+05:30,31.66,0.0005012857275446683,0.01900292375165226,12,-0.5227753850169014,2.0508604206500958,2026-07-09T12:42:00+05:30,31.64,-0.019999999999999574,CLOSED,0.0,CENTRALBK-EQ
SELL,2026-07-09T12:42:00+05:30,31.64,-0.0008337414160947768,0.01449137674618977,12,-0.575334050020023,2.411392405063291,2026-07-09T12:43:00+05:30,31.66,0.019999999999999574,CLOSED,1.0,CENTRALBK-EQ
BUY,2026-07-09T12:43:00+05:30,31.66,0.0005418722105551175,0.013540064007726824,12,0.728297329689958,0.38205496467665556,2026-07-09T12:44:00+05:30,31.63,-0.030000000000001137,CLOSED,0.0,CENTRALBK-EQ
SELL,2026-07-09T12:44:00+05:30,31.63,-0.002111877160296315,0.010593499054714116,12,3.1542768249189135,0.227332285115304,2026-07-09T12:46:00+05:30,31.66,0.030000000000001137,CLOSED,1.0,CENTRALBK-EQ
BUY,2026-07-09T12:46:00+05:30,31.66,0.0007049943605606079,0.012866839377079574,12,-0.7599999998546845,0.40471637985978326,2026-07-09T12:47:00+05:30,31.64,-0.019999999999999574,CLOSED,0.0,CENTRALBK-EQ
SELL,2026-07-09T12:47:00+05:30,31.64,-0.0006408467421228464,0.013165611772088045,12,-0.7807916413942552,1.2461044912923922,2026-07-09T12:48:00+05:30,31.66,0.019999999999999574,CLOSED,1.0,CENTRALBK-EQ
BUY,2026-07-09T12:48:00+05:30,31.66,0.0007244974769340131,0.013333333333333641,12,-0.7618197343448063,1.5470176010430248,2026-07-09T12:50:00+05:30,31.62,-0.03999999999999915,CLOSED,0.0,CENTRALBK-EQ
SELL,2026-07-09T12:50:00+05:30,31.62,-0.0020448373107258017,0.013333333333333641,12,-0.8287894085738453,0.039318479685452164,2026-07-09T12:52:00+05:30,31.66,0.03999999999999915,CLOSED,1.0,CENTRALBK-EQ
BUY,2026-07-09T12:52:00+05:30,31.66,0.0007643916484251566,0.015238839267549868,12,1.2313473865890492,2.118181071311206,2026-07-09T12:53:00+05:30,31.64,-0.019999999999999574,CLOSED,0.0,CENTRALBK-EQ
SELL,2026-07-09T12:53:00+05:30,31.64,-0.0005849789018351604,0.015238839267549894,12,0.953389829731592,0.6847572167528784,2026-07-09T12:56:00+05:30,31.66,0.019999999999999574,CLOSED,1.0,CENTRALBK-EQ
BUY,2026-07-09T12:56:00+05:30,31.66,0.0008609244564604749,0.01333333333333305,12,-0.50639999979744,0.4720421393841167,2026-07-09T14:50:00+05:30,31.63,-0.030000000000001137,CLOSED,0.0,CENTRALBK-EQ
SELL,2026-07-09T14:50:00+05:30,31.63,-0.0006658658811038346,0.03675746333890774,14,1.7141412212104827,1.5418960631692928,2026-07-09T14:56:00+05:30,31.69,0.060000000000002274,CLOSED,1.0,CENTRALBK-EQ
BUY,2026-07-09T14:56:00+05:30,31.69,0.0006566554361375635,0.037549966711037525,14,-0.638029888003703,1.7887808511889591,2026-07-09T15:01:00+05:30,31.65,-0.0400000000000027,CLOSED,0.0,CENTRALBK-EQ
SELL,2026-07-09T15:01:00+05:30,31.65,-0.002422344323308986,0.013703203194062902,15,-0.6899492265697644,1.3894157814871018,2026-07-10T09:15:00+05:30,31.99,0.33999999999999986,CLOSED,1.0,CENTRALBK-EQ
BUY,2026-07-10T09:15:00+05:30,31.99,0.024788188829110533,0.020110804171997537,9,0.5610816816950811,1.453155873004185,2026-07-13T11:53:00+05:30,32.5,0.5100000000000016,CLOSED,1.0,CENTRALBK-EQ
SELL,2026-07-13T11:53:00+05:30,32.5,-0.0026119852639144912,0.02233582075700206,11,1.27121233632902,1.6493797030709783,2026-07-13T12:55:00+05:30,32.6,0.10000000000000142,CLOSED,1.0,CENTRALBK-EQ
BUY,2026-07-13T12:55:00+05:30,32.6,0.005499434286072557,0.017288403306519495,12,1.6082396998269528,2.0233277635632607,2026-07-14T10:09:00+05:30,32.59,-0.00999999999999801,CLOSED,0.0,CENTRALBK-EQ
SELL,2026-07-14T10:09:00+05:30,32.59,-0.01075700308692701,0.015491933384830153,10,-0.6155362769960894,0.32398458369221367,2026-07-15T09:24:00+05:30,32.53,-0.060000000000002274,CLOSED,0.0,CENTRALBK-EQ
BUY,2026-07-15T09:24:00+05:30,32.53,0.0014340251779470555,0.08192815280611601,9,-0.0118254942556054,0.885501264564745,2026-07-15T14:34:00+05:30,32.65,0.11999999999999744,CLOSED,1.0,CENTRALBK-EQ
SELL,2026-07-15T14:34:00+05:30,32.65,-0.003463895235269694,0.020682789409985226,14,-0.5209112476032141,2.287652719212888,2026-07-15T14:44:00+05:30,32.7,0.05000000000000426,CLOSED,1.0,CENTRALBK-EQ
BUY,2026-07-15T14:44:00+05:30,32.7,0.0013747886829078924,0.02633122354417549,14,-0.8591459587657173,0.5231746242851443,2026-07-16T12:58:00+05:30,32.81,0.10999999999999943,CLOSED,1.0,CENTRALBK-EQ
SELL,2026-07-16T12:58:00+05:30,32.81,-0.0011004190124551162,0.010749676997732494,12,-0.46623182489702536,0.7503818737270875,2026-07-17T09:53:00+05:30,32.71,-0.10000000000000142,CLOSED,0.0,CENTRALBK-EQ
BUY,2026-07-17T09:53:00+05:30,32.71,0.0027828262713613917,0.03596294389136406,9,-0.5957549434046795,1.4304696821781104,2026-07-17T10:03:00+05:30,32.56,-0.14999999999999858,CLOSED,0.0,CENTRALBK-EQ
SELL,2026-07-17T10:03:00+05:30,32.56,-0.014586727540946857,0.039001424475409684,10,3.3904769883769976,2.055806952559158,2026-07-17T10:32:00+05:30,32.79,0.22999999999999687,CLOSED,1.0,CENTRALBK-EQ
BUY,2026-07-17T10:32:00+05:30,32.79,0.0073854914473468905,0.022335820757000184,10,-0.4547820506456017,0.6449028967501472,2026-07-17T10:52:00+05:30,32.53,-0.259999999999998,CLOSED,0.0,CENTRALBK-EQ
SELL,2026-07-17T10:52:00+05:30,32.53,-0.010961588465567459,0.0311982905514598,10,-0.5423302399383402,2.0955958616397865,2026-07-17T13:13:00+05:30,33.01,0.4799999999999969,CLOSED,1.0,CENTRALBK-EQ
BUY,2026-07-17T13:13:00+05:30,33.01,0.02133978263059809,0.0051639777949421956,13,-0.7959473649237205,0.2126854374810778,2026-07-17T13:18:00+05:30,32.21,-0.7999999999999972,CLOSED,0.0,CENTRALBK-EQ
SELL,2026-07-17T13:18:00+05:30,32.21,-0.03502631854252591,0.18314839156632814,13,2208.5331483370674,0.8592051781233659,2026-07-20T13:32:00+05:30,31.84,-0.370000000000001,CLOSED,0.0,CENTRALBK-EQ
BUY,2026-07-20T13:32:00+05:30,31.84,0.01846215696488216,0.046055522047970796,13,4.016220472265258,2.070038754416992,2026-07-21T12:08:00+05:30,31.99,0.14999999999999858,CLOSED,1.0,CENTRALBK-EQ
SELL,2026-07-21T12:08:00+05:30,31.99,-0.008070381257167462,0.013703203194063419,12,-0.9269960290533168,1.5038402017538832,2026-07-21T13:59:00+05:30,32.07,0.08000000000000185,CLOSED,1.0,CENTRALBK-EQ
BUY,2026-07-21T13:59:00+05:30,32.07,0.0013477174850173004,0.01264911064067362,13,0.20131257155661808,1.0866232025975364,2026-07-21T14:56:00+05:30,32.03,-0.03999999999999915,CLOSED,0.0,CENTRALBK-EQ
SELL,2026-07-21T14:56:00+05:30,32.03,-0.00119430447557212,0.006749485577104186,14,0.3039606375748251,0.7601272336046403,2026-07-23T14:46:00+05:30,30.95,-1.0800000000000018,CLOSED,0.0,CENTRALBK-EQ
BUY,2026-07-23T14:46:00+05:30,30.95,0.0028712157193586402,0.015491933384829388,14,0.010099667773247566,0.7133107485857124,2026-07-24T09:16:00+05:30,30.7,-0.25,CLOSED,0.0,CENTRALBK-EQ
SELL,2026-07-24T09:16:00+05:30,30.7,-0.0002963184095025333,0.08446564061465732,9,0.442594775782946,1.2529846006911967,2026-07-24T12:21:00+05:30,30.83,0.129999999999999,CLOSED,1.0,CENTRALBK-EQ
BUY,2026-07-24T12:21:00+05:30,30.83,0.008245281944273555,0.012516655570345663,12,1.4695234977824772,1.6164506799717413,2026-07-27T13:31:00+05:30,31.21,0.38000000000000256,CLOSED,1.0,CENTRALBK-EQ
SELL,2026-07-27T13:31:00+05:30,31.21,-0.004851758053208217,0.010593499054713781,13,1.151515151039751,0.6532793491192387,2026-07-27T14:02:00+05:30,31.28,0.07000000000000028,CLOSED,1.0,CENTRALBK-EQ
BUY,2026-07-27T14:02:00+05:30,31.28,0.00016500857938914372,0.017159383568311936,14,6.264791878971108,0.9652855874519088,2026-07-28T09:15:00+05:30,31.15,-0.13000000000000256,CLOSED,0.0,CENTRALBK-EQ
SELL,2026-07-28T09:15:00+05:30,31.15,-0.004389577049968043,0.010327955589887142,9,1.1607384119348647,0.7230121749586652,2026-07-29T09:25:00+05:30,31.09,-0.05999999999999872,CLOSED,0.0,CENTRALBK-EQ
BUY,2026-07-29T09:25:00+05:30,31.09,0.011029361082700858,0.02183269719175047,9,-0.7050563152783282,0.5746001987996527,2026-07-29T13:27:00+05:30,31.12,0.030000000000001137,CLOSED,1.0,CENTRALBK-EQ
SELL,2026-07-29T13:27:00+05:30,31.12,-0.001576664654493017,0.014757295747452282,13,-0.6092014177261458,0.5055393231068906,2026-07-29T14:30:00+05:30,31.15,0.029999999999997584,CLOSED,1.0,CENTRALBK-EQ
BUY,2026-07-29T14:30:00+05:30,31.15,2.7706218537376748e-05,0.009189365834728251,14,-0.32000696789477956,1.3936211092609196,2026-07-30T09:19:00+05:30,31.03,-0.11999999999999744,CLOSED,0.0,CENTRALBK-EQ
SELL,2026-07-30T09:19:00+05:30,31.03,-0.013865818315377493,0.09322016949137142,9,-0.46312677083298187,0.39590113264226995,2026-07-30T12:48:00+05:30,31.1,0.07000000000000028,CLOSED,1.0,CENTRALBK-EQ
BUY,2026-07-30T12:48:00+05:30,31.1,0.006636521736517097,0.008232726023485687,12,0.73931449537404,0.9371426057886866,2026-07-30T13:52:00+05:30,31.02,-0.08000000000000185,CLOSED,0.0,CENTRALBK-EQ
SELL,2026-07-30T13:52:00+05:30,31.02,-0.004591845009280764,0.011547005383792955,13,-0.12878703184337806,0.2737232131399974,2026-07-31T14:18:00+05:30,31.02,0.0,CLOSED,0.0,CENTRALBK-EQ
BUY,2026-07-31T14:18:00+05:30,31.02,0.002565060934490818,0.00823272602348631,14,3.4039144825643137,0.27141138020156713,2026-07-31T15:08:00+05:30,30.98,-0.03999999999999915,CLOSED,0.0,CENTRALBK-EQ
SELL,2026-07-31T15:08:00+05:30,30.98,-0.0017101737584549258,0.009428090415820434,15,0.11162157253390032,1.7923942695656436,2026-08-03T09:15:00+05:30,31.15,0.16999999999999815,CLOSED,1.0,CENTRALBK-EQ
BUY,2026-08-03T09:15:00+05:30,31.15,0.0012421289252384764,0.007888106377465787,9,0.2999657129681145,0.5502332751122416,2026-08-04T10:48:00+05:30,31.4,0.25,CLOSED,1.0,CENTRALBK-EQ
SELL,2026-08-04T10:48:00+05:30,31.4,-0.00014935954659669686,0.007378647873725928,10,-0.44287774383301887,0.8776723228837121,2026-08-05T09:17:00+05:30,31.42,0.020000000000003126,CLOSED,1.0,CENTRALBK-EQ
BUY,2026-08-05T09:17:00+05:30,31.42,0.0021919973542148734,0.07874713398664916,9,1.457114073042691,1.281799373001205,2026-08-05T11:20:00+05:30,31.36,-0.060000000000002274,CLOSED,0.0,CENTRALBK-EQ
SELL,2026-08-05T11:20:00+05:30,31.36,-0.0004972813975384302,0.01197218999737831,11,2.7467761453900796,0.7358642972536349,2026-08-06T13:12:00+05:30,31.31,-0.05000000000000071,CLOSED,0.0,CENTRALBK-EQ
BUY,2026-08-06T13:12:00+05:30,31.31,0.0005430418588521149,0.010327955589886225,13,-0.06453558502275766,1.3563829787234043,2026-08-07T10:45:00+05:30,31.38,0.07000000000000028,CLOSED,1.0,CENTRALBK-EQ
SELL,2026-08-07T10:45:00+05:30,31.38,-0.005189981259592171,0.017669811040931935,10,-0.34999999993088465,0.5582391542107182,2026-08-07T14:21:00+05:30,31.37,-0.00999999999999801,CLOSED,0.0,CENTRALBK-EQ
BUY,2026-08-07T14:21:00+05:30,31.37,0.0029718933959064276,0.009944289260117777,14,1.2611062005719156,0.17600345629230357,,,,OPEN,,CENTRALBK-EQ
SELL,2026-06-24T15:07:00+05:30,96.45,-0.0017044839374450928,0.05762908216439928,15,-0.11651527068288552,1.1807804404145077,2026-06-25T09:19:00+05:30,96.9,0.45000000000000284,CLOSED,1.0,PSUBNKBEES-EQ
BUY,2026-06-25T09:19:00+05:30,96.9,0.0042318339772186445,0.2566991321458723,9,2.0638907797212362,1.3885022922904193,2026-06-25T12:59:00+05:30,96.79,-0.10999999999999943,CLOSED,0.0,PSUBNKBEES-EQ
SELL,2026-06-25T12:59:00+05:30,96.79,-0.0006835909744520861,0.025407785333543965,12,-0.8536379392742703,0.9049498937139386,2026-06-25T13:38:00+05:30,96.97,0.1799999999999926,CLOSED,1.0,PSUBNKBEES-EQ
BUY,2026-06-25T13:38:00+05:30,96.97,0.0030440550027113506,0.0415799096787026,13,0.9414554458182391,1.2900686697608772,2026-06-25T14:12:00+05:30,96.73,-0.23999999999999488,CLOSED,0.0,PSUBNKBEES-EQ
SELL,2026-06-25T14:12:00+05:30,96.73,-0.005608603292421552,0.05739725119240559,14,0.40214151650174335,0.45504644937805067,2026-06-29T14:31:00+05:30,95.72,-1.0100000000000051,CLOSED,0.0,PSUBNKBEES-EQ
BUY,2026-06-29T14:31:00+05:30,95.72,0.002619532341203354,0.03831158803518547,14,0.15664243199497277,0.5142857142857142,2026-06-29T15:22:00+05:30,95.54,-0.1799999999999926,CLOSED,0.0,PSUBNKBEES-EQ
SELL,2026-06-29T15:22:00+05:30,95.54,-0.0032771174114225973,0.044284434185287554,15,0.18339573821148455,1.0804986755245343,2026-06-29T15:27:00+05:30,95.7,0.1599999999999966,CLOSED,1.0,PSUBNKBEES-EQ
BUY,2026-06-29T15:27:00+05:30,95.7,0.0011817899388953906,0.07589466384404132,15,-0.5899276794038847,1.2049165619953346,2026-06-30T09:27:00+05:30,95.49,-0.21000000000000796,CLOSED,0.0,PSUBNKBEES-EQ
SELL,2026-06-30T09:27:00+05:30,95.49,-0.0005408718225789399,0.141031911282517,9,-0.4356238426287161,1.5291572077185018,2026-06-30T09:57:00+05:30,95.83,0.3400000000000034,CLOSED,1.0,PSUBNKBEES-EQ
BUY,2026-06-30T09:57:00+05:30,95.83,0.00037184357633111235,0.13343329586143177,9,-0.14684647053853192,1.641196903995897,2026-06-30T10:28:00+05:30,95.44,-0.39000000000000057,CLOSED,0.0,PSUBNKBEES-EQ
SELL,2026-06-30T10:28:00+05:30,95.44,-0.0032679522940312496,0.07988881162104164,10,-0.5072892936570657,1.3395746648173834,2026-06-30T11:23:00+05:30,95.8,0.35999999999999943,CLOSED,1.0,PSUBNKBEES-EQ
BUY,2026-06-30T11:23:00+05:30,95.8,0.0036539065398132377,0.05060742150229518,11,3.710836005111695,2.2629205463452617,2026-06-30T11:47:00+05:30,95.43,-0.36999999999999034,CLOSED,0.0,PSUBNKBEES-EQ
SELL,2026-06-30T11:47:00+05:30,95.43,-0.003665810653577813,0.09718824803213093,11,12.170740857144152,1.9398360983409955,2026-07-01T10:22:00+05:30,95.69,0.2599999999999909,CLOSED,1.0,PSUBNKBEES-EQ
BUY,2026-07-01T10:22:00+05:30,95.69,0.013510649323269331,0.1927692921603431,10,0.070408163257142,0.14781393534968368,2026-07-02T11:27:00+05:30,95.85,0.1599999999999966,CLOSED,1.0,PSUBNKBEES-EQ
SELL,2026-07-02T11:27:00+05:30,95.85,-0.0005381520193693069,0.03765338999051607,11,0.3474274061451161,0.7051039697542533,2026-07-02T12:37:00+05:30,96.2,0.3500000000000085,CLOSED,1.0,PSUBNKBEES-EQ
BUY,2026-07-02T12:37:00+05:30,96.2,0.0010722358415761204,0.05186520991955825,12,-0.875428764026993,0.3852919288275489,2026-07-02T13:38:00+05:30,95.87,-0.3299999999999983,CLOSED,0.0,PSUBNKBEES-EQ
SELL,2026-07-02T13:38:00+05:30,95.87,-0.0002670303610284262,0.02110818693198307,13,-0.44695231585324235,0.6110550510146877,2026-07-02T13:54:00+05:30,96.0,0.12999999999999545,CLOSED,1.0,PSUBNKBEES-EQ
BUY,2026-07-02T13:54:00+05:30,96.0,0.0014276845054107192,0.04653553003410773,13,0.14314789639366382,1.8738872403560831,2026-07-02T14:12:00+05:30,95.68,-0.3199999999999932,CLOSED,0.0,PSUBNKBEES-EQ
SELL,2026-07-02T14:12:00+05:30,95.68,-0.005663315797314611,0.09721111047611826,14,-0.44471000625538826,2.2568149210903874,2026-07-08T11:43:00+05:30,92.51,-3.1700000000000017,CLOSED,0.0,PSUBNKBEES-EQ
BUY,2026-07-08T11:43:00+05:30,92.51,0.002180821255581219,0.0275075747143711,11,-0.5800728722607632,0.2533312674310505,2026-07-08T11:58:00+05:30,92.29,-0.21999999999999886,CLOSED,0.0,PSUBNKBEES-EQ
SELL,2026-07-08T11:58:00+05:30,92.29,-0.00316944989453624,0.04501851470968852,11,-0.32429043638191585,0.9577429149797572,2026-07-09T10:02:00+05:30,91.77,-0.5200000000000102,CLOSED,0.0,PSUBNKBEES-EQ
BUY,2026-07-09T10:02:00+05:30,91.77,0.01649041845396671,0.13192590513027966,10,4.722379220588623,1.8956211932366014,2026-07-13T11:42:00+05:30,94.11,2.3400000000000034,CLOSED,1.0,PSUBNKBEES-EQ
SELL,2026-07-13T11:42:00+05:30,94.11,-0.0012749445489203754,0.027588242262079028,11,-0.424002764152493,0.40941811637672465,2026-07-13T12:53:00+05:30,94.4,0.29000000000000625,CLOSED,1.0,PSUBNKBEES-EQ
BUY,2026-07-13T12:53:00+05:30,94.4,0.005826406504252586,0.09498537899183511,12,0.33566783363709524,1.0561797752808988,2026-07-14T09:22:00+05:30,94.04,-0.35999999999999943,CLOSED,0.0,PSUBNKBEES-EQ
SELL,2026-07-14T09:22:00+05:30,94.04,-0.0157168033015781,0.32461258961003236,9,0.45350199806894287,0.582751064621491,2026-07-15T09:25:00+05:30,93.56,-0.480000000000004,CLOSED,0.0,PSUBNKBEES-EQ
BUY,2026-07-15T09:25:00+05:30,93.56,0.0035591973561604805,0.14394829318582217,9,-0.17286723756693492,0.18811881188118812,2026-07-15T13:31:00+05:30,93.6,0.03999999999999204,CLOSED,1.0,PSUBNKBEES-EQ
SELL,2026-07-15T13:31:00+05:30,93.6,-0.001977162712440247,0.12299954832798785,13,3.48444442508642,0.3790882061446977,2026-07-16T09:26:00+05:30,93.73,0.13000000000000966,CLOSED,1.0,PSUBNKBEES-EQ
BUY,2026-07-16T09:26:00+05:30,93.73,0.0010477425190403018,0.0580134084118083,9,1.9962989296070763,0.011272087815801001,2026-07-16T09:27:00+05:30,93.66,-0.07000000000000739,CLOSED,0.0,PSUBNKBEES-EQ
SELL,2026-07-16T09:27:00+05:30,93.66,-0.0003711878769930283,0.017763883459297216,9,-0.5552087528340982,0.19082471893156266,2026-07-16T09:28:00+05:30,93.73,0.07000000000000739,CLOSED,1.0,PSUBNKBEES-EQ
BUY,2026-07-16T09:28:00+05:30,93.73,0.0014052962928545682,0.02299758441421347,9,-0.8508855963800257,2.4304617630954555,2026-07-16T10:40:00+05:30,93.65,-0.0799999999999983,CLOSED,0.0,PSUBNKBEES-EQ
SELL,2026-07-16T10:40:00+05:30,93.65,-0.0022779783440836573,0.037133393177691265,10,0.931931251773031,1.7786491864684537,2026-07-16T10:42:00+05:30,93.75,0.09999999999999432,CLOSED,1.0,PSUBNKBEES-EQ
BUY,2026-07-16T10:42:00+05:30,93.75,4.6285834042058814e-05,0.04685675570881695,10,0.3341264443115853,0.5414012738853503,2026-07-16T10:43:00+05:30,93.71,-0.04000000000000625,CLOSED,0.0,PSUBNKBEES-EQ
SELL,2026-07-16T10:43:00+05:30,93.71,-0.00023832245631223576,0.05773502691896395,10,0.9947653757760653,0.7671040299906279,2026-07-16T10:45:00+05:30,93.77,0.060000000000002274,CLOSED,1.0,PSUBNKBEES-EQ
BUY,2026-07-16T10:45:00+05:30,93.77,0.002327643609245717,0.05598610938834991,10,-0.2673533885828436,0.6658411886882889,2026-07-16T11:48:00+05:30,93.63,-0.14000000000000057,CLOSED,0.0,PSUBNKBEES-EQ
SELL,2026-07-16T11:48:00+05:30,93.63,-0.004092975239253345,0.04794672969962258,11,-0.40874811401395456,1.090561224489796,2026-07-17T09:35:00+05:30,93.74,0.10999999999999943,CLOSED,1.0,PSUBNKBEES-EQ
BUY,2026-07-17T09:35:00+05:30,93.74,0.006881974944180774,0.12025897979869167,9,17.354897652889754,1.8567051315239254,2026-07-17T10:06:00+05:30,93.29,-0.44999999999998863,CLOSED,0.0,PSUBNKBEES-EQ
SELL,2026-07-17T10:06:00+05:30,93.29,-0.0014161170495426282,0.06074537019394943,10,2.4718844953496903,2.2831400014591083,2026-07-17T10:18:00+05:30,93.55,0.2599999999999909,CLOSED,1.0,PSUBNKBEES-EQ
BUY,2026-07-17T10:18:00+05:30,93.55,0.0029219332266855894,0.029814239699993913,10,4.725037627759627,0.026438796377446686,2026-07-17T11:09:00+05:30,93.34,-0.20999999999999375,CLOSED,0.0,PSUBNKBEES-EQ
SELL,2026-07-17T11:09:00+05:30,93.34,-0.001340291690568585,0.047422451316745724,11,-0.7643342277962927,1.6722520107238608,2026-07-17T13:15:00+05:30,93.45,0.10999999999999943,CLOSED,1.0,PSUBNKBEES-EQ
BUY,2026-07-17T13:15:00+05:30,93.45,0.00033242893545882716,0.03135814620371249,13,8.182149287958568,0.023804800634794683,2026-07-17T13:36:00+05:30,93.31,-0.14000000000000057,CLOSED,0.0,PSUBNKBEES-EQ
SELL,2026-07-17T13:36:00+05:30,93.31,-0.0008751894920048875,0.022509257354847347,13,0.4429589998085606,1.7325509573810993,2026-07-17T14:18:00+05:30,93.67,0.35999999999999943,CLOSED,1.0,PSUBNKBEES-EQ
BUY,2026-07-17T14:18:00+05:30,93.67,0.0004774939597388575,0.24366643866838078,14,12.660897187105444,1.2143171122718104,2026-07-21T11:02:00+05:30,95.73,2.0600000000000023,CLOSED,1.0,PSUBNKBEES-EQ
SELL,2026-07-21T11:02:00+05:30,95.73,-0.0030974794470401933,0.057629082164399964,11,0.17730001383687002,1.4499584963832564,2026-07-24T12:07:00+05:30,92.69,-3.0400000000000063,CLOSED,0.0,PSUBNKBEES-EQ
BUY,2026-07-24T12:07:00+05:30,92.69,0.012259974828510118,0.15728600983205335,12,4.859506915130856,0.6560518731988473,2026-07-27T11:59:00+05:30,93.32,0.6299999999999955,CLOSED,1.0,PSUBNKBEES-EQ
SELL,2026-07-27T11:59:00+05:30,93.32,-0.002213354421891228,0.031692971530679404,11,-0.013104013100659246,0.23820020746887965,2026-07-27T12:17:00+05:30,93.74,0.4200000000000017,CLOSED,1.0,PSUBNKBEES-EQ
BUY,2026-07-27T12:17:00+05:30,93.74,0.008357238650067234,0.2698888660171084,12,16.163609551127077,0.044226677226362344,2026-07-27T13:34:00+05:30,93.38,-0.35999999999999943,CLOSED,0.0,PSUBNKBEES-EQ
SELL,2026-07-27T13:34:00+05:30,93.38,-0.0029426391635700728,0.06146362971528499,13,-0.2169286960322942,1.4018454674508212,2026-07-27T14:26:00+05:30,93.71,0.3299999999999983,CLOSED,1.0,PSUBNKBEES-EQ
BUY,2026-07-27T14:26:00+05:30,93.71,0.005143549911107858,0.05573747990954223,14,-0.8796610165567971,1.5103780578206079,2026-07-27T15:13:00+05:30,93.51,-0.19999999999998863,CLOSED,0.0,PSUBNKBEES-EQ
SELL,2026-07-27T15:13:00+05:30,93.51,-0.0004861501658806472,0.0275075747143684,15,-0.516586652714721,0.5779726223494677,2026-07-29T09:39:00+05:30,93.0,-0.5100000000000051,CLOSED,0.0,PSUBNKBEES-EQ
BUY,2026-07-29T09:39:00+05:30,93.0,7.771952525717743e-05,0.039721250959377064,9,-0.10585533384190658,1.0486132384475813,2026-07-29T11:54:00+05:30,93.0,0.0,CLOSED,0.0,PSUBNKBEES-EQ
SELL,2026-07-29T11:54:00+05:30,93.0,-0.0007132285538996009,0.047093288033199454,11,33.711273062078526,2.4575476651215817,2026-07-29T14:56:00+05:30,93.08,0.0799999999999983,CLOSED,1.0,PSUBNKBEES-EQ
BUY,2026-07-29T14:56:00+05:30,93.08,0.0019488320303777114,0.01888562063228485,14,0.5722253198937179,0.12016672578928699,2026-07-29T15:05:00+05:30,92.9,-0.1799999999999926,CLOSED,0.0,PSUBNKBEES-EQ
SELL,2026-07-29T15:05:00+05:30,92.9,-0.0023102793623239783,0.04402019738458433,15,22.041860391887507,1.6506142222734874,2026-07-29T15:29:00+05:30,93.14,0.23999999999999488,CLOSED,1.0,PSUBNKBEES-EQ
BUY,2026-07-29T15:29:00+05:30,93.14,0.004943412054830407,0.05617433182117467,15,-0.6047621589554876,0.6775448454722283,2026-07-30T09:15:00+05:30,92.59,-0.5499999999999972,CLOSED,0.0,PSUBNKBEES-EQ
SELL,2026-07-30T09:15:00+05:30,92.59,-0.013817705308387952,0.04894441291460391,9,-0.8569132523331996,0.7985944257568477,2026-07-30T12:34:00+05:30,93.14,0.5499999999999972,CLOSED,1.0,PSUBNKBEES-EQ
BUY,2026-07-30T12:34:00+05:30,93.14,0.012851650704384081,0.14989255411052832,12,44.448232182928564,2.3808167801083484,2026-07-31T15:20:00+05:30,93.39,0.25,CLOSED,1.0,PSUBNKBEES-EQ
SELL,2026-07-31T15:20:00+05:30,93.39,-0.0001796196198823585,0.04624812308503658,15,1.109125941010192,0.9406403122664231,2026-08-03T09:15:00+05:30,94.29,0.9000000000000057,CLOSED,1.0,PSUBNKBEES-EQ
BUY,2026-08-03T09:15:00+05:30,94.29,0.019109633168077306,0.02547329756605671,9,4.208713457262415,1.463575922219045,2026-08-03T13:26:00+05:30,94.59,0.29999999999999716,CLOSED,1.0,PSUBNKBEES-EQ
SELL,2026-08-03T13:26:00+05:30,94.59,-0.0027355810823164154,0.022211108331945555,13,0.17201954958456134,1.9804155186536598,2026-08-03T13:49:00+05:30,94.71,0.11999999999999034,CLOSED,1.0,PSUBNKBEES-EQ
BUY,2026-08-03T13:49:00+05:30,94.71,0.0022803778706178084,0.03198958163736083,13,8.863567039391894,2.24151920253458,2026-08-03T15:09:00+05:30,94.49,-0.21999999999999886,CLOSED,0.0,PSUBNKBEES-EQ
SELL,2026-08-03T15:09:00+05:30,94.49,-0.00796728779287202,0.08705681414392102,15,-0.25875102313875237,0.34957237198224533,2026-08-04T09:46:00+05:30,94.81,0.3200000000000074,CLOSED,1.0,PSUBNKBEES-EQ
BUY,2026-08-04T09:46:00+05:30,94.81,0.0012687083722604192,0.04989989979949786,9,-0.8232415792580878,0.41222065633178984,2026-08-04T11:13:00+05:30,94.73,-0.0799999999999983,CLOSED,0.0,PSUBNKBEES-EQ
SELL,2026-08-04T11:13:00+05:30,94.73,-0.0011686679404004025,0.05758086101783366,11,0.1670931137128194,1.315413211323992,2026-08-04T14:25:00+05:30,94.73,0.0,CLOSED,0.0,PSUBNKBEES-EQ
BUY,2026-08-04T14:25:00+05:30,94.73,0.0003717998337383702,0.027080128015451895,14,-0.22903579607685914,0.4672141748577341,2026-08-04T15:12:00+05:30,94.54,-0.18999999999999773,CLOSED,0.0,PSUBNKBEES-EQ
SELL,2026-08-04T15:12:00+05:30,94.54,-0.002285133210939198,0.03888730155490774,15,-0.7775782336486353,1.3196406943883732,2026-08-05T09:17:00+05:30,95.34,0.7999999999999972,CLOSED,1.0,PSUBNKBEES-EQ
BUY,2026-08-05T09:17:00+05:30,95.34,0.02309541309093663,0.36350301848051464,9,23.400756324917847,2.22399544268379,2026-08-05T14:23:00+05:30,95.35,0.009999999999990905,CLOSED,1.0,PSUBNKBEES-EQ
SELL,2026-08-05T14:23:00+05:30,95.35,-0.002936834978708016,0.0396652660817158,14,0.8002978602759965,0.7238474843949763,2026-08-06T09:17:00+05:30,95.69,0.3400000000000034,CLOSED,1.0,PSUBNKBEES-EQ
BUY,2026-08-06T09:17:00+05:30,95.69,0.0013584902416791866,0.07375635565834307,9,2.4167999236117024,1.5555142605439929,2026-08-06T11:36:00+05:30,95.6,-0.09000000000000341,CLOSED,0.0,PSUBNKBEES-EQ
SELL,2026-08-06T11:36:00+05:30,95.6,-0.0018466198754619478,0.016865480854233995,11,-0.5792584628805704,1.1717752234993615,2026-08-06T11:57:00+05:30,95.74,0.14000000000000057,CLOSED,1.0,PSUBNKBEES-EQ
BUY,2026-08-06T11:57:00+05:30,95.74,0.0003996852944871298,0.06069962474714873,11,0.10761154820337422,0.6738744075829384,,,,OPEN,,PSUBNKBEES-EQ
BUY,2026-06-24T13:33:00+05:30,230.69,0.00838717072843216,0.10195859726161485,13,0.4236504313074414,1.2701982342162252,2026-06-24T14:03:00+05:30,229.67,-1.0200000000000102,CLOSED,0.0,ADANIPOWER-EQ
SELL,2026-06-24T14:03:00+05:30,229.67,-0.0033680789783467,0.18535251699277133,14,0.5273904903352796,0.4605979398710326,2026-06-24T14:28:00+05:30,230.29,0.6200000000000045,CLOSED,1.0,ADANIPOWER-EQ
BUY,2026-06-24T14:28:00+05:30,230.29,0.0032770989602085463,0.09052930771609903,14,0.7884449115238574,1.3450637470970188,2026-06-24T15:21:00+05:30,229.35,-0.9399999999999977,CLOSED,0.0,ADANIPOWER-EQ
SELL,2026-06-24T15:21:00+05:30,229.35,-0.013232905624515321,0.3401453937493328,15,1.3129132032167083,1.2380768674729088,2026-06-25T09:21:00+05:30,230.79,1.4399999999999977,CLOSED,1.0,ADANIPOWER-EQ
BUY,2026-06-25T09:21:00+05:30,230.79,0.0015808483323416147,0.5629179928432431,9,-0.15108584202250572,0.9291780094757561,2026-06-25T10:18:00+05:30,230.25,-0.539999999999992,CLOSED,0.0,ADANIPOWER-EQ
SELL,2026-06-25T10:18:00+05:30,230.25,-0.0003983233782499931,0.25490957002217685,10,-0.18778067445572738,1.6541426367504994,2026-06-25T10:38:00+05:30,230.65,0.4000000000000057,CLOSED,1.0,ADANIPOWER-EQ
BUY,2026-06-25T10:38:00+05:30,230.65,0.00498127697178092,0.4439469437769414,10,0.4493392343025799,1.2722081760254198,2026-06-25T12:35:00+05:30,230.09,-0.5600000000000023,CLOSED,0.0,ADANIPOWER-EQ
SELL,2026-06-25T12:35:00+05:30,230.09,-0.0019923530779633954,0.3111912595173575,12,1.1804891103852126,0.9791030578271477,2026-06-25T13:06:00+05:30,231.87,1.7800000000000011,CLOSED,1.0,ADANIPOWER-EQ
BUY,2026-06-25T13:06:00+05:30,231.87,0.019146326199432566,0.8010832943236549,13,6.4735527207157695,0.8956483274101139,2026-06-25T14:16:00+05:30,229.8,-2.069999999999993,CLOSED,0.0,ADANIPOWER-EQ
SELL,2026-06-25T14:16:00+05:30,229.8,-0.012066261936096586,0.40516663238722145,14,1.3783134535207748,1.5383394169708486,2026-06-29T13:33:00+05:30,227.35,-2.450000000000017,CLOSED,0.0,ADANIPOWER-EQ
BUY,2026-06-29T13:33:00+05:30,227.35,7.416676492711149e-05,0.06310485101972779,13,0.12439037805442614,1.0282565448867944,2026-06-29T14:05:00+05:30,227.1,-0.25,CLOSED,0.0,ADANIPOWER-EQ
SELL,2026-06-29T14:05:00+05:30,227.1,-0.0005715132830451055,0.054934304198538876,14,-0.008741706019382574,0.9444085303049673,2026-06-30T14:47:00+05:30,223.95,-3.1500000000000057,CLOSED,0.0,ADANIPOWER-EQ
BUY,2026-06-30T14:47:00+05:30,223.95,0.0037015283468257456,0.09138441393975033,14,-0.1763655452679777,1.150024513809446,2026-06-30T15:06:00+05:30,223.3,-0.6499999999999773,CLOSED,0.0,ADANIPOWER-EQ
SELL,2026-06-30T15:06:00+05:30,223.3,-0.002232682567250611,0.21122920673472015,15,0.1624902451893318,1.024960919820022,2026-06-30T15:26:00+05:30,224.0,0.6999999999999886,CLOSED,1.0,ADANIPOWER-EQ
BUY,2026-06-30T15:26:00+05:30,224.0,0.002046215533526982,0.22818364923407056,15,0.9889276657201607,1.3792417017928207,2026-07-01T14:31:00+05:30,226.38,2.3799999999999955,CLOSED,1.0,ADANIPOWER-EQ
SELL,2026-07-01T14:31:00+05:30,226.38,-0.0009217957619020043,0.16425251562423845,14,-0.447910168423439,1.0733376792698825,2026-07-01T14:45:00+05:30,226.93,0.5500000000000114,CLOSED,1.0,ADANIPOWER-EQ
BUY,2026-07-01T14:45:00+05:30,226.93,0.0036750076017584734,0.2294655626547107,14,-0.8142975738829548,0.4398429561619974,2026-07-02T09:18:00+05:30,226.13,-0.8000000000000114,CLOSED,0.0,ADANIPOWER-EQ
SELL,2026-07-02T09:18:00+05:30,226.13,-0.00011890757455771386,0.28721072403376574,9,0.9956506123851073,1.3920024227752483,2026-07-02T10:31:00+05:30,227.66,1.5300000000000011,CLOSED,1.0,ADANIPOWER-EQ
BUY,2026-07-02T10:31:00+05:30,227.66,0.004690628726852082,0.12385026802106396,10,-0.15374859075102174,1.1223813488759367,2026-07-02T12:19:00+05:30,225.85,-1.8100000000000023,CLOSED,0.0,ADANIPOWER-EQ
SELL,2026-07-02T12:19:00+05:30,225.85,-0.004278446046748855,0.45736443042963515,12,2.639367135751877,0.4179617433215122,2026-07-06T12:00:00+05:30,221.35,-4.5,CLOSED,0.0,ADANIPOWER-EQ
BUY,2026-07-06T12:00:00+05:30,221.35,0.0031821335740436674,0.3431552936435044,12,1.19073473477428,0.4334508748183185,2026-07-06T15:02:00+05:30,221.13,-0.21999999999999886,CLOSED,0.0,ADANIPOWER-EQ
SELL,2026-07-06T15:02:00+05:30,221.13,-0.006178186236119394,0.19810491047815212,15,0.6138377273714041,1.024833470495966,2026-07-07T14:52:00+05:30,218.1,-3.030000000000001,CLOSED,0.0,ADANIPOWER-EQ
BUY,2026-07-07T14:52:00+05:30,218.1,0.0033522534641505053,0.09643074659510224,14,-0.03756999128248225,0.5680876212698023,2026-07-08T13:55:00+05:30,219.69,1.5900000000000034,CLOSED,1.0,ADANIPOWER-EQ
SELL,2026-07-08T13:55:00+05:30,219.69,-0.0038467866078419,0.37013511046643904,13,-0.02985448069488185,1.2647537537277203,2026-07-09T09:46:00+05:30,219.88,0.18999999999999773,CLOSED,1.0,ADANIPOWER-EQ
BUY,2026-07-09T09:46:00+05:30,219.88,0.005427520968828389,0.24952399127583783,9,-0.41549276066036195,1.035878596891363,2026-07-09T10:32:00+05:30,218.43,-1.4499999999999886,CLOSED,0.0,ADANIPOWER-EQ
SELL,2026-07-09T10:32:00+05:30,218.43,-0.0038340141097483187,0.3907485693440798,10,5.584633554755152,0.16003946113833112,2026-07-09T12:26:00+05:30,219.45,1.0199999999999818,CLOSED,1.0,ADANIPOWER-EQ
BUY,2026-07-09T12:26:00+05:30,219.45,0.00221203869178393,0.5699083747020708,12,0.32015793039522583,0.7960739123916585,2026-07-09T13:53:00+05:30,218.63,-0.8199999999999932,CLOSED,0.0,ADANIPOWER-EQ
SELL,2026-07-09T13:53:00+05:30,218.63,-0.004634580699790147,0.09271221901969237,13,-0.5821845351013789,0.34548696263106965,2026-07-10T10:02:00+05:30,218.49,-0.13999999999998636,CLOSED,0.0,ADANIPOWER-EQ
BUY,2026-07-10T10:02:00+05:30,218.49,0.005586661135107406,0.3492293102119434,10,-0.40572245947210256,1.3711859171970011,2026-07-10T13:09:00+05:30,218.27,-0.21999999999999886,CLOSED,0.0,ADANIPOWER-EQ
SELL,2026-07-10T13:09:00+05:30,218.27,-0.006620304886345663,0.2306729286240612,13,-0.08560427399490186,0.7566438067437528,2026-07-14T09:22:00+05:30,217.7,-0.5700000000000216,CLOSED,0.0,ADANIPOWER-EQ
BUY,2026-07-14T09:22:00+05:30,217.7,0.020930312534171505,1.379195014814394,9,0.3033385662772745,0.6139845148924366,2026-07-15T09:25:00+05:30,223.38,5.680000000000007,CLOSED,1.0,ADANIPOWER-EQ
SELL,2026-07-15T09:25:00+05:30,223.38,-0.0010728185663633494,0.7655383000796777,9,-0.5233691546467931,1.244848451851079,2026-07-16T10:29:00+05:30,219.93,-3.4499999999999886,CLOSED,0.0,ADANIPOWER-EQ
BUY,2026-07-16T10:29:00+05:30,219.93,0.0006819593164630549,0.1644147871154613,10,0.6031739621921267,1.1156405494709316,2026-07-16T12:09:00+05:30,219.81,-0.12000000000000455,CLOSED,0.0,ADANIPOWER-EQ
SELL,2026-07-16T12:09:00+05:30,219.81,-0.0032248602599766057,0.19230762393161246,12,-0.22326533975841392,0.6075115526750058,2026-07-20T09:19:00+05:30,216.45,-3.3600000000000136,CLOSED,0.0,ADANIPOWER-EQ
BUY,2026-07-20T09:19:00+05:30,216.45,0.018865058715120744,0.6320196902699209,9,0.5120582425134449,1.0130009204606367,2026-07-21T14:55:00+05:30,220.6,4.150000000000006,CLOSED,1.0,ADANIPOWER-EQ
SELL,2026-07-21T14:55:00+05:30,220.6,-0.0018915876784343989,0.26939438252000647,14,-0.6745257795710613,0.7862614121936632,2026-07-22T14:02:00+05:30,219.98,-0.6200000000000045,CLOSED,0.0,ADANIPOWER-EQ
BUY,2026-07-22T14:02:00+05:30,219.98,0.019428738616597142,1.0287451903492235,14,-0.3897986329765438,0.689012030693793,2026-07-22T14:05:00+05:30,217.48,-2.5,CLOSED,0.0,ADANIPOWER-EQ
SELL,2026-07-22T14:05:00+05:30,217.48,-0.0007952448936967343,0.9290144120398639,14,-0.26317293783108414,1.0831803688803232,2026-07-22T14:06:00+05:30,218.24,0.7600000000000193,CLOSED,1.0,ADANIPOWER-EQ
BUY,2026-07-22T14:06:00+05:30,218.24,0.001365030147241504,1.0687084624806604,14,-0.2973154082129662,1.1615698718479097,2026-07-22T14:29:00+05:30,216.1,-2.140000000000015,CLOSED,0.0,ADANIPOWER-EQ
SELL,2026-07-22T14:29:00+05:30,216.1,-0.018099635761133753,0.9703607576566518,14,3.207206851344897,1.4312978293625152,2026-07-23T11:11:00+05:30,217.76,1.6599999999999966,CLOSED,1.0,ADANIPOWER-EQ
BUY,2026-07-23T11:11:00+05:30,217.76,0.022551874917599683,0.5237142987036593,11,-0.43760004758823295,0.6714097059620141,2026-07-23T11:33:00+05:30,215.94,-1.8199999999999932,CLOSED,0.0,ADANIPOWER-EQ
SELL,2026-07-23T11:33:00+05:30,215.94,-0.0055873807908381305,0.23954586663564228,11,0.006694657074745979,0.9846779833428698,2026-07-24T11:49:00+05:30,214.08,-1.8599999999999852,CLOSED,0.0,ADANIPOWER-EQ
BUY,2026-07-24T11:49:00+05:30,214.08,0.0030864908964329846,0.43020537731026237,11,1.3997744876605605,0.8609598248029646,2026-07-24T14:48:00+05:30,213.02,-1.0600000000000023,CLOSED,0.0,ADANIPOWER-EQ
SELL,2026-07-24T14:48:00+05:30,213.02,-0.007880972645750182,0.22109826875044317,14,1.798820259705958,1.8488263993028815,2026-07-24T15:16:00+05:30,214.04,1.0199999999999818,CLOSED,1.0,ADANIPOWER-EQ
BUY,2026-07-24T15:16:00+05:30,214.04,0.006443969613345108,0.30074721759126694,15,0.38642579790722326,1.2847939586052584,2026-07-27T10:40:00+05:30,213.63,-0.4099999999999966,CLOSED,0.0,ADANIPOWER-EQ
SELL,2026-07-27T10:40:00+05:30,213.63,-0.00324647957832863,0.06285786435372306,10,-0.6542274028529664,0.7362981337113158,2026-07-27T11:58:00+05:30,214.01,0.37999999999999545,CLOSED,1.0,ADANIPOWER-EQ
BUY,2026-07-27T11:58:00+05:30,214.01,3.58680685698875e-05,0.1101715833496888,11,-0.12043974579669885,1.0967587275747879,2026-07-27T13:25:00+05:30,213.88,-0.12999999999999545,CLOSED,0.0,ADANIPOWER-EQ
SELL,2026-07-27T13:25:00+05:30,213.88,-0.0001521508836633827,0.03233505150073897,13,0.6074883233445435,0.6893923757204324,2026-07-27T14:43:00+05:30,213.9,0.020000000000010232,CLOSED,1.0,ADANIPOWER-EQ
BUY,2026-07-27T14:43:00+05:30,213.9,0.0009883039696571398,0.04299870799092365,14,0.013489494437438129,1.3739677820234375,2026-07-27T14:48:00+05:30,213.66,-0.2400000000000091,CLOSED,0.0,ADANIPOWER-EQ
SELL,2026-07-27T14:48:00+05:30,213.66,-0.00326364415477271,0.0874642784226812,14,1.217976562338534,1.304694454626381,2026-07-27T15:10:00+05:30,214.16,0.5,CLOSED,1.0,ADANIPOWER-EQ
BUY,2026-07-27T15:10:00+05:30,214.16,0.0025560661938630108,0.13599428092549914,15,0.6459883900077578,1.443495451075649,2026-07-28T09:16:00+05:30,212.0,-2.1599999999999966,CLOSED,0.0,ADANIPOWER-EQ
SELL,2026-07-28T09:16:00+05:30,212.0,-0.022292404460337124,0.2790778465669474,9,-0.19127417006582512,1.4255322857704278,2026-07-29T11:36:00+05:30,209.38,-2.6200000000000045,CLOSED,0.0,ADANIPOWER-EQ
BUY,2026-07-29T11:36:00+05:30,209.38,3.397562044654302e-05,0.27239880893849566,11,1.3134585972627564,1.0087876698744889,2026-07-29T11:38:00+05:30,209.01,-0.37000000000000455,CLOSED,0.0,ADANIPOWER-EQ
SELL,2026-07-29T11:38:00+05:30,209.01,-0.0004048243959353509,0.2797697465972884,11,0.11502621499590879,0.5663567483926046,2026-07-29T13:00:00+05:30,209.0,-0.009999999999990905,CLOSED,0.0,ADANIPOWER-EQ
BUY,2026-07-29T13:00:00+05:30,209.0,0.0015786659976696228,0.09997777530809311,13,-0.7509599750492407,1.390933926008242,2026-07-30T09:20:00+05:30,208.3,-0.6999999999999886,CLOSED,0.0,ADANIPOWER-EQ
SELL,2026-07-30T09:20:00+05:30,208.3,-0.003949804230493395,0.5106651436008635,9,1.6947450219440212,0.7044335456006037,2026-07-30T09:39:00+05:30,210.5,2.1999999999999886,CLOSED,1.0,ADANIPOWER-EQ
BUY,2026-07-30T09:39:00+05:30,210.5,0.0001253928224722929,0.37652799807362447,9,0.1719351402113789,0.9249708592667532,2026-07-30T12:02:00+05:30,208.71,-1.789999999999992,CLOSED,0.0,ADANIPOWER-EQ
SELL,2026-07-30T12:02:00+05:30,208.71,-0.017301698606428814,0.38037992703202733,12,2.296031021220693,0.750177189504625,2026-07-31T09:15:00+05:30,211.05,2.3400000000000034,CLOSED,1.0,ADANIPOWER-EQ
BUY,2026-07-31T09:15:00+05:30,211.05,0.03861099792651937,0.09402127418834305,9,-0.2611354735250263,1.0256436779231286,2026-07-31T11:46:00+05:30,209.4,-1.6500000000000057,CLOSED,0.0,ADANIPOWER-EQ
SELL,2026-07-31T11:46:00+05:30,209.4,-0.008447656293382866,0.14738083698741233,11,1.39802965331293,1.497616025404798,2026-07-31T12:10:00+05:30,210.1,0.6999999999999886,CLOSED,1.0,ADANIPOWER-EQ
BUY,2026-07-31T12:10:00+05:30,210.1,0.004159285602094914,0.06154492487425401,12,-0.6561546444193804,0.9927248975179062,2026-08-03T12:55:00+05:30,212.3,2.200000000000017,CLOSED,1.0,ADANIPOWER-EQ
SELL,2026-08-03T12:55:00+05:30,212.3,-0.009407321563776487,0.18979813838216042,12,-0.2156901327358708,1.1523245266997317,2026-08-04T09:37:00+05:30,212.8,0.5,CLOSED,1.0,ADANIPOWER-EQ
BUY,2026-08-04T09:37:00+05:30,212.8,0.0013893940971142556,0.045264653858043825,9,0.1433331606802562,0.6216621616860204,2026-08-04T10:31:00+05:30,212.11,-0.6899999999999977,CLOSED,0.0,ADANIPOWER-EQ
SELL,2026-08-04T10:31:00+05:30,212.11,-0.008682854584549196,0.16527418296744437,10,-0.23718926318477376,0.6982072633218084,2026-08-06T11:23:00+05:30,209.37,-2.740000000000009,CLOSED,0.0,ADANIPOWER-EQ
BUY,2026-08-06T11:23:00+05:30,209.37,0.023224000917846564,0.30018512806452163,11,1.3747560140096007,0.19047933447774992,2026-08-06T13:52:00+05:30,208.33,-1.039999999999992,CLOSED,0.0,ADANIPOWER-EQ
SELL,2026-08-06T13:52:00+05:30,208.33,-0.0009463597086207605,0.20985709423320045,13,2.534499267413752,0.584368501151367,2026-08-06T14:27:00+05:30,208.9,0.5699999999999932,CLOSED,1.0,ADANIPOWER-EQ
BUY,2026-08-06T14:27:00+05:30,208.9,0.0030711971861929932,0.11815244390193104,14,0.34929366836133113,1.6282383676054388,2026-08-06T14:56:00+05:30,208.34,-0.5600000000000023,CLOSED,0.0,ADANIPOWER-EQ
SELL,2026-08-06T14:56:00+05:30,208.34,-0.0034153665437887835,0.12667105255564692,14,-0.5624505476127196,0.9650823865326275,2026-08-07T09:18:00+05:30,209.89,1.549999999999983,CLOSED,1.0,ADANIPOWER-EQ
BUY,2026-08-07T09:18:00+05:30,209.89,0.013022953873927792,0.5728961511478285,9,0.2344487033038887,0.6993328672333919,2026-08-07T12:55:00+05:30,209.7,-0.18999999999999773,CLOSED,0.0,ADANIPOWER-EQ
SELL,2026-08-07T12:55:00+05:30,209.7,-0.005758070392703009,0.07955431408093848,12,0.5178705044721738,0.9363134819911476,2026-08-07T14:00:00+05:30,210.26,0.5600000000000023,CLOSED,1.0,ADANIPOWER-EQ
BUY,2026-08-07T14:00:00+05:30,210.26,0.003309015573409196,0.12963195765105265,14,1.0445083727344124,0.6404186815279971,2026-08-07T14:58:00+05:30,209.67,-0.5900000000000034,CLOSED,0.0,ADANIPOWER-EQ
SELL,2026-08-07T14:58:00+05:30,209.67,-0.002386849448091587,0.04600724580614605,14,-0.46884688949789544,1.0291836436618937,,,,OPEN,,ADANIPOWER-EQ
SELL,2026-06-24T15:24:00+05:30,79.2,-0.010467549593281162,0.05338539126015666,15,0.14676592697843815,0.4431823677013427,2026-06-25T09:19:00+05:30,79.95,0.75,CLOSED,1.0,NHPC-EQ
BUY,2026-06-25T09:19:00+05:30,79.95,0.01945362361204811,0.2944976891061946,9,0.4845597596213932,0.4710233924428835,2026-06-25T09:38:00+05:30,79.23,-0.7199999999999989,CLOSED,0.0,NHPC-EQ
SELL,2026-06-25T09:38:00+05:30,79.23,-0.008004811146872085,0.05094659513211621,9,-0.2546788967706139,0.6415839749313477,2026-06-25T10:57:00+05:30,79.4,0.1700000000000017,CLOSED,1.0,NHPC-EQ
BUY,2026-06-25T10:57:00+05:30,79.4,0.0036979009936279833,0.00843274042711325,10,0.6963161944912595,0.1207879757904667,2026-06-25T14:15:00+05:30,79.42,0.01999999999999602,CLOSED,1.0,NHPC-EQ
SELL,2026-06-25T14:15:00+05:30,79.42,-0.0012820237517914227,0.026583202716503048,14,0.3623548379673667,0.626559301432958,2026-06-29T10:42:00+05:30,79.46,0.03999999999999204,CLOSED,1.0,NHPC-EQ
BUY,2026-06-29T10:42:00+05:30,79.46,0.0014919323026457824,0.02183269719174857,10,1.3805051190156132,0.6902899713096885,2026-06-29T11:29:00+05:30,79.24,-0.21999999999999886,CLOSED,0.0,NHPC-EQ
SELL,2026-06-29T11:29:00+05:30,79.24,-0.0013062809878764917,0.017029386365925842,11,1.0625278560891276,1.41921702097008,2026-06-29T11:49:00+05:30,79.56,0.3200000000000074,CLOSED,1.0,NHPC-EQ
BUY,2026-06-29T11:49:00+05:30,79.56,0.01138891076170143,0.11558546621439945,11,43.77502440721254,0.16221667570343923,2026-06-30T13:26:00+05:30,80.88,1.3199999999999932,CLOSED,1.0,NHPC-EQ
SELL,2026-06-30T13:26:00+05:30,80.88,-0.0002052067185002454,0.0371782493162635,13,-0.1788523097961,0.8487252618599843,2026-06-30T14:25:00+05:30,81.24,0.35999999999999943,CLOSED,1.0,NHPC-EQ
BUY,2026-06-30T14:25:00+05:30,81.24,0.013488270633885502,0.04808557187163713,14,0.29919809274642406,1.0129361005163824,2026-07-01T09:23:00+05:30,80.49,-0.75,CLOSED,0.0,NHPC-EQ
SELL,2026-07-01T09:23:00+05:30,80.49,-0.023715894772839825,0.4103507984368712,9,-0.5503431940684624,0.5765141910825642,2026-07-02T09:20:00+05:30,80.35,-0.14000000000000057,CLOSED,0.0,NHPC-EQ
BUY,2026-07-02T09:20:00+05:30,80.35,0.009024230493206432,0.7086889303495554,9,7.835920692725855,0.5625831295550676,2026-07-02T11:05:00+05:30,79.88,-0.46999999999999886,CLOSED,0.0,NHPC-EQ
SELL,2026-07-02T11:05:00+05:30,79.88,-0.0009495465899464102,0.07543208866258738,11,-0.2811716777210115,0.52296692892821,2026-07-02T14:36:00+05:30,80.3,0.4200000000000017,CLOSED,1.0,NHPC-EQ
BUY,2026-07-02T14:36:00+05:30,80.3,0.02180367342466169,0.34038540248110194,14,9.49025002943483,0.4662624874555241,2026-07-03T13:27:00+05:30,81.2,0.9000000000000057,CLOSED,1.0,NHPC-EQ
SELL,2026-07-03T13:27:00+05:30,81.2,-0.000985896101569369,0.027162065049951792,13,-0.09970611558988177,1.178573649194802,2026-07-06T11:56:00+05:30,80.65,-0.5499999999999972,CLOSED,0.0,NHPC-EQ
BUY,2026-07-06T11:56:00+05:30,80.65,0.012831071680868134,0.11843892002959694,11,0.7683724820636959,1.210584039063096,2026-07-06T13:54:00+05:30,80.2,-0.45000000000000284,CLOSED,0.0,NHPC-EQ
SELL,2026-07-06T13:54:00+05:30,80.2,-0.002081262511977877,0.01333333333333068,13,0.2758597861477724,0.5309702944610196,2026-07-07T14:51:00+05:30,79.04,-1.1599999999999966,CLOSED,0.0,NHPC-EQ
BUY,2026-07-07T14:51:00+05:30,79.04,0.004153225863669656,0.018973665961010494,14,-0.28093772119578075,0.9637002610009615,2026-07-07T15:27:00+05:30,78.9,-0.14000000000000057,CLOSED,0.0,NHPC-EQ
SELL,2026-07-07T15:27:00+05:30,78.9,-0.00038712099145452153,0.02923088169119085,15,-0.41407196204713664,1.5280097569678346,2026-07-08T11:56:00+05:30,79.0,0.09999999999999432,CLOSED,1.0,NHPC-EQ
BUY,2026-07-08T11:56:00+05:30,79.0,0.021644851658051308,0.19648013753162197,11,12.472151155492375,0.7232306893293402,2026-07-08T14:07:00+05:30,78.53,-0.46999999999999886,CLOSED,0.0,NHPC-EQ
SELL,2026-07-08T14:07:00+05:30,78.53,-0.006575254290596872,0.1275234183286423,14,-0.09959795596115585,0.893042694453602,2026-07-09T09:16:00+05:30,79.03,0.5,CLOSED,1.0,NHPC-EQ
BUY,2026-07-09T09:16:00+05:30,79.03,0.0005194062225995686,0.11858424103658188,9,-0.2684032228511504,1.0149966688383631,2026-07-09T14:11:00+05:30,79.03,0.0,CLOSED,0.0,NHPC-EQ
SELL,2026-07-09T14:11:00+05:30,79.03,-0.0034142790782225032,0.05411920998027118,14,6.377562224016845,1.3692757559971225,2026-07-10T09:38:00+05:30,79.13,0.09999999999999432,CLOSED,1.0,NHPC-EQ
BUY,2026-07-10T09:38:00+05:30,79.13,0.004675805513456657,0.06723920813864041,9,0.9845773720774139,0.9133215526416194,2026-07-13T09:28:00+05:30,79.43,0.30000000000001137,CLOSED,1.0,NHPC-EQ
SELL,2026-07-13T09:28:00+05:30,79.43,-0.002352112089389312,0.14045956318061342,9,-0.1800216822570757,0.6693492371440205,2026-07-13T13:32:00+05:30,79.33,-0.10000000000000853,CLOSED,0.0,NHPC-EQ
BUY,2026-07-13T13:32:00+05:30,79.33,2.2134368076101145e-06,0.021832697191750232,13,-0.19192059827831176,1.2980284047554582,2026-07-14T09:23:00+05:30,79.13,-0.20000000000000284,CLOSED,0.0,NHPC-EQ
SELL,2026-07-14T09:23:00+05:30,79.13,-0.0076975311875623785,0.22430386136270905,9,-0.32917297306292026,0.272571502667457,2026-07-14T14:00:00+05:30,78.88,-0.25,CLOSED,0.0,NHPC-EQ
BUY,2026-07-14T14:00:00+05:30,78.88,0.0011393398173614705,0.023213980461973847,14,-0.4973369172641593,0.6950461713663258,2026-07-14T14:39:00+05:30,78.73,-0.14999999999999147,CLOSED,0.0,NHPC-EQ
SELL,2026-07-14T14:39:00+05:30,78.73,-0.0002949710105455282,0.014298407059685058,14,-0.26113227369940684,0.5968888888888889,2026-07-15T09:35:00+05:30,78.92,0.18999999999999773,CLOSED,1.0,NHPC-EQ
BUY,2026-07-15T09:35:00+05:30,78.92,0.00413991056335851,0.10677598564804357,9,-0.19636473667223645,1.4562664728597323,2026-07-15T13:11:00+05:30,79.02,0.09999999999999432,CLOSED,1.0,NHPC-EQ
SELL,2026-07-15T13:11:00+05:30,79.02,-0.003323305382401107,0.047375568011839224,13,2.6522229048027786,1.991241971222618,2026-07-15T13:58:00+05:30,79.21,0.18999999999999773,CLOSED,1.0,NHPC-EQ
BUY,2026-07-15T13:58:00+05:30,79.21,7.928504576849121e-05,0.043256341860021724,13,-0.45590877354173104,0.6435524987596024,2026-07-15T15:11:00+05:30,79.1,-0.10999999999999943,CLOSED,0.0,NHPC-EQ
SELL,2026-07-15T15:11:00+05:30,79.1,-0.0026991812583371526,0.045325979795748914,15,1.1352875648131613,0.8123287712070306,2026-07-16T09:24:00+05:30,79.34,0.2400000000000091,CLOSED,1.0,NHPC-EQ
BUY,2026-07-16T09:24:00+05:30,79.34,0.0008285331899454963,0.19821424996424636,9,0.36939826842283346,1.426564826540126,2026-07-16T13:17:00+05:30,79.41,0.06999999999999318,CLOSED,1.0,NHPC-EQ
SELL,2026-07-16T13:17:00+05:30,79.41,-0.0009707334798060733,0.014181364924122006,13,-0.1554097543596319,0.7201681498598751,2026-07-17T10:31:00+05:30,79.29,-0.11999999999999034,CLOSED,0.0,NHPC-EQ
BUY,2026-07-17T10:31:00+05:30,79.29,0.008671248582144124,0.07874007874011829,10,1.1926034256029823,1.1967155128852955,2026-07-17T11:50:00+05:30,79.08,-0.21000000000000796,CLOSED,0.0,NHPC-EQ
SELL,2026-07-17T11:50:00+05:30,79.08,-0.0007989354268596515,0.019321835661586816,11,-0.19878566663752628,0.2981405230189671,2026-07-17T12:22:00+05:30,79.15,0.07000000000000739,CLOSED,1.0,NHPC-EQ
BUY,2026-07-17T12:22:00+05:30,79.15,0.0018669240581254333,0.01418136492412212,12,0.3927474896719164,0.16503813155386082,2026-07-17T15:27:00+05:30,78.66,-0.4900000000000091,CLOSED,0.0,NHPC-EQ
SELL,2026-07-17T15:27:00+05:30,78.66,-0.02600101306685287,0.20298877910969496,15,0.36393284503215373,0.7461056541246418,2026-07-20T09:28:00+05:30,79.74,1.0799999999999983,CLOSED,1.0,NHPC-EQ
BUY,2026-07-20T09:28:00+05:30,79.74,0.008995893519941338,0.29885150530359206,9,0.6625216321456491,1.688674654673787,2026-07-21T11:22:00+05:30,81.16,1.4200000000000017,CLOSED,1.0,NHPC-EQ
SELL,2026-07-21T11:22:00+05:30,81.16,-0.0004584896228351497,0.020976176963401268,11,-0.18416611827574209,1.361058978556882,2026-07-22T13:52:00+05:30,80.25,-0.9099999999999966,CLOSED,0.0,NHPC-EQ
BUY,2026-07-22T13:52:00+05:30,80.25,0.0023673443363177874,0.03741657386773619,13,-0.42686948355204246,1.3615363443340585,2026-07-23T09:17:00+05:30,79.51,-0.7399999999999949,CLOSED,0.0,NHPC-EQ
SELL,2026-07-23T09:17:00+05:30,79.51,-0.014891495453061546,0.31546086216130814,9,0.2949537698951964,1.8487990012778461,2026-07-23T09:29:00+05:30,80.6,1.0899999999999892,CLOSED,1.0,NHPC-EQ
BUY,2026-07-23T09:29:00+05:30,80.6,0.005650851898651928,0.1686712779343298,9,-0.1329587465906501,0.9420719241777261,2026-07-23T10:23:00+05:30,79.99,-0.6099999999999994,CLOSED,0.0,NHPC-EQ
SELL,2026-07-23T10:23:00+05:30,79.99,-0.005922604182550289,0.15342026521218596,10,-0.7245206362402966,1.232503350789681,2026-07-23T10:31:00+05:30,80.55,0.5600000000000023,CLOSED,1.0,NHPC-EQ
BUY,2026-07-23T10:31:00+05:30,80.55,0.009043873572595286,0.27309135630570514,10,-0.0570649228819026,0.4130269535166293,2026-07-23T12:20:00+05:30,80.3,-0.25,CLOSED,0.0,NHPC-EQ
SELL,2026-07-23T12:20:00+05:30,80.3,-0.0043109808787904075,0.051380930314659644,12,-0.7428219317536879,1.0979664869680075,2026-07-23T15:23:00+05:30,80.34,0.04000000000000625,CLOSED,1.0,NHPC-EQ
BUY,2026-07-23T15:23:00+05:30,80.34,0.004274048745169291,0.05338539126015799,15,0.3856714390998427,1.116687833081076,2026-07-24T09:17:00+05:30,79.75,-0.5900000000000034,CLOSED,0.0,NHPC-EQ
SELL,2026-07-24T09:17:00+05:30,79.75,-0.015281730860494573,0.24037008503093343,9,-0.11117557123595588,0.831023488670387,2026-07-24T11:50:00+05:30,79.75,0.0,CLOSED,0.0,NHPC-EQ
BUY,2026-07-24T11:50:00+05:30,79.75,0.0014609529497114082,0.042018514437749954,11,0.29248695248841877,0.3679998722167204,2026-07-24T13:36:00+05:30,79.48,-0.269999999999996,CLOSED,0.0,NHPC-EQ
SELL,2026-07-24T13:36:00+05:30,79.48,-0.0044650391781666824,0.06328945848682427,13,0.6744476991525621,0.6997266514806378,2026-07-24T14:00:00+05:30,79.68,0.20000000000000284,CLOSED,1.0,NHPC-EQ
BUY,2026-07-24T14:00:00+05:30,79.68,0.0019354932076751316,0.031692971530679306,14,0.23309550971162374,0.5738717962881131,2026-07-24T14:24:00+05:30,79.4,-0.28000000000000114,CLOSED,0.0,NHPC-EQ
SELL,2026-07-24T14:24:00+05:30,79.4,-0.003288489493538385,0.032386554137307594,14,-0.7285695222601891,0.7008013372007277,2026-07-27T11:41:00+05:30,79.47,0.06999999999999318,CLOSED,1.0,NHPC-EQ
BUY,2026-07-27T11:41:00+05:30,79.47,0.003031058926992193,0.04666666666666482,11,-0.30538511848620353,0.841236211998924,2026-07-27T13:21:00+05:30,79.3,-0.1700000000000017,CLOSED,0.0,NHPC-EQ
SELL,2026-07-27T13:21:00+05:30,79.3,-0.0069995499166740005,0.025407785333543778,13,0.2717005013700159,1.0555279075109105,2026-07-27T13:37:00+05:30,79.61,0.3100000000000023,CLOSED,1.0,NHPC-EQ
BUY,2026-07-27T13:37:00+05:30,79.61,0.004931273836283475,0.07504813270310158,13,-0.3286689419465299,2.1824815335386822,2026-07-28T09:20:00+05:30,79.07,-0.5400000000000063,CLOSED,0.0,NHPC-EQ
SELL,2026-07-28T09:20:00+05:30,79.07,-0.010462068075769566,0.2894074405862206,9,0.15013641854992013,0.7105862710655837,2026-07-29T09:20:00+05:30,78.85,-0.21999999999999886,CLOSED,0.0,NHPC-EQ
BUY,2026-07-29T09:20:00+05:30,78.85,0.00704915885960276,0.2998518152539857,9,0.4292268185284455,0.23968997196774103,2026-07-29T10:50:00+05:30,78.44,-0.4099999999999966,CLOSED,0.0,NHPC-EQ
SELL,2026-07-29T10:50:00+05:30,78.44,-0.000956015309805618,0.04398231968012279,10,-0.16419954053915206,0.8172849393862172,2026-07-30T11:21:00+05:30,77.85,-0.5900000000000034,CLOSED,0.0,NHPC-EQ
BUY,2026-07-30T11:21:00+05:30,77.85,0.0011112270363107999,0.07306009702825353,11,-0.3131572709725953,0.6660249191761415,2026-07-31T12:10:00+05:30,78.04,0.19000000000001194,CLOSED,1.0,NHPC-EQ
SELL,2026-07-31T12:10:00+05:30,78.04,-0.002511031199803247,0.0862554346113871,12,4.4313088650758985,0.4396938348382467,2026-07-31T12:28:00+05:30,78.27,0.22999999999998977,CLOSED,1.0,NHPC-EQ
BUY,2026-07-31T12:28:00+05:30,78.27,0.002712051528756148,0.07261006970264018,12,0.3586794588940528,0.7331688596491228,2026-08-03T12:46:00+05:30,79.46,1.1899999999999977,CLOSED,1.0,NHPC-EQ
SELL,2026-08-03T12:46:00+05:30,79.46,-0.004437088261306482,0.030568684048293597,12,0.1134381754455343,0.35971283218421585,2026-08-03T14:38:00+05:30,79.82,0.35999999999999943,CLOSED,1.0,NHPC-EQ
BUY,2026-08-03T14:38:00+05:30,79.82,0.009184933019143039,0.13942740046346866,14,1.8197720040217562,0.7881338662389398,2026-08-04T13:17:00+05:30,80.64,0.8200000000000074,CLOSED,1.0,NHPC-EQ
SELL,2026-08-04T13:17:00+05:30,80.64,-0.0014629052563492105,0.021317702607093033,13,0.2779167520447166,0.8811212374045312,2026-08-04T14:27:00+05:30,80.86,0.21999999999999886,CLOSED,1.0,NHPC-EQ
BUY,2026-08-04T14:27:00+05:30,80.86,0.0077414873451278985,0.03381321240777379,14,-0.7325226675188174,1.053249907598078,2026-08-04T15:04:00+05:30,80.45,-0.4099999999999966,CLOSED,0.0,NHPC-EQ
SELL,2026-08-04T15:04:00+05:30,80.45,-0.0051472896442640295,0.14899664425751216,15,11.778666929149487,0.4928621497434523,2026-08-05T09:16:00+05:30,82.09,1.6400000000000006,CLOSED,1.0,NHPC-EQ
BUY,2026-08-05T09:16:00+05:30,82.09,0.04114894495425622,0.5961739119865382,9,1.5450709779841425,1.9891496308054066,2026-08-05T10:01:00+05:30,79.98,-2.1099999999999994,CLOSED,0.0,NHPC-EQ
SELL,2026-08-05T10:01:00+05:30,79.98,-0.013434366739382884,0.19299971214716635,10,1.7749121608191967,1.986037714097014,,,,OPEN,,NHPC-EQ
SELL,2026-06-25T12:35:00+05:30,30.58,-0.005579931664357601,0.040290610982378516,12,0.3302625811169856,0.9105657569557014,2026-06-25T14:12:00+05:30,30.63,0.05000000000000071,CLOSED,1.0,ITBEES-EQ
BUY,2026-06-25T14:12:00+05:30,30.63,0.0035934012202258076,0.016465452046970988,14,-0.3072834200117541,0.8720408163265306,2026-06-25T14:15:00+05:30,30.57,-0.05999999999999872,CLOSED,0.0,ITBEES-EQ
SELL,2026-06-25T14:15:00+05:30,30.57,-0.0033354052908354157,0.020789954839349763,14,0.20999492976544804,1.7590500828945692,2026-07-02T09:21:00+05:30,29.47,-1.1000000000000014,CLOSED,0.0,ITBEES-EQ
BUY,2026-07-02T09:21:00+05:30,29.47,0.031049533861056453,0.36274263910136434,9,1.2680739112169863,0.7695970366591576,2026-07-03T15:25:00+05:30,30.44,0.9700000000000024,CLOSED,1.0,ITBEES-EQ
SELL,2026-07-03T15:25:00+05:30,30.44,-0.0028094614926795184,0.010593499054713372,15,0.872921819685517,1.6549219728167128,2026-07-06T15:21:00+05:30,30.27,-0.1700000000000017,CLOSED,0.0,ITBEES-EQ
BUY,2026-07-06T15:21:00+05:30,30.27,0.003251126438453342,0.006992058987802103,15,1.0276215193581038,1.8826236287604108,2026-07-08T09:41:00+05:30,30.89,0.620000000000001,CLOSED,1.0,ITBEES-EQ
SELL,2026-07-08T09:41:00+05:30,30.89,-0.008087223465187353,0.041419265512024,9,1.1777329583084573,0.1945223776354494,2026-07-09T12:01:00+05:30,30.51,-0.379999999999999,CLOSED,0.0,ITBEES-EQ
BUY,2026-07-09T12:01:00+05:30,30.51,5.96682326377538e-05,0.023190036174568135,12,3.2924064977337175,0.4383164509022633,2026-07-09T15:09:00+05:30,30.45,-0.060000000000002274,CLOSED,0.0,ITBEES-EQ
SELL,2026-07-09T15:09:00+05:30,30.45,-0.004571350679692693,0.06896859188548501,15,-0.4318782871303651,1.1121677498673364,2026-07-10T09:15:00+05:30,31.44,0.990000000000002,CLOSED,1.0,ITBEES-EQ
BUY,2026-07-10T09:15:00+05:30,31.44,0.011232772956005726,0.042216373863967024,9,-0.18672765471333838,1.2866140170662004,2026-07-14T10:11:00+05:30,32.03,0.5899999999999999,CLOSED,1.0,ITBEES-EQ
SELL,2026-07-14T10:11:00+05:30,32.03,-0.008701590659700633,0.021628170930011226,10,0.008495309521208512,0.4868022770587576,2026-07-14T10:35:00+05:30,32.22,0.18999999999999773,CLOSED,1.0,ITBEES-EQ
BUY,2026-07-14T10:35:00+05:30,32.22,0.00952873950423513,0.11783227250819098,10,0.1283910470125893,0.33330611776544006,2026-07-14T10:51:00+05:30,32.04,-0.17999999999999972,CLOSED,0.0,ITBEES-EQ
SELL,2026-07-14T10:51:00+05:30,32.04,-0.005873688400746036,0.03705851229250069,10,14.568242607605596,0.8369203093958861,2026-07-14T11:15:00+05:30,32.12,0.0799999999999983,CLOSED,1.0,ITBEES-EQ
BUY,2026-07-14T11:15:00+05:30,32.12,0.002622067614933213,0.025905812303633043,11,-0.8153249006106852,0.7619787794823275,2026-07-14T11:34:00+05:30,32.08,-0.03999999999999915,CLOSED,0.0,ITBEES-EQ
SELL,2026-07-14T11:34:00+05:30,32.08,-0.0015458171910588466,0.013165611772087207,11,-0.26478060753207855,1.4941905111682414,2026-07-15T14:22:00+05:30,31.73,-0.34999999999999787,CLOSED,0.0,ITBEES-EQ
BUY,2026-07-15T14:22:00+05:30,31.73,0.00030737316944812805,0.011785113019775958,14,0.09365401633431546,0.7825590251332825,2026-07-15T14:54:00+05:30,31.68,-0.05000000000000071,CLOSED,0.0,ITBEES-EQ
SELL,2026-07-15T14:54:00+05:30,31.68,-0.00026288364075272,0.023781411975649258,14,2.124299789424964,0.8125279039607679,2026-07-16T09:16:00+05:30,32.14,0.46000000000000085,CLOSED,1.0,ITBEES-EQ
BUY,2026-07-16T09:16:00+05:30,32.14,0.03379561366295525,0.09666091936937729,9,1.1416755936663812,1.5873318760698059,2026-07-16T13:39:00+05:30,32.0,-0.14000000000000057,CLOSED,0.0,ITBEES-EQ
SELL,2026-07-16T13:39:00+05:30,32.0,-0.0039636069934736425,0.005676462121976841,13,0.5284509651308151,0.09971122737279299,2026-07-17T09:18:00+05:30,32.5,0.5,CLOSED,1.0,ITBEES-EQ
BUY,2026-07-17T09:18:00+05:30,32.5,0.013572642639341227,0.31270149059801694,9,7.851469384738327,1.514286604679335,2026-07-20T11:50:00+05:30,32.42,-0.0799999999999983,CLOSED,0.0,ITBEES-EQ
SELL,2026-07-20T11:50:00+05:30,32.42,-0.000556928409874655,0.01074967699773161,11,-0.2731206167951934,0.8464044912122324,2026-07-20T13:36:00+05:30,32.45,0.030000000000001137,CLOSED,1.0,ITBEES-EQ
BUY,2026-07-20T13:36:00+05:30,32.45,0.0038175618924415184,0.00942809041582127,13,-0.6385368638726666,0.26507957338168975,2026-07-20T15:12:00+05:30,32.4,-0.05000000000000426,CLOSED,0.0,ITBEES-EQ
SELL,2026-07-20T15:12:00+05:30,32.4,-0.002812109587519838,0.011005049346146656,15,0.48758926115013135,0.5303712165795456,2026-07-21T09:26:00+05:30,32.57,0.1700000000000017,CLOSED,1.0,ITBEES-EQ
BUY,2026-07-21T09:26:00+05:30,32.57,0.010078009325437157,0.06835365551469985,9,-0.2741579461597617,1.7468290199169285,2026-07-21T09:57:00+05:30,32.36,-0.21000000000000085,CLOSED,0.0,ITBEES-EQ
SELL,2026-07-21T09:57:00+05:30,32.36,-0.00981422678323568,0.027968235951203787,9,-0.4928013493581253,1.4423324359634189,2026-07-23T11:15:00+05:30,31.74,-0.620000000000001,CLOSED,0.0,ITBEES-EQ
BUY,2026-07-23T11:15:00+05:30,31.74,0.004694160232308103,0.022997584414213606,11,3.437945044698628,0.34129609616978834,2026-07-23T11:26:00+05:30,31.61,-0.129999999999999,CLOSED,0.0,ITBEES-EQ
SELL,2026-07-23T11:26:00+05:30,31.61,-0.0015094488214741182,0.04280446497997871,11,-0.5752111760572227,0.8917782026768643,2026-07-23T12:04:00+05:30,31.77,0.16000000000000014,CLOSED,1.0,ITBEES-EQ
BUY,2026-07-23T12:04:00+05:30,31.77,0.011128320274932954,0.02592724864350676,12,-0.44706118881993245,0.8368857905889139,2026-07-23T12:45:00+05:30,31.63,-0.14000000000000057,CLOSED,0.0,ITBEES-EQ
SELL,2026-07-23T12:45:00+05:30,31.63,-0.003352141744554309,0.021832697191750218,12,2.588865740996854,0.18516057740726236,2026-07-23T13:58:00+05:30,31.71,0.08000000000000185,CLOSED,1.0,ITBEES-EQ
BUY,2026-07-23T13:58:00+05:30,31.71,0.0017367211732246999,0.012866839377078958,13,1.1055688108077322,0.3839986316307113,2026-07-24T10:04:00+05:30,31.68,-0.030000000000001137,CLOSED,0.0,ITBEES-EQ
SELL,2026-07-24T10:04:00+05:30,31.68,-0.0012803246155826881,0.03529242915351019,10,-0.20944370343207838,0.773488430814434,2026-07-24T12:29:00+05:30,31.68,0.0,CLOSED,0.0,ITBEES-EQ
BUY,2026-07-24T12:29:00+05:30,31.68,0.00031543389941378504,0.030550504633039058,12,-0.5155818618614951,0.48874492599122554,2026-07-29T15:26:00+05:30,34.5,2.8200000000000003,CLOSED,1.0,ITBEES-EQ
SELL,2026-07-29T15:26:00+05:30,34.5,-0.0042054789333437915,0.018973665961010078,15,0.07954350397748805,1.0739031346377252,2026-07-30T09:15:00+05:30,34.85,0.3500000000000014,CLOSED,1.0,ITBEES-EQ
BUY,2026-07-30T09:15:00+05:30,34.85,0.005281618361623605,0.02359378449224948,9,-0.20105196519354912,0.9693545531943589,2026-07-30T13:35:00+05:30,34.94,0.0899999999999963,CLOSED,1.0,ITBEES-EQ
SELL,2026-07-30T13:35:00+05:30,34.94,-0.0038598515895904495,0.03533962208186213,13,-0.5501032388409878,0.7058113782420565,2026-07-31T12:49:00+05:30,34.26,-0.6799999999999997,CLOSED,0.0,ITBEES-EQ
BUY,2026-07-31T12:49:00+05:30,34.26,0.0010172599000900875,0.00823272602348564,12,-0.009633136798758747,1.1686486161432417,2026-07-31T13:25:00+05:30,34.14,-0.11999999999999744,CLOSED,0.0,ITBEES-EQ
SELL,2026-07-31T13:25:00+05:30,34.14,-0.008418159672538748,0.034721111093331314,13,4.673631040765159,1.9048148972475702,2026-08-03T09:17:00+05:30,34.39,0.25,CLOSED,1.0,ITBEES-EQ
BUY,2026-08-03T09:17:00+05:30,34.39,0.020710507918396102,0.13064370546558138,9,0.1959830052923395,1.8019594612552008,2026-08-04T10:08:00+05:30,34.74,0.3500000000000014,CLOSED,1.0,ITBEES-EQ
SELL,2026-08-04T10:08:00+05:30,34.74,-0.005262651588039924,0.0349761823721994,10,1.8712925863917222,0.3865640262032862,2026-08-04T11:09:00+05:30,34.86,0.11999999999999744,CLOSED,1.0,ITBEES-EQ
BUY,2026-08-04T11:09:00+05:30,34.86,0.00055451436442297,0.01955050439815259,11,5.800108454942357,1.5452288792512938,2026-08-04T12:04:00+05:30,34.76,-0.10000000000000142,CLOSED,0.0,ITBEES-EQ
SELL,2026-08-04T12:04:00+05:30,34.76,-0.0032254728252984637,0.01549193338482944,12,-0.43684277793959986,0.7749087007654694,2026-08-04T13:47:00+05:30,34.81,0.05000000000000426,CLOSED,1.0,ITBEES-EQ
BUY,2026-08-04T13:47:00+05:30,34.81,0.001167942330229594,0.010540925533894747,13,0.8563547745550977,0.5658540103866128,2026-08-04T14:21:00+05:30,34.77,-0.03999999999999915,CLOSED,0.0,ITBEES-EQ
SELL,2026-08-04T14:21:00+05:30,34.77,-0.0004764254661162775,0.0067494855771057065,14,-0.5312839495970666,0.7313932526397116,2026-08-05T09:20:00+05:30,34.95,0.17999999999999972,CLOSED,1.0,ITBEES-EQ
BUY,2026-08-05T09:20:00+05:30,34.95,0.018230452212544993,0.12320263344948683,9,0.8068548674846336,0.36719170705438875,2026-08-05T12:54:00+05:30,34.85,-0.10000000000000142,CLOSED,0.0,ITBEES-EQ
SELL,2026-08-05T12:54:00+05:30,34.85,-0.006673116965282173,0.012866839377078406,12,-0.18195088439779747,1.638676043525419,2026-08-06T09:19:00+05:30,35.0,0.14999999999999858,CLOSED,1.0,ITBEES-EQ
BUY,2026-08-06T09:19:00+05:30,35.0,0.004357363425367587,0.19437649606426902,9,7.640098022959194,0.9695920928184454,2026-08-06T10:04:00+05:30,34.75,-0.25,CLOSED,0.0,ITBEES-EQ
SELL,2026-08-06T10:04:00+05:30,34.75,-0.0038274199266459196,0.02149935399546359,10,-0.4486504195891624,1.1088700461672076,2026-08-07T09:22:00+05:30,34.99,0.240000000000002,CLOSED,1.0,ITBEES-EQ
BUY,2026-08-07T09:22:00+05:30,34.99,0.0004352770480215601,0.15136783747620292,9,0.40921836891201313,1.566756749252654,2026-08-07T12:37:00+05:30,34.88,-0.10999999999999943,CLOSED,0.0,ITBEES-EQ
SELL,2026-08-07T12:37:00+05:30,34.88,-0.0015537484208238352,0.013165611772087206,12,0.2645396306664314,0.3835303466772623,2026-08-07T13:19:00+05:30,34.93,0.04999999999999716,CLOSED,1.0,ITBEES-EQ
BUY,2026-08-07T13:19:00+05:30,34.93,0.0016397238035212123,0.014142135623732604,13,0.1281745620067961,0.32618183488767405,,,,OPEN,,ITBEES-EQ
BUY,2026-06-24T11:45:00+05:30,58.74,0.04088847275181867,0.2800892714832179,11,0.13325869741142368,1.5511574025342156,2026-06-24T14:43:00+05:30,58.22,-0.5200000000000031,CLOSED,0.0,SUZLON-EQ
SELL,2026-06-24T14:43:00+05:30,58.22,-0.007246098813152892,0.02740640638812632,14,1.0218058720894019,1.6802105125884275,2026-06-29T10:49:00+05:30,57.51,-0.7100000000000009,CLOSED,0.0,SUZLON-EQ
BUY,2026-06-29T10:49:00+05:30,57.51,0.005252942576745224,0.04423422506008933,10,0.08720198104203307,0.8470884869130207,2026-06-29T11:22:00+05:30,57.33,-0.17999999999999972,CLOSED,0.0,SUZLON-EQ
SELL,2026-06-29T11:22:00+05:30,57.33,-0.0049937354261394,0.07146094504459514,11,-0.4440682182693766,1.1029219532760688,2026-06-29T14:05:00+05:30,57.34,0.010000000000005116,CLOSED,1.0,SUZLON-EQ
BUY,2026-06-29T14:05:00+05:30,57.34,0.0007631151382474693,0.023213980461973167,14,-0.1735608307313169,0.9988406180946668,2026-06-29T14:10:00+05:30,57.28,-0.060000000000002274,CLOSED,0.0,SUZLON-EQ
SELL,2026-06-29T14:10:00+05:30,57.28,-0.0003196317915121897,0.028362729848243565,14,-0.12270233356283769,0.7200678379466294,2026-06-29T14:11:00+05:30,57.32,0.03999999999999915,CLOSED,1.0,SUZLON-EQ
BUY,2026-06-29T14:11:00+05:30,57.32,0.0004764280787061736,0.02875181153713026,14,0.027778126096770862,0.6148716040420554,2026-06-29T14:25:00+05:30,57.15,-0.1700000000000017,CLOSED,0.0,SUZLON-EQ
SELL,2026-06-29T14:25:00+05:30,57.15,-0.009031887845025496,0.04467164151400253,14,0.5018330824816633,1.5531640040085872,2026-06-30T09:17:00+05:30,57.63,0.480000000000004,CLOSED,1.0,SUZLON-EQ
BUY,2026-06-30T09:17:00+05:30,57.63,0.026890168190487188,0.1531303003617796,9,0.11318605343650069,1.3186631892619722,2026-07-01T12:19:00+05:30,58.58,0.9499999999999957,CLOSED,1.0,SUZLON-EQ
SELL,2026-07-01T12:19:00+05:30,58.58,-0.004863811435874096,0.05396500923952629,12,0.5185054691937998,1.083239436406126,2026-07-03T15:16:00+05:30,56.89,-1.6899999999999977,CLOSED,0.0,SUZLON-EQ
BUY,2026-07-03T15:16:00+05:30,56.89,0.00865033940093232,0.03541813722437044,15,-0.33657121424309894,1.0590497398207013,2026-07-06T09:24:00+05:30,55.98,-0.9100000000000037,CLOSED,0.0,SUZLON-EQ
SELL,2026-07-06T09:24:00+05:30,55.98,-0.004961087902217088,0.28796025960383986,9,0.7666745636683513,1.9012526308998277,2026-07-07T13:55:00+05:30,54.94,-1.0399999999999991,CLOSED,0.0,SUZLON-EQ
BUY,2026-07-07T13:55:00+05:30,54.94,0.007059924774799156,0.06640783086353604,13,-0.5001594807003344,0.6133364406152418,2026-07-07T14:49:00+05:30,54.58,-0.35999999999999943,CLOSED,0.0,SUZLON-EQ
SELL,2026-07-07T14:49:00+05:30,54.58,-0.007293292591652149,0.03900142447540964,14,-0.08207839317648082,1.4980538461407658,2026-07-08T12:59:00+05:30,54.58,0.0,CLOSED,0.0,SUZLON-EQ
BUY,2026-07-08T12:59:00+05:30,54.58,0.004646719513475822,0.1515255753990065,12,1.0033335461776447,0.5498171194189548,2026-07-08T14:00:00+05:30,53.81,-0.769999999999996,CLOSED,0.0,SUZLON-EQ
SELL,2026-07-08T14:00:00+05:30,53.81,-0.02159050757724092,0.17025797419732794,14,1.9225198593084871,1.6083458728319866,2026-07-09T09:50:00+05:30,53.87,0.05999999999999517,CLOSED,1.0,SUZLON-EQ
BUY,2026-07-09T09:50:00+05:30,53.87,0.003059604951036429,0.04600724580614081,9,-0.2046228779961412,0.8398663907084076,2026-07-09T10:23:00+05:30,53.58,-0.28999999999999915,CLOSED,0.0,SUZLON-EQ
SELL,2026-07-09T10:23:00+05:30,53.58,-0.00695309325768277,0.05011098792790965,10,0.6760348422606919,1.0679206910757841,2026-07-09T12:08:00+05:30,53.72,0.14000000000000057,CLOSED,1.0,SUZLON-EQ
BUY,2026-07-09T12:08:00+05:30,53.72,0.004049406354646986,0.013703203194063361,12,-0.17711964414993825,1.5165308857841,2026-07-09T15:11:00+05:30,53.62,-0.10000000000000142,CLOSED,0.0,SUZLON-EQ
SELL,2026-07-09T15:11:00+05:30,53.62,-0.017108724635059937,0.09335713982098916,15,-0.218490757239634,0.811315412352071,2026-07-10T09:23:00+05:30,54.14,0.5200000000000031,CLOSED,1.0,SUZLON-EQ
BUY,2026-07-10T09:23:00+05:30,54.14,0.004359123674864182,0.1574660457227375,9,-0.48078662524564164,0.8207925796125144,2026-07-10T11:50:00+05:30,54.05,-0.09000000000000341,CLOSED,0.0,SUZLON-EQ
SELL,2026-07-10T11:50:00+05:30,54.05,-0.0018490054440914452,0.016465452046970797,11,0.8044094940482109,0.583415006666534,2026-07-10T12:13:00+05:30,54.15,0.10000000000000142,CLOSED,1.0,SUZLON-EQ
BUY,2026-07-10T12:13:00+05:30,54.15,0.003498043700380621,0.03438345855527267,12,2.395405007756017,1.0797517396195113,2026-07-10T13:27:00+05:30,54.02,-0.12999999999999545,CLOSED,0.0,SUZLON-EQ
SELL,2026-07-10T13:27:00+05:30,54.02,-0.007073997562915043,0.034383458555274866,13,0.6400180110043788,0.47952948776614357,2026-07-13T14:58:00+05:30,53.33,-0.6900000000000048,CLOSED,0.0,SUZLON-EQ
BUY,2026-07-13T14:58:00+05:30,53.33,0.004631464617498659,0.02233582075700125,14,-0.14100426162584753,0.673415635724341,2026-07-13T15:07:00+05:30,53.17,-0.1599999999999966,CLOSED,0.0,SUZLON-EQ
SELL,2026-07-13T15:07:00+05:30,53.17,-0.004837386048645355,0.04830458915396482,15,-0.1260186063178817,1.5981111144235192,2026-07-15T09:21:00+05:30,52.69,-0.480000000000004,CLOSED,0.0,SUZLON-EQ
BUY,2026-07-15T09:21:00+05:30,52.69,0.01073803871247445,0.17895995827745023,9,0.43592507225483773,1.0461784026029837,2026-07-15T12:54:00+05:30,52.77,0.0800000000000054,CLOSED,1.0,SUZLON-EQ
SELL,2026-07-15T12:54:00+05:30,52.77,-0.004670500525057924,0.06896859188548567,12,2.823591755632842,1.8366153380396042,2026-07-16T11:13:00+05:30,52.57,-0.20000000000000284,CLOSED,0.0,SUZLON-EQ
BUY,2026-07-16T11:13:00+05:30,52.57,0.008971649188072393,0.038600518131237736,11,-0.3869063947226911,0.5103506955689887,2026-07-16T11:59:00+05:30,52.33,-0.240000000000002,CLOSED,0.0,SUZLON-EQ
SELL,2026-07-16T11:59:00+05:30,52.33,-0.0089369028234559,0.05189733454940931,11,-0.36812258040197604,0.48812494902536496,2026-07-17T14:22:00+05:30,51.64,-0.6899999999999977,CLOSED,0.0,SUZLON-EQ
BUY,2026-07-17T14:22:00+05:30,51.64,0.008673343576225796,0.09286190463981107,14,-0.061821317149556826,0.5238278642792554,2026-07-22T09:19:00+05:30,53.05,1.4099999999999966,CLOSED,1.0,SUZLON-EQ
SELL,2026-07-22T09:19:00+05:30,53.05,-0.007931500047412306,0.09825703254446638,9,0.6765247110491505,0.751544993608135,2026-07-22T11:07:00+05:30,53.55,0.5,CLOSED,1.0,SUZLON-EQ
BUY,2026-07-22T11:07:00+05:30,53.55,0.006766097065278713,0.10795575225269145,11,-0.1547223890285966,1.8463380854865485,2026-07-22T12:33:00+05:30,52.95,-0.5999999999999943,CLOSED,0.0,SUZLON-EQ
SELL,2026-07-22T12:33:00+05:30,52.95,-0.002690740497058282,0.032676869155073326,12,-0.06297722060614767,1.8445096998031691,2026-07-22T15:10:00+05:30,53.06,0.10999999999999943,CLOSED,1.0,SUZLON-EQ
BUY,2026-07-22T15:10:00+05:30,53.06,0.011205542523472419,0.06037843618010885,15,0.01359375226580041,0.9879532449729046,2026-07-23T09:56:00+05:30,52.83,-0.23000000000000398,CLOSED,0.0,SUZLON-EQ
SELL,2026-07-23T09:56:00+05:30,52.83,-0.008215369452304193,0.04055175020198824,9,0.18419586399767895,0.773276918531811,2026-07-23T10:09:00+05:30,52.97,0.14000000000000057,CLOSED,1.0,SUZLON-EQ
BUY,2026-07-23T10:09:00+05:30,52.97,5.645169861610132e-05,0.07539525478731801,10,-0.16685881855869758,0.8166209205055696,2026-07-23T10:27:00+05:30,52.88,-0.0899999999999963,CLOSED,0.0,SUZLON-EQ
SELL,2026-07-23T10:27:00+05:30,52.88,-0.0014940203143060514,0.08435375246872913,10,-0.055302297556018724,1.106829349144207,2026-07-23T10:49:00+05:30,53.19,0.30999999999999517,CLOSED,1.0,SUZLON-EQ
BUY,2026-07-23T10:49:00+05:30,53.19,0.005794171852097395,0.13378672912097422,10,3.97643059857474,0.6314151322516941,2026-07-23T12:36:00+05:30,52.83,-0.35999999999999943,CLOSED,0.0,SUZLON-EQ
SELL,2026-07-23T12:36:00+05:30,52.83,-0.0015523330295419975,0.046055522047969595,12,0.39745574448222876,0.6274737674137065,2026-07-24T12:33:00+05:30,52.31,-0.519999999999996,CLOSED,0.0,SUZLON-EQ
BUY,2026-07-24T12:33:00+05:30,52.31,0.011023378842021545,0.05947922139518851,12,-0.16796971136823582,0.4800812599761131,2026-07-24T13:47:00+05:30,52.14,-0.1700000000000017,CLOSED,0.0,SUZLON-EQ
SELL,2026-07-24T13:47:00+05:30,52.14,-0.0036919568812765575,0.038427420765212696,13,0.8623538925025767,0.218201650508942,2026-07-24T13:57:00+05:30,52.27,0.13000000000000256,CLOSED,1.0,SUZLON-EQ
BUY,2026-07-24T13:57:00+05:30,52.27,0.002147210385919302,0.04000000000000013,13,5.936376387986919,1.6310154910308023,2026-07-24T14:45:00+05:30,52.17,-0.10000000000000142,CLOSED,0.0,SUZLON-EQ
SELL,2026-07-24T14:45:00+05:30,52.17,-0.0009904070943404964,0.02674987019698611,14,0.1545281869305356,0.9891028347219291,2026-07-24T15:16:00+05:30,52.35,0.17999999999999972,CLOSED,1.0,SUZLON-EQ
BUY,2026-07-24T15:16:00+05:30,52.35,0.0035618186735571935,0.04094712037087109,15,0.3919495582646694,1.1188202868742039,2026-07-28T09:22:00+05:30,52.12,-0.23000000000000398,CLOSED,0.0,SUZLON-EQ
SELL,2026-07-28T09:22:00+05:30,52.12,-0.007163500280352657,0.34503622998172223,9,0.05300428105200311,1.1813183987786637,2026-07-29T15:06:00+05:30,47.55,-4.57,CLOSED,0.0,SUZLON-EQ
BUY,2026-07-29T15:06:00+05:30,47.55,0.022383502049137315,0.1252774698197756,15,-0.32050238234499095,1.3120125677185646,2026-07-30T09:19:00+05:30,46.41,-1.1400000000000006,CLOSED,0.0,SUZLON-EQ
SELL,2026-07-30T09:19:00+05:30,46.41,-0.058981310999976104,0.3970740205273788,9,0.4892457421726724,1.293435715530872,2026-07-30T11:21:00+05:30,47.02,0.6100000000000065,CLOSED,1.0,SUZLON-EQ
BUY,2026-07-30T11:21:00+05:30,47.02,0.01101159976290292,0.0581664278887178,11,-0.15990369553773917,0.43292677031698656,2026-07-30T14:09:00+05:30,47.26,0.23999999999999488,CLOSED,1.0,SUZLON-EQ
SELL,2026-07-30T14:09:00+05:30,47.26,-0.0036070926147541474,0.04164666186436278,14,0.21912895409443003,1.1298762798328714,2026-07-30T14:55:00+05:30,47.43,0.1700000000000017,CLOSED,1.0,SUZLON-EQ
BUY,2026-07-30T14:55:00+05:30,47.43,0.00550414979139032,0.03765338999051339,14,-0.26900572827305386,0.5967063102168908,2026-08-03T15:29:00+05:30,48.1,0.6700000000000017,CLOSED,1.0,SUZLON-EQ
SELL,2026-08-03T15:29:00+05:30,48.1,-0.04286544355751306,0.03777124126457471,15,0.9472860046283126,1.1288634903944659,2026-08-04T09:18:00+05:30,49.04,0.9399999999999977,CLOSED,1.0,SUZLON-EQ
BUY,2026-08-04T09:18:00+05:30,49.04,0.0024916238734216736,0.2618820769396444,9,2.073634862859215,1.122389392896376,2026-08-04T10:12:00+05:30,48.69,-0.3500000000000014,CLOSED,0.0,SUZLON-EQ
SELL,2026-08-04T10:12:00+05:30,48.69,-0.016328929370638096,0.06633249580710694,10,-0.32665734948733394,1.2071923883562508,2026-08-05T09:24:00+05:30,48.59,-0.09999999999999432,CLOSED,0.0,SUZLON-EQ
BUY,2026-08-05T09:24:00+05:30,48.59,0.006160152563883475,0.18483926951693916,9,-0.6321503868293198,1.0437645701651086,2026-08-05T11:36:00+05:30,48.27,-0.3200000000000003,CLOSED,0.0,SUZLON-EQ
SELL,2026-08-05T11:36:00+05:30,48.27,-0.008886300611311316,0.039944405810520604,11,-0.05793756572262327,1.2632351748195019,2026-08-06T10:34:00+05:30,48.2,-0.07000000000000028,CLOSED,0.0,SUZLON-EQ
BUY,2026-08-06T10:34:00+05:30,48.2,0.0034213660040081388,0.014298407059684284,10,-0.35137934191400655,1.7406437417244331,2026-08-06T11:02:00+05:30,48.08,-0.12000000000000455,CLOSED,0.0,SUZLON-EQ
SELL,2026-08-06T11:02:00+05:30,48.08,-0.0009542285121955485,0.012649110640674121,11,-0.42832133309517095,1.0121926071041913,2026-08-06T12:43:00+05:30,48.18,0.10000000000000142,CLOSED,1.0,SUZLON-EQ
BUY,2026-08-06T12:43:00+05:30,48.18,0.004638729186373379,0.012292725943057949,12,-0.5090267778121248,0.7650860741087602,2026-08-07T13:16:00+05:30,48.45,0.2700000000000031,CLOSED,1.0,SUZLON-EQ
SELL,2026-08-07T13:16:00+05:30,48.45,-0.004214467508688297,0.05456901847914995,13,0.5831555895403145,1.6188298624082385,,,,OPEN,,SUZLON-EQ
SELL,2026-06-24T11:30:00+05:30,93.37,-0.0055090331218580245,0.07294594650226097,11,0.42525789601697206,0.9444853209089776,2026-06-24T11:42:00+05:30,93.84,0.46999999999999886,CLOSED,1.0,IRFC-EQ
BUY,2026-06-24T11:42:00+05:30,93.84,0.0003282029143612137,0.11948500603283456,11,0.9001533648506023,0.637391364904994,2026-06-24T13:45:00+05:30,93.72,-0.12000000000000455,CLOSED,0.0,IRFC-EQ
SELL,2026-06-24T13:45:00+05:30,93.72,-0.009254585214565516,0.07026932316294512,13,-0.3904074203361393,0.7065092515082412,2026-06-30T11:27:00+05:30,90.85,-2.8700000000000045,CLOSED,0.0,IRFC-EQ
BUY,2026-06-30T11:27:00+05:30,90.85,0.007570446333463891,0.07880355321938191,11,1.263613233868684,0.5309615584320385,2026-06-30T12:13:00+05:30,90.57,-0.28000000000000114,CLOSED,0.0,IRFC-EQ
SELL,2026-06-30T12:13:00+05:30,90.57,-0.003364756921011782,0.05566766466171161,12,0.19809053025846066,0.6576936381647221,2026-06-30T14:38:00+05:30,90.62,0.05000000000001137,CLOSED,1.0,IRFC-EQ
BUY,2026-06-30T14:38:00+05:30,90.62,0.005056115833451254,0.05120763831912435,14,-0.44455686834703484,1.194836916295212,2026-07-01T13:43:00+05:30,91.38,0.7599999999999909,CLOSED,1.0,IRFC-EQ
SELL,2026-07-01T13:43:00+05:30,91.38,-0.0007415755145790614,0.029832867780352934,13,-0.550983473122774,0.9811748164349321,2026-07-02T09:26:00+05:30,91.74,0.35999999999999943,CLOSED,1.0,IRFC-EQ
BUY,2026-07-02T09:26:00+05:30,91.74,0.016565138002276446,0.11972654026757988,9,0.37806468998814746,0.7476788682566068,2026-07-02T10:17:00+05:30,91.23,-0.5099999999999909,CLOSED,0.0,IRFC-EQ
SELL,2026-07-02T10:17:00+05:30,91.23,-0.004525426465020731,0.06397916327472057,10,-0.47072958966612777,0.9221310151966261,2026-07-02T15:26:00+05:30,90.97,-0.2600000000000051,CLOSED,0.0,IRFC-EQ
BUY,2026-07-02T15:26:00+05:30,90.97,0.006632681860878002,0.07290785661062517,15,0.12871472194178593,1.3081462155110648,2026-07-03T11:15:00+05:30,90.67,-0.29999999999999716,CLOSED,0.0,IRFC-EQ
SELL,2026-07-03T11:15:00+05:30,90.67,-0.007506479806233489,0.04613988392799622,11,-0.29255072871475796,1.318318596031955,2026-07-06T12:13:00+05:30,90.35,-0.3200000000000074,CLOSED,0.0,IRFC-EQ
BUY,2026-07-06T12:13:00+05:30,90.35,0.006198842720136661,0.03994440581052037,12,-0.5238635534559862,0.8021276595744681,2026-07-06T12:46:00+05:30,90.13,-0.21999999999999886,CLOSED,0.0,IRFC-EQ
SELL,2026-07-06T12:46:00+05:30,90.13,-0.003137392877607652,0.05440588203494145,12,-0.6782053587048703,0.6246756875424101,2026-07-06T15:08:00+05:30,90.23,0.10000000000000853,CLOSED,1.0,IRFC-EQ
BUY,2026-07-06T15:08:00+05:30,90.23,0.002714545633836106,0.02877112750271892,15,1.4391879812277222,1.867367186672928,2026-07-07T09:26:00+05:30,89.99,-0.2400000000000091,CLOSED,0.0,IRFC-EQ
SELL,2026-07-07T09:26:00+05:30,89.99,-0.00555614417394295,0.08329332372871982,9,-0.08219655481243834,0.8838055082969648,2026-07-07T14:39:00+05:30,89.86,-0.12999999999999545,CLOSED,0.0,IRFC-EQ
BUY,2026-07-07T14:39:00+05:30,89.86,0.0005473834551246511,0.024698178070456787,14,-0.10168514743163451,2.210714837299372,2026-07-07T14:41:00+05:30,89.81,-0.04999999999999716,CLOSED,0.0,IRFC-EQ
SELL,2026-07-07T14:41:00+05:30,89.81,-0.00016791056277688785,0.025733678754159023,14,2.121637896072254,0.4205514831961591,2026-07-07T14:42:00+05:30,89.85,0.03999999999999204,CLOSED,1.0,IRFC-EQ
BUY,2026-07-07T14:42:00+05:30,89.85,0.001135683272067392,0.025033311140691013,14,3.6990287172141807,0.7243841549075225,2026-07-08T09:16:00+05:30,88.67,-1.1799999999999926,CLOSED,0.0,IRFC-EQ
SELL,2026-07-08T09:16:00+05:30,88.67,-0.03556785536197398,0.3431617694324337,9,1.4629530885439488,1.8565001445933922,2026-07-09T09:55:00+05:30,88.5,-0.1700000000000017,CLOSED,0.0,IRFC-EQ
BUY,2026-07-09T09:55:00+05:30,88.5,0.0016964324368240397,0.045264653858046205,9,-0.2866681660896192,1.2976155286235096,2026-07-09T10:29:00+05:30,88.08,-0.4200000000000017,CLOSED,0.0,IRFC-EQ
SELL,2026-07-09T10:29:00+05:30,88.08,-0.0017502857792710555,0.05056349144063004,10,0.18585240674175704,1.4770450355927633,2026-07-09T11:35:00+05:30,88.34,0.2600000000000051,CLOSED,1.0,IRFC-EQ
BUY,2026-07-09T11:35:00+05:30,88.34,0.0022191412631245733,0.03446415206816654,11,-0.01324756037545007,0.6950966850828729,2026-07-09T13:57:00+05:30,88.2,-0.14000000000000057,CLOSED,0.0,IRFC-EQ
SELL,2026-07-09T13:57:00+05:30,88.2,-0.00022761484836610968,0.03835506630304651,13,0.385052119260859,1.0227839590517709,2026-07-09T14:19:00+05:30,88.35,0.14999999999999147,CLOSED,1.0,IRFC-EQ
BUY,2026-07-09T14:19:00+05:30,88.35,0.0005646880218174516,0.039454615277132114,14,-0.3761103069721863,0.5490976580624679,2026-07-09T15:03:00+05:30,88.11,-0.23999999999999488,CLOSED,0.0,IRFC-EQ
SELL,2026-07-09T15:03:00+05:30,88.11,-0.004684418693656486,0.13435028842544483,15,2.3335366596440754,0.9643817298895067,2026-07-10T09:17:00+05:30,89.14,1.0300000000000011,CLOSED,1.0,IRFC-EQ
BUY,2026-07-10T09:17:00+05:30,89.14,0.015079155252493957,0.3536413751559923,9,1.2319047931951963,1.2830925966405748,2026-07-13T09:20:00+05:30,88.93,-0.20999999999999375,CLOSED,0.0,IRFC-EQ
SELL,2026-07-13T09:20:00+05:30,88.93,-0.024411330665078987,0.5060313999919142,9,0.9087802038077948,0.910445306114756,2026-07-13T10:35:00+05:30,89.66,0.7299999999999898,CLOSED,1.0,IRFC-EQ
BUY,2026-07-13T10:35:00+05:30,89.66,0.0011127473147223082,0.0306231575409512,10,0.06944054853752221,0.6695712995074753,2026-07-13T10:49:00+05:30,89.45,-0.20999999999999375,CLOSED,0.0,IRFC-EQ
SELL,2026-07-13T10:49:00+05:30,89.45,-0.0035541924188653203,0.06528569691917312,10,0.19341765670960598,0.29791692731139746,2026-07-13T12:47:00+05:30,89.67,0.21999999999999886,CLOSED,1.0,IRFC-EQ
BUY,2026-07-13T12:47:00+05:30,89.67,0.010847816130635504,0.07699927849589845,12,1.6267642639589404,1.3654486474127214,2026-07-13T13:34:00+05:30,89.4,-0.269999999999996,CLOSED,0.0,IRFC-EQ
SELL,2026-07-13T13:34:00+05:30,89.4,-0.0013320963134543348,0.04638007234913797,13,-0.23239068708320376,0.6572172575013315,2026-07-13T14:04:00+05:30,89.48,0.0799999999999983,CLOSED,1.0,IRFC-EQ
BUY,2026-07-13T14:04:00+05:30,89.48,0.00037561864305867606,0.04351245032555009,14,0.7834906487707419,1.1261135399888236,2026-07-14T09:25:00+05:30,89.37,-0.10999999999999943,CLOSED,0.0,IRFC-EQ
SELL,2026-07-14T09:25:00+05:30,89.37,-0.0012645219427763572,0.12002314591592599,9,-0.4023258354325872,0.6657750117717033,2026-07-15T09:18:00+05:30,89.18,-0.18999999999999773,CLOSED,0.0,IRFC-EQ
BUY,2026-07-15T09:18:00+05:30,89.18,0.010482338980601667,0.1974869897261885,9,0.19037446304568464,1.2989487240731534,2026-07-15T11:58:00+05:30,89.07,-0.11000000000001364,CLOSED,0.0,IRFC-EQ
SELL,2026-07-15T11:58:00+05:30,89.07,-0.002897718285367422,0.040947120370875306,11,10.94247119677896,0.05220902100380627,2026-07-16T10:47:00+05:30,89.16,0.09000000000000341,CLOSED,1.0,IRFC-EQ
BUY,2026-07-16T10:47:00+05:30,89.16,0.01657553780324974,0.11429007928171946,10,4.814974375624404,1.930544324086135,2026-07-16T12:43:00+05:30,88.84,-0.3199999999999932,CLOSED,0.0,IRFC-EQ
SELL,2026-07-16T12:43:00+05:30,88.84,-0.0001891597110907098,0.03368151487751958,12,-0.13969923574387114,1.1990161428980801,2026-07-17T13:06:00+05:30,88.45,-0.39000000000000057,CLOSED,0.0,IRFC-EQ
BUY,2026-07-17T13:06:00+05:30,88.45,0.004423377224936173,0.052757305971147354,13,-0.5361796914601317,0.27053758436118225,2026-07-17T13:48:00+05:30,88.22,-0.23000000000000398,CLOSED,0.0,IRFC-EQ
SELL,2026-07-17T13:48:00+05:30,88.22,-0.0009624703992883233,0.06432556084309075,13,0.15696896445839248,1.0847930307609082,2026-07-17T14:06:00+05:30,88.44,0.21999999999999886,CLOSED,1.0,IRFC-EQ
BUY,2026-07-17T14:06:00+05:30,88.44,0.003049892984976031,0.07030884249746701,14,-0.14915945970396946,1.525739492919141,2026-07-20T09:16:00+05:30,87.97,-0.46999999999999886,CLOSED,0.0,IRFC-EQ
SELL,2026-07-20T09:16:00+05:30,87.97,-0.018293118349689354,0.08138386408455392,9,0.4422616836153407,1.6074574734434404,2026-07-20T10:08:00+05:30,88.73,0.7600000000000051,CLOSED,1.0,IRFC-EQ
BUY,2026-07-20T10:08:00+05:30,88.73,0.01817725166929486,0.211263395367541,10,0.26187764450539625,1.2234334898120742,2026-07-20T11:50:00+05:30,88.33,-0.4000000000000057,CLOSED,0.0,IRFC-EQ
SELL,2026-07-20T11:50:00+05:30,88.33,-0.007104446849867701,0.031073389830457106,11,0.4459914892857888,0.8739641209153404,2026-07-20T13:25:00+05:30,88.79,0.46000000000000796,CLOSED,1.0,IRFC-EQ
BUY,2026-07-20T13:25:00+05:30,88.79,0.01614942429299359,0.09449279807947913,13,-0.006825273010673959,0.7404316745569445,2026-07-21T09:47:00+05:30,88.45,-0.3400000000000034,CLOSED,0.0,IRFC-EQ
SELL,2026-07-21T09:47:00+05:30,88.45,-0.008998803187114001,0.08508818954473073,9,-0.22453129728243937,0.8428049106134159,2026-07-21T14:22:00+05:30,88.32,-0.13000000000000966,CLOSED,0.0,IRFC-EQ
BUY,2026-07-21T14:22:00+05:30,88.32,0.0018122280872049092,0.022827858224352522,14,1.1056564479365363,0.4132003025190529,2026-07-21T14:36:00+05:30,88.17,-0.14999999999999147,CLOSED,0.0,IRFC-EQ
SELL,2026-07-21T14:36:00+05:30,88.17,-0.0035287759485199575,0.043728963196287336,14,3.06712684076088,0.5287722255760711,2026-07-21T15:00:00+05:30,88.31,0.14000000000000057,CLOSED,1.0,IRFC-EQ
BUY,2026-07-21T15:00:00+05:30,88.31,0.0011246907215227745,0.016363916944844265,15,-0.4074602721153725,1.1213933943579037,2026-07-22T09:17:00+05:30,87.91,-0.4000000000000057,CLOSED,0.0,IRFC-EQ
SELL,2026-07-22T09:17:00+05:30,87.91,-0.004987699069864588,0.09652288157046812,9,0.6317064384776978,1.5528546975732271,2026-07-23T10:16:00+05:30,87.49,-0.4200000000000017,CLOSED,0.0,IRFC-EQ
BUY,2026-07-23T10:16:00+05:30,87.49,0.002498862048906764,0.056803755744375545,10,-0.70708853098776,0.8312227986918783,2026-07-23T10:37:00+05:30,87.24,-0.25,CLOSED,0.0,IRFC-EQ
SELL,2026-07-23T10:37:00+05:30,87.24,-0.0029180039375135006,0.05391351098441486,10,1.1796533172528805,0.4693738756526699,2026-07-23T10:50:00+05:30,87.45,0.21000000000000796,CLOSED,1.0,IRFC-EQ
BUY,2026-07-23T10:50:00+05:30,87.45,0.004294695260699159,0.04931756504757988,10,0.1982716944346339,1.1949039285894396,2026-07-23T12:44:00+05:30,87.18,-0.269999999999996,CLOSED,0.0,IRFC-EQ
SELL,2026-07-23T12:44:00+05:30,87.18,-0.007305162753376029,0.06272515001532064,12,-0.10322410611668878,1.6226768920734438,2026-07-24T11:35:00+05:30,86.95,-0.23000000000000398,CLOSED,0.0,IRFC-EQ
BUY,2026-07-24T11:35:00+05:30,86.95,0.004841072094333899,0.02173067468401014,11,0.5259606922445258,0.5537596875695583,2026-07-27T14:36:00+05:30,88.15,1.2000000000000028,CLOSED,1.0,IRFC-EQ
SELL,2026-07-27T14:36:00+05:30,88.15,-0.004808167317249195,0.05121848624601566,14,-0.6687893260194294,0.8175293463688977,2026-07-27T14:58:00+05:30,88.28,0.12999999999999545,CLOSED,1.0,IRFC-EQ
BUY,2026-07-27T14:58:00+05:30,88.28,0.0009801026596159418,0.03659083066683094,14,-0.7198682861155474,0.8574653588665733,2026-07-27T15:10:00+05:30,88.16,-0.12000000000000455,CLOSED,0.0,IRFC-EQ
SELL,2026-07-27T15:10:00+05:30,88.16,-0.0020402540231961763,0.04163331998932196,15,-0.1161146017932697,0.9230490570792557,2026-07-29T09:27:00+05:30,88.56,0.4000000000000057,CLOSED,1.0,IRFC-EQ
BUY,2026-07-29T09:27:00+05:30,88.56,0.01783872898408695,0.17559106532572388,9,-0.17453969671453176,2.05959143857233,2026-07-30T09:40:00+05:30,88.66,0.09999999999999432,CLOSED,1.0,IRFC-EQ
SELL,2026-07-30T09:40:00+05:30,88.66,-0.0022835165589722675,0.16621605752085797,9,-0.1873433018226065,0.35718558780296034,2026-07-30T14:55:00+05:30,88.83,0.1700000000000017,CLOSED,1.0,IRFC-EQ
BUY,2026-07-30T14:55:00+05:30,88.83,0.007942481831640523,0.032041639575196144,14,-0.3093241203033573,0.46973504354076573,2026-07-31T13:57:00+05:30,89.14,0.3100000000000023,CLOSED,1.0,IRFC-EQ
SELL,2026-07-31T13:57:00+05:30,89.14,-0.0009660249607860267,0.019321835661587305,13,-0.2779011099618667,0.9853968697596422,2026-07-31T14:30:00+05:30,89.34,0.20000000000000284,CLOSED,1.0,IRFC-EQ
BUY,2026-07-31T14:30:00+05:30,89.34,0.006650943021811012,0.06587024281789873,14,0.5350839867348405,0.7695582159686382,2026-07-31T15:26:00+05:30,89.13,-0.21000000000000796,CLOSED,0.0,IRFC-EQ
SELL,2026-07-31T15:26:00+05:30,89.13,-0.001274371803952292,0.03457680661304181,15,-0.1495303594521751,1.8660369055863344,2026-08-03T09:15:00+05:30,89.59,0.46000000000000796,CLOSED,1.0,IRFC-EQ
BUY,2026-08-03T09:15:00+05:30,89.59,0.008435139585191908,0.02626785107313037,9,0.29672662954720685,0.959825006364262,2026-08-03T13:09:00+05:30,90.0,0.4099999999999966,CLOSED,1.0,IRFC-EQ
SELL,2026-08-03T13:09:00+05:30,90.0,-0.0010782610935868447,0.066298986082409,13,0.6877897990396291,0.24068322981366458,2026-08-03T14:01:00+05:30,90.17,0.1700000000000017,CLOSED,1.0,IRFC-EQ
BUY,2026-08-03T14:01:00+05:30,90.17,0.0022143998079357653,0.022110831935704695,14,0.31476781970643164,0.786207713927737,2026-08-04T09:23:00+05:30,89.81,-0.35999999999999943,CLOSED,0.0,IRFC-EQ
SELL,2026-08-04T09:23:00+05:30,89.81,-0.01375509933946473,0.20304350929460233,9,-0.367303499287975,0.7588671037783468,2026-08-05T09:18:00+05:30,90.32,0.5099999999999909,CLOSED,1.0,IRFC-EQ
BUY,2026-08-05T09:18:00+05:30,90.32,0.00546659467075331,0.30536135242619716,9,0.29429036951415866,1.204820696479902,2026-08-05T10:16:00+05:30,89.76,-0.5599999999999881,CLOSED,0.0,IRFC-EQ
SELL,2026-08-05T10:16:00+05:30,89.76,-0.005495903309326434,0.049933288829532005,10,0.11229418539951537,0.6470281089548342,2026-08-06T09:51:00+05:30,89.2,-0.5600000000000023,CLOSED,0.0,IRFC-EQ
BUY,2026-08-06T09:51:00+05:30,89.2,0.0014276195681088726,0.04034572812303372,9,-0.5146339087563226,1.0229011463114857,2026-08-06T10:28:00+05:30,88.99,-0.21000000000000796,CLOSED,0.0,IRFC-EQ
SELL,2026-08-06T10:28:00+05:30,88.99,-0.000900556566164464,0.022997584414212506,10,-0.1981534758468106,1.3070140468541143,2026-08-06T10:40:00+05:30,89.04,0.05000000000001137,CLOSED,1.0,IRFC-EQ
BUY,2026-08-06T10:40:00+05:30,89.04,0.0006613989959285828,0.03064129385141805,10,0.0180978343160214,0.6427575306805504,2026-08-06T10:41:00+05:30,88.98,-0.060000000000002274,CLOSED,0.0,IRFC-EQ
SELL,2026-08-06T10:41:00+05:30,88.98,-0.0010049206074852703,0.03018461712712552,10,-0.43834438709856,1.047330952207401,2026-08-06T10:43:00+05:30,89.05,0.06999999999999318,CLOSED,1.0,IRFC-EQ
BUY,2026-08-06T10:43:00+05:30,89.05,0.00010643720205697233,0.027808871486153675,10,-0.5042141728604469,0.7698176853264798,2026-08-06T10:44:00+05:30,89.0,-0.04999999999999716,CLOSED,0.0,IRFC-EQ
SELL,2026-08-06T10:44:00+05:30,89.0,-0.0005905094368719101,0.027908580918580173,10,-0.39969546522163885,1.0921879995736972,2026-08-06T12:03:00+05:30,89.05,0.04999999999999716,CLOSED,1.0,IRFC-EQ
BUY,2026-08-06T12:03:00+05:30,89.05,0.0004870325636948448,0.060406033547063226,12,-0.5743910614204251,1.251772025622178,2026-08-07T09:25:00+05:30,89.15,0.10000000000000853,CLOSED,1.0,IRFC-EQ
SELL,2026-08-07T09:25:00+05:30,89.15,-0.0026613289928494425,0.07795297727904363,9,-0.5024074994187945,1.2557814270197036,2026-08-07T10:08:00+05:30,89.37,0.21999999999999886,CLOSED,1.0,IRFC-EQ
BUY,2026-08-07T10:08:00+05:30,89.37,0.0038012585036314365,0.03860051813123641,10,-0.11631775524023742,0.45786716391404725,2026-08-07T10:14:00+05:30,89.17,-0.20000000000000284,CLOSED,0.0,IRFC-EQ
SELL,2026-08-07T10:14:00+05:30,89.17,-0.0031579518058042115,0.041096093353127555,10,0.18519085046211303,1.2280470976004447,,,,OPEN,,IRFC-EQ
BUY,2026-06-24T11:43:00+05:30,107.66,0.013771775014454387,0.09499122766515554,11,-0.685178492543006,1.713216536614646,2026-06-24T12:16:00+05:30,107.15,-0.5099999999999909,CLOSED,0.0,GMRAIRPORT-EQ
SELL,2026-06-24T12:16:00+05:30,107.15,-0.0037875809757274416,0.10946333734279354,12,-0.118096448671882,0.506338887826688,2026-06-24T12:39:00+05:30,107.59,0.4399999999999977,CLOSED,1.0,GMRAIRPORT-EQ
BUY,2026-06-24T12:39:00+05:30,107.59,0.003515413742290352,0.1383072264521624,12,0.7659895569628862,0.6007665471743118,2026-06-25T14:15:00+05:30,108.82,1.2299999999999898,CLOSED,1.0,GMRAIRPORT-EQ
SELL,2026-06-25T14:15:00+05:30,108.82,-0.002784009221523169,0.111499875435906,14,-0.10378154637170534,0.5208917187932053,2026-06-29T09:22:00+05:30,110.2,1.3800000000000097,CLOSED,1.0,GMRAIRPORT-EQ
BUY,2026-06-29T09:22:00+05:30,110.2,0.03412509192827225,0.7913989020855547,9,-0.3160170269050082,0.5765050633735365,2026-06-29T12:25:00+05:30,109.68,-0.519999999999996,CLOSED,0.0,GMRAIRPORT-EQ
SELL,2026-06-29T12:25:00+05:30,109.68,-0.0004824360946145159,0.10257246760759446,12,0.08954354331248829,0.8733313709021872,2026-06-30T09:17:00+05:30,110.82,1.1399999999999864,CLOSED,1.0,GMRAIRPORT-EQ
BUY,2026-06-30T09:17:00+05:30,110.82,0.041625769741961895,0.4629854809338599,9,-0.4885010619830928,0.9778093819838954,2026-06-30T13:32:00+05:30,112.0,1.1800000000000068,CLOSED,1.0,GMRAIRPORT-EQ
SELL,2026-06-30T13:32:00+05:30,112.0,-7.726821793015638e-05,0.09585289655392638,13,-0.5739105898900105,0.8769669803902091,2026-06-30T13:44:00+05:30,112.35,0.3499999999999943,CLOSED,1.0,GMRAIRPORT-EQ
BUY,2026-06-30T13:44:00+05:30,112.35,0.006530517350372263,0.08947377020979759,13,-0.6273886989402787,1.222487518992837,2026-06-30T15:14:00+05:30,112.02,-0.3299999999999983,CLOSED,0.0,GMRAIRPORT-EQ
SELL,2026-06-30T15:14:00+05:30,112.02,-0.005595113260806492,0.10271860158272599,15,-0.3987586047429635,0.9047726109810367,2026-07-01T09:19:00+05:30,112.65,0.6300000000000097,CLOSED,1.0,GMRAIRPORT-EQ
BUY,2026-07-01T09:19:00+05:30,112.65,0.01069631555917206,0.14508235209317785,9,-0.08133767425559398,0.7119790433501233,2026-07-01T14:51:00+05:30,113.64,0.9899999999999949,CLOSED,1.0,GMRAIRPORT-EQ
SELL,2026-07-01T14:51:00+05:30,113.64,-0.0008336677135414755,0.05677440737985285,14,-0.1906057532880439,0.9405718709572268,2026-07-03T10:59:00+05:30,112.11,-1.5300000000000011,CLOSED,0.0,GMRAIRPORT-EQ
BUY,2026-07-03T10:59:00+05:30,112.11,0.00821085781401525,0.2279473623449067,10,-0.7801170207650737,0.8190247956132188,2026-07-06T13:35:00+05:30,113.39,1.2800000000000011,CLOSED,1.0,GMRAIRPORT-EQ
SELL,2026-07-06T13:35:00+05:30,113.39,-0.00038093356450449536,0.011972189997378573,13,-0.3397404590211852,1.6580810482379669,2026-07-06T13:38:00+05:30,113.44,0.04999999999999716,CLOSED,1.0,GMRAIRPORT-EQ
BUY,2026-07-06T13:38:00+05:30,113.44,0.000645343419131144,0.028205594401739767,13,4.241534423265796,2.085170925908267,2026-07-06T13:44:00+05:30,113.33,-0.10999999999999943,CLOSED,0.0,GMRAIRPORT-EQ
SELL,2026-07-06T13:44:00+05:30,113.33,-0.002012623101589328,0.03212821536005452,13,-0.8466057037968108,1.4766693483507642,2026-07-06T15:12:00+05:30,113.5,0.1700000000000017,CLOSED,1.0,GMRAIRPORT-EQ
BUY,2026-07-06T15:12:00+05:30,113.5,0.0009577713234001971,0.05750362307426255,15,-0.12219937184573543,1.0143677359460352,2026-07-08T09:16:00+05:30,113.55,0.04999999999999716,CLOSED,1.0,GMRAIRPORT-EQ
SELL,2026-07-08T09:16:00+05:30,113.55,-0.024710632167494046,0.4412356387338722,9,0.20335589737262819,1.586533129082146,2026-07-08T10:53:00+05:30,114.75,1.2000000000000028,CLOSED,1.0,GMRAIRPORT-EQ
BUY,2026-07-08T10:53:00+05:30,114.75,0.0005747893999417822,0.09651712571122151,10,-0.171229807209485,1.1470704171257038,2026-07-08T11:54:00+05:30,114.55,-0.20000000000000284,CLOSED,0.0,GMRAIRPORT-EQ
SELL,2026-07-08T11:54:00+05:30,114.55,-0.0007313425125820124,0.06640783086353613,11,0.2705952608644936,0.404264639449512,2026-07-08T12:10:00+05:30,114.64,0.09000000000000341,CLOSED,1.0,GMRAIRPORT-EQ
BUY,2026-07-08T12:10:00+05:30,114.64,0.0005192391902377794,0.04131182235954719,12,0.2028352234766834,0.7599276226394166,2026-07-08T13:47:00+05:30,114.5,-0.14000000000000057,CLOSED,0.0,GMRAIRPORT-EQ
SELL,2026-07-08T13:47:00+05:30,114.5,-0.0009399231567526794,0.040069384267240264,13,-0.038276360133370026,1.1360685231539425,2026-07-09T11:28:00+05:30,112.67,-1.8299999999999983,CLOSED,0.0,GMRAIRPORT-EQ
BUY,2026-07-09T11:28:00+05:30,112.67,0.00011147567761844675,0.09468661761598338,11,0.12096689278734019,1.76183862700106,2026-07-09T13:07:00+05:30,112.51,-0.1599999999999966,CLOSED,0.0,GMRAIRPORT-EQ
SELL,2026-07-09T13:07:00+05:30,112.51,-0.0011671273296496943,0.03326659986633157,13,62.41751466612424,0.08680226132192975,2026-07-09T13:11:00+05:30,112.94,0.4299999999999926,CLOSED,1.0,GMRAIRPORT-EQ
BUY,2026-07-09T13:11:00+05:30,112.94,0.006253191405488992,0.02867441755680911,13,-0.9641032838804603,1.5683874437977545,2026-07-09T14:01:00+05:30,112.3,-0.6400000000000006,CLOSED,0.0,GMRAIRPORT-EQ
SELL,2026-07-09T14:01:00+05:30,112.3,-0.012462328590298366,0.0625388767976464,14,-0.7290879288931615,0.5608887061685253,2026-07-10T09:37:00+05:30,112.75,0.45000000000000284,CLOSED,1.0,GMRAIRPORT-EQ
BUY,2026-07-10T09:37:00+05:30,112.75,0.0010223745325076928,0.12782366325875807,9,1.0232875246628999,0.6265939874463164,2026-07-10T11:22:00+05:30,112.34,-0.4099999999999966,CLOSED,0.0,GMRAIRPORT-EQ
SELL,2026-07-10T11:22:00+05:30,112.34,-0.0060103873193077155,0.05104464277037725,11,2.4816322912096944,1.8872673649954237,2026-07-10T12:36:00+05:30,112.65,0.3100000000000023,CLOSED,1.0,GMRAIRPORT-EQ
BUY,2026-07-10T12:36:00+05:30,112.65,0.0032426676500322046,0.020138409955993416,12,-0.578060117711647,1.140845329024677,2026-07-10T12:53:00+05:30,112.47,-0.18000000000000682,CLOSED,0.0,GMRAIRPORT-EQ
SELL,2026-07-10T12:53:00+05:30,112.47,-0.002528156220829969,0.034785054261852535,12,-0.03887192097916149,1.8150303330444473,2026-07-10T13:07:00+05:30,112.7,0.23000000000000398,CLOSED,1.0,GMRAIRPORT-EQ
BUY,2026-07-10T13:07:00+05:30,112.7,0.0027763987356046313,0.06972963661329694,13,-0.9515459792710849,1.4332495022529603,2026-07-10T13:14:00+05:30,112.5,-0.20000000000000284,CLOSED,0.0,GMRAIRPORT-EQ
SELL,2026-07-10T13:14:00+05:30,112.5,-0.0015165381717023683,0.0798888116210411,13,-0.7643188400304443,1.3422604248064218,2026-07-10T15:12:00+05:30,112.54,0.04000000000000625,CLOSED,1.0,GMRAIRPORT-EQ
BUY,2026-07-10T15:12:00+05:30,112.54,0.0017388558140806628,0.022010098692291875,15,-0.0649857984110676,1.225168143957953,2026-07-14T09:23:00+05:30,113.55,1.009999999999991,CLOSED,1.0,GMRAIRPORT-EQ
SELL,2026-07-14T09:23:00+05:30,113.55,-0.020524054552088517,0.5168752267230454,9,-0.5682203785802596,0.7923280836498168,2026-07-14T15:06:00+05:30,113.51,-0.03999999999999204,CLOSED,0.0,GMRAIRPORT-EQ
BUY,2026-07-14T15:06:00+05:30,113.51,0.007627429045207513,0.2209298531208483,15,1.0763258698795461,1.519600999969932,2026-07-15T11:20:00+05:30,113.32,-0.19000000000001194,CLOSED,0.0,GMRAIRPORT-EQ
SELL,2026-07-15T11:20:00+05:30,113.32,-0.00021798026021728852,0.027588242262078743,11,-0.42713699133498745,0.645240112074021,2026-07-16T11:29:00+05:30,111.72,-1.5999999999999943,CLOSED,0.0,GMRAIRPORT-EQ
BUY,2026-07-16T11:29:00+05:30,111.72,0.000736055333868453,0.05165053511608678,11,0.13354141253895244,1.091028494867548,2026-07-16T11:44:00+05:30,111.18,-0.539999999999992,CLOSED,0.0,GMRAIRPORT-EQ
SELL,2026-07-16T11:44:00+05:30,111.18,-0.008934314442595254,0.16898717900085342,11,-0.574846487606964,0.4450799050713493,2026-07-16T12:33:00+05:30,111.7,0.519999999999996,CLOSED,1.0,GMRAIRPORT-EQ
BUY,2026-07-16T12:33:00+05:30,111.7,0.008437518566355154,0.15454592988637514,12,0.06600712057512817,0.40129751137908615,2026-07-16T13:38:00+05:30,111.18,-0.519999999999996,CLOSED,0.0,GMRAIRPORT-EQ
SELL,2026-07-16T13:38:00+05:30,111.18,-0.0023410397262406614,0.14024185458620045,13,0.7316827476951464,1.459241530115922,2026-07-16T14:38:00+05:30,111.63,0.44999999999998863,CLOSED,1.0,GMRAIRPORT-EQ
BUY,2026-07-16T14:38:00+05:30,111.63,0.0009074159479156863,0.07484057129065094,14,0.18724931708190978,0.9391994675793878,2026-07-17T09:21:00+05:30,110.92,-0.7099999999999937,CLOSED,0.0,GMRAIRPORT-EQ
SELL,2026-07-17T09:21:00+05:30,110.92,-0.00628125090605575,0.5998972134179856,9,4.934072652714267,2.3901949210140394,2026-07-20T10:02:00+05:30,111.34,0.4200000000000017,CLOSED,1.0,GMRAIRPORT-EQ
BUY,2026-07-20T10:02:00+05:30,111.34,0.004932967715117861,0.3003497960711824,10,48.73716434457606,0.03142808596170061,2026-07-21T10:36:00+05:30,111.23,-0.10999999999999943,CLOSED,0.0,GMRAIRPORT-EQ
SELL,2026-07-21T10:36:00+05:30,111.23,-0.003940818298750996,0.09067647005823723,10,10.064545867874282,1.282683653485562,2026-07-21T11:00:00+05:30,111.75,0.519999999999996,CLOSED,1.0,GMRAIRPORT-EQ
BUY,2026-07-21T11:00:00+05:30,111.75,0.0002245604102905266,0.2288036518745102,11,3.4273273127773467,0.6100982493192947,2026-07-21T11:17:00+05:30,111.21,-0.5400000000000063,CLOSED,0.0,GMRAIRPORT-EQ
SELL,2026-07-21T11:17:00+05:30,111.21,-0.0025903716494893422,0.11165920373071543,11,-0.6797120125028216,1.1729204933088428,2026-07-21T12:27:00+05:30,111.41,0.20000000000000284,CLOSED,1.0,GMRAIRPORT-EQ
BUY,2026-07-21T12:27:00+05:30,111.41,0.0015741936125624463,0.028982753492378888,12,-0.41932195297276514,1.6647678458032946,2026-07-21T12:50:00+05:30,110.62,-0.789999999999992,CLOSED,0.0,GMRAIRPORT-EQ
SELL,2026-07-21T12:50:00+05:30,110.62,-0.025401142998347115,0.1633027182191954,12,248.4184880248802,2.4990884553156816,2026-07-21T13:44:00+05:30,111.49,0.8699999999999903,CLOSED,1.0,GMRAIRPORT-EQ
BUY,2026-07-21T13:44:00+05:30,111.49,0.0025106452526783844,0.06003702561290524,13,-0.8029464381714465,0.2112783329271265,2026-07-22T09:31:00+05:30,110.99,-0.5,CLOSED,0.0,GMRAIRPORT-EQ
SELL,2026-07-22T09:31:00+05:30,110.99,-0.012969830923535259,0.17927322412699603,9,-0.1752357468855072,0.9868141968325792,2026-07-22T11:34:00+05:30,111.13,0.14000000000000057,CLOSED,1.0,GMRAIRPORT-EQ
BUY,2026-07-22T11:34:00+05:30,111.13,0.00392874547500859,0.038020462326955135,11,0.3937924072795111,0.5157309247450262,2026-07-22T12:02:00+05:30,110.6,-0.5300000000000011,CLOSED,0.0,GMRAIRPORT-EQ
SELL,2026-07-22T12:02:00+05:30,110.6,-0.01206105284016012,0.11962905629951208,12,0.7588001386727334,1.632184692886623,2026-07-23T11:13:00+05:30,109.7,-0.8999999999999915,CLOSED,0.0,GMRAIRPORT-EQ
BUY,2026-07-23T11:13:00+05:30,109.7,0.02062880182582664,0.1574977953990349,11,0.2370333138600688,0.39766785972501895,2026-07-23T12:04:00+05:30,109.1,-0.6000000000000085,CLOSED,0.0,GMRAIRPORT-EQ
SELL,2026-07-23T12:04:00+05:30,109.1,-0.0002707418051656519,0.07469196000165507,12,-0.1911689636756981,0.7597033764594509,2026-07-24T12:41:00+05:30,106.66,-2.4399999999999977,CLOSED,0.0,GMRAIRPORT-EQ
BUY,2026-07-24T12:41:00+05:30,106.66,0.004414971397533568,0.06795423296438619,12,-0.4219119491248471,0.27745171273076513,2026-07-28T12:05:00+05:30,107.83,1.1700000000000017,CLOSED,1.0,GMRAIRPORT-EQ
SELL,2026-07-28T12:05:00+05:30,107.83,-0.0005748993262265918,0.05739725119240724,12,-0.15950152979434185,1.075993091537133,2026-07-28T15:21:00+05:30,108.0,0.1700000000000017,CLOSED,1.0,GMRAIRPORT-EQ
BUY,2026-07-28T15:21:00+05:30,108.0,0.003587351367261766,0.07199537022151592,15,1.526679269416283,0.45409841011252905,2026-07-29T09:38:00+05:30,107.48,-0.519999999999996,CLOSED,0.0,GMRAIRPORT-EQ
SELL,2026-07-29T09:38:00+05:30,107.48,-0.006042295047326568,0.20865974429412396,9,-0.6747205436891679,1.347098322673733,2026-07-29T14:25:00+05:30,107.69,0.20999999999999375,CLOSED,1.0,GMRAIRPORT-EQ
BUY,2026-07-29T14:25:00+05:30,107.69,0.028422444062232207,0.6374393217310105,14,4.009137640533571,0.4623666264774755,2026-07-30T09:17:00+05:30,106.0,-1.6899999999999977,CLOSED,0.0,GMRAIRPORT-EQ
SELL,2026-07-30T09:17:00+05:30,106.0,-0.013836999929813703,0.323469043684591,9,0.5931926162377459,1.318549865558543,2026-07-31T11:17:00+05:30,104.51,-1.4899999999999949,CLOSED,0.0,GMRAIRPORT-EQ
BUY,2026-07-31T11:17:00+05:30,104.51,0.0029713376445959583,0.0857710129744698,11,0.05652378708264174,0.7285629365433199,2026-07-31T15:22:00+05:30,105.24,0.7299999999999898,CLOSED,1.0,GMRAIRPORT-EQ
SELL,2026-07-31T15:22:00+05:30,105.24,-0.0030083906351239895,0.0206827894099858,15,-0.11835174865043777,1.2644493223737037,2026-08-03T09:15:00+05:30,106.52,1.2800000000000011,CLOSED,1.0,GMRAIRPORT-EQ
BUY,2026-08-03T09:15:00+05:30,106.52,0.007859905642834399,0.0516827931821722,9,-0.14852727108197128,0.7487734853571967,2026-08-03T11:17:00+05:30,105.57,-0.9500000000000028,CLOSED,0.0,GMRAIRPORT-EQ
SELL,2026-08-03T11:17:00+05:30,105.57,-0.0025752610898746755,0.05704773829386002,11,1.250354358057072,1.1166443587119126,2026-08-04T09:20:00+05:30,106.26,0.6900000000000119,CLOSED,1.0,GMRAIRPORT-EQ
BUY,2026-08-04T09:20:00+05:30,106.26,0.003896765699112978,0.2849249413832042,9,-0.6487820621396887,1.0573331570422768,2026-08-04T12:19:00+05:30,105.99,-0.27000000000001023,CLOSED,0.0,GMRAIRPORT-EQ
SELL,2026-08-04T12:19:00+05:30,105.99,-0.0016624854607093038,0.06254775952999594,12,-0.29200647888778286,1.3485851896447922,2026-08-04T14:26:00+05:30,106.14,0.15000000000000568,CLOSED,1.0,GMRAIRPORT-EQ
BUY,2026-08-04T14:26:00+05:30,106.14,0.0021405207824988785,0.041753243386991754,14,-0.19015595344189332,1.019473737836874,2026-08-04T14:35:00+05:30,105.92,-0.21999999999999886,CLOSED,0.0,GMRAIRPORT-EQ
SELL,2026-08-04T14:35:00+05:30,105.92,-0.002085900383758396,0.09635582205785224,14,0.704969979902677,1.308044884783611,2026-08-05T09:16:00+05:30,107.35,1.4299999999999926,CLOSED,1.0,GMRAIRPORT-EQ
BUY,2026-08-05T09:16:00+05:30,107.35,0.02008495469368546,0.38452857139908747,9,2.1814245450299055,2.0555628876864196,2026-08-05T11:55:00+05:30,106.26,-1.0899999999999892,CLOSED,0.0,GMRAIRPORT-EQ
SELL,2026-08-05T11:55:00+05:30,106.26,-0.004320256739143726,0.16636305679647265,11,2.400772986831358,0.4890128212108014,2026-08-06T09:18:00+05:30,106.45,0.18999999999999773,CLOSED,1.0,GMRAIRPORT-EQ
BUY,2026-08-06T09:18:00+05:30,106.45,0.005950155948113711,0.2560056422989312,9,0.3286605700618363,0.505075426476808,2026-08-06T11:02:00+05:30,106.08,-0.37000000000000455,CLOSED,0.0,GMRAIRPORT-EQ
SELL,2026-08-06T11:02:00+05:30,106.08,-0.01115996044151261,0.04352521619067042,11,-0.7046718663275292,1.800672250973697,2026-08-06T13:05:00+05:30,106.32,0.23999999999999488,CLOSED,1.0,GMRAIRPORT-EQ
BUY,2026-08-06T13:05:00+05:30,106.32,0.0024039863614477882,0.05028805910838974,13,-0.7713357425141308,0.4936934883367526,2026-08-06T13:12:00+05:30,106.15,-0.1699999999999875,CLOSED,0.0,GMRAIRPORT-EQ
SELL,2026-08-06T13:12:00+05:30,106.15,-0.0012740647130911936,0.04383048152953498,13,-0.3232540080935398,0.1338080453563715,2026-08-07T09:25:00+05:30,106.45,0.29999999999999716,CLOSED,1.0,GMRAIRPORT-EQ
BUY,2026-08-07T09:25:00+05:30,106.45,0.01255329996583837,0.05186520991955978,9,-0.6853155569454744,1.483119639311876,2026-08-07T14:01:00+05:30,106.8,0.3499999999999943,CLOSED,1.0,GMRAIRPORT-EQ
SELL,2026-08-07T14:01:00+05:30,106.8,-0.003515111097892359,0.07958224257542239,14,0.005780187338370022,0.714599220935974,,,,OPEN,,GMRAIRPORT-EQ
SELL,2026-06-24T11:17:00+05:30,126.8,-0.001683995160824403,0.18070540790038572,11,1.907821475635908,0.9440155613640507,2026-06-24T13:16:00+05:30,127.15,0.3500000000000085,CLOSED,1.0,IREDA-EQ
BUY,2026-06-24T13:16:00+05:30,127.15,0.0014799832966579307,0.27248037645958256,13,-0.6597629781427053,0.8383055366012346,2026-06-25T14:25:00+05:30,128.28,1.1299999999999955,CLOSED,1.0,IREDA-EQ
SELL,2026-06-25T14:25:00+05:30,128.28,-0.006253970175563757,0.08512082915218452,14,-0.05855976336486099,0.8603372495278842,2026-06-29T13:04:00+05:30,127.42,-0.8599999999999994,CLOSED,0.0,IREDA-EQ
BUY,2026-06-29T13:04:00+05:30,127.42,0.005828127860816106,0.05420127099780566,13,0.35028468535773977,0.19323410338655228,2026-06-29T14:59:00+05:30,127.15,-0.269999999999996,CLOSED,0.0,IREDA-EQ
SELL,2026-06-29T14:59:00+05:30,127.15,-0.0014287317471056498,0.06995236474439753,14,-0.4185924553002664,1.1664912808177992,2026-06-29T15:11:00+05:30,127.55,0.3999999999999915,CLOSED,1.0,IREDA-EQ
BUY,2026-06-29T15:11:00+05:30,127.55,0.0007910639250663075,0.25703436864876067,15,-0.2118630802730213,1.7707854245933856,2026-06-30T09:23:00+05:30,127.2,-0.3499999999999943,CLOSED,0.0,IREDA-EQ
SELL,2026-06-30T09:23:00+05:30,127.2,-0.005462029557540056,0.2177383751202333,9,-0.3637503147543787,0.8455070755754127,2026-06-30T09:35:00+05:30,127.57,0.36999999999999034,CLOSED,1.0,IREDA-EQ
BUY,2026-06-30T09:35:00+05:30,127.57,0.002588058477124005,0.15798734126505165,9,0.05104439339367455,0.6232686980609418,2026-06-30T15:08:00+05:30,128.6,1.0300000000000011,CLOSED,1.0,IREDA-EQ
SELL,2026-06-30T15:08:00+05:30,128.6,-0.01788693341030805,0.15691469727919738,15,-0.36058080004330234,1.1223074206729555,2026-07-02T10:36:00+05:30,128.39,-0.21000000000000796,CLOSED,0.0,IREDA-EQ
BUY,2026-07-02T10:36:00+05:30,128.39,0.004506381129812825,0.06074537019395596,10,4.905263948751689,0.658666598653336,2026-07-02T13:31:00+05:30,128.23,-0.1599999999999966,CLOSED,0.0,IREDA-EQ
SELL,2026-07-02T13:31:00+05:30,128.23,-0.0033179884679796125,0.06903300337921946,13,3.719686271592403,1.157188912523265,2026-07-02T14:39:00+05:30,128.41,0.18000000000000682,CLOSED,1.0,IREDA-EQ
BUY,2026-07-02T14:39:00+05:30,128.41,0.003025314273964482,0.14399459866413158,14,3.853149954684721,0.34088023483763497,2026-07-02T14:44:00+05:30,128.26,-0.15000000000000568,CLOSED,0.0,IREDA-EQ
SELL,2026-07-02T14:44:00+05:30,128.26,-0.0010769469118408687,0.11380294860463992,14,-0.7684634995699148,0.4926518973459092,2026-07-02T14:46:00+05:30,128.38,0.12000000000000455,CLOSED,1.0,IREDA-EQ
BUY,2026-07-02T14:46:00+05:30,128.38,0.0018987082917724224,0.07846442930823089,14,-0.5647567182779749,1.4730382156942745,2026-07-03T11:10:00+05:30,128.42,0.03999999999999204,CLOSED,1.0,IREDA-EQ
SELL,2026-07-03T11:10:00+05:30,128.42,-0.007757193274064757,0.07691987172809248,11,0.728334140915466,1.1853777913735086,2026-07-03T12:09:00+05:30,128.84,0.4200000000000159,CLOSED,1.0,IREDA-EQ
BUY,2026-07-03T12:09:00+05:30,128.84,0.003555495608147854,0.02002775851439792,12,-0.644148316985659,0.6529937921367065,2026-07-03T12:29:00+05:30,128.62,-0.21999999999999886,CLOSED,0.0,IREDA-EQ
SELL,2026-07-03T12:29:00+05:30,128.62,-0.00045792409492687595,0.09354737361952613,12,0.0637192342607751,0.6440140543319907,2026-07-03T15:07:00+05:30,128.6,-0.020000000000010232,CLOSED,0.0,IREDA-EQ
BUY,2026-07-03T15:07:00+05:30,128.6,0.0054288863180720365,0.04877385456255092,15,-0.2192061290414985,1.3106919302994418,2026-07-03T15:28:00+05:30,128.33,-0.2699999999999818,CLOSED,0.0,IREDA-EQ
SELL,2026-07-03T15:28:00+05:30,128.33,-0.0002859706883040191,0.08768630958643849,15,0.05259807595290527,0.8979292249468406,2026-07-10T09:15:00+05:30,122.89,-5.440000000000012,CLOSED,0.0,IREDA-EQ
BUY,2026-07-10T09:15:00+05:30,122.89,0.006908192180700854,0.08256983576208467,9,1.2381327957498514,0.79604335795766,2026-07-13T09:19:00+05:30,123.99,1.0999999999999943,CLOSED,1.0,IREDA-EQ
SELL,2026-07-13T09:19:00+05:30,123.99,-0.0039494448463460756,1.3376849820159884,9,0.1604540078377339,0.517795413235263,2026-07-13T14:44:00+05:30,124.89,0.9000000000000057,CLOSED,1.0,IREDA-EQ
BUY,2026-07-13T14:44:00+05:30,124.89,0.004318711786861341,0.05573747990954235,14,1.2737681904137665,1.7910981156595192,2026-07-14T09:15:00+05:30,123.2,-1.6899999999999977,CLOSED,0.0,IREDA-EQ
SELL,2026-07-14T09:15:00+05:30,123.2,-0.007869703035971213,0.06058969476000897,9,-0.3972856547200749,1.700041308023363,2026-07-15T09:15:00+05:30,122.54,-0.6599999999999966,CLOSED,0.0,IREDA-EQ
BUY,2026-07-15T09:15:00+05:30,122.54,0.002067557149411654,0.026012817353504244,9,0.3018925999034926,0.7426525444209775,2026-07-15T11:27:00+05:30,122.13,-0.4100000000000108,CLOSED,0.0,IREDA-EQ
SELL,2026-07-15T11:27:00+05:30,122.13,-0.00196881341833799,0.058878405775518526,11,1.7585582470645174,0.962380044387484,2026-07-16T10:52:00+05:30,121.8,-0.3299999999999983,CLOSED,0.0,IREDA-EQ
BUY,2026-07-16T10:52:00+05:30,121.8,0.00063522973708289,0.10829999487021692,10,0.450892470659191,0.566135672095937,2026-07-16T11:48:00+05:30,121.3,-0.5,CLOSED,0.0,IREDA-EQ
SELL,2026-07-16T11:48:00+05:30,121.3,-0.005851810991039591,0.04808557187163448,11,0.22894047166200543,0.4183802995684184,2026-07-17T13:29:00+05:30,120.71,-0.5900000000000034,CLOSED,0.0,IREDA-EQ
BUY,2026-07-17T13:29:00+05:30,120.71,0.008132822037825505,0.1513237882452352,13,8.834969903476416,1.8099348341868229,2026-07-20T09:40:00+05:30,120.65,-0.05999999999998806,CLOSED,0.0,IREDA-EQ
SELL,2026-07-20T09:40:00+05:30,120.65,-0.005658715793520542,0.10439774369635164,9,-0.23950519603186823,1.2610039614261135,2026-07-20T09:48:00+05:30,121.2,0.5499999999999972,CLOSED,1.0,IREDA-EQ
BUY,2026-07-20T09:48:00+05:30,121.2,0.005392376888486356,0.14270793795565606,9,0.13069921219940608,0.37846106638749505,2026-07-20T12:02:00+05:30,121.13,-0.07000000000000739,CLOSED,0.0,IREDA-EQ
SELL,2026-07-20T12:02:00+05:30,121.13,-0.008258729824124093,0.03921450978627407,12,-0.19634922013671927,1.654605084837643,2026-07-20T12:32:00+05:30,121.58,0.45000000000000284,CLOSED,1.0,IREDA-EQ
BUY,2026-07-20T12:32:00+05:30,121.58,0.00031014039454007475,0.1350761102325474,12,-0.0705882352861631,0.6938988311751297,2026-07-21T09:53:00+05:30,121.55,-0.030000000000001137,CLOSED,0.0,IREDA-EQ
SELL,2026-07-21T09:53:00+05:30,121.55,-0.005653637827704779,0.043204937989385184,9,0.5420451116831376,0.20696587698326452,2026-07-21T13:43:00+05:30,121.54,-0.009999999999990905,CLOSED,0.0,IREDA-EQ
BUY,2026-07-21T13:43:00+05:30,121.54,0.002254061752973501,0.1493095219111412,13,1.0547052926449152,0.9935932962380014,2026-07-21T14:45:00+05:30,121.19,-0.3500000000000085,CLOSED,0.0,IREDA-EQ
SELL,2026-07-21T14:45:00+05:30,121.19,-0.0010533232821114296,0.04351245032554908,14,3.532725570633049,0.4521427466350369,2026-07-23T09:26:00+05:30,120.58,-0.6099999999999994,CLOSED,0.0,IREDA-EQ
BUY,2026-07-23T09:26:00+05:30,120.58,0.006094862227629505,0.49199028897371755,9,-0.23164559126051323,0.9016746877347206,2026-07-23T12:37:00+05:30,120.19,-0.39000000000000057,CLOSED,0.0,IREDA-EQ
SELL,2026-07-23T12:37:00+05:30,120.19,-0.004675327565286391,0.10097304370749327,12,-0.7187710517853465,0.9277953631619471,2026-07-24T11:50:00+05:30,119.11,-1.0799999999999983,CLOSED,0.0,IREDA-EQ
BUY,2026-07-24T11:50:00+05:30,119.11,0.008020161294104721,0.07408703590297534,11,-0.20930166077676282,1.137883662918911,2026-07-27T10:35:00+05:30,119.89,0.7800000000000011,CLOSED,1.0,IREDA-EQ
SELL,2026-07-27T10:35:00+05:30,119.89,-0.0009767511263022964,0.06303438215238867,10,0.6922741272212174,1.6773217454611637,2026-07-27T11:25:00+05:30,120.68,0.7900000000000063,CLOSED,1.0,IREDA-EQ
BUY,2026-07-27T11:25:00+05:30,120.68,0.006542994349081585,0.09043106644167023,11,0.45620277765493616,1.6257790886680947,2026-07-27T12:38:00+05:30,119.87,-0.8100000000000023,CLOSED,0.0,IREDA-EQ
SELL,2026-07-27T12:38:00+05:30,119.87,-0.008219055752693046,0.13530213104998176,12,0.7069392812261516,1.301840808918849,2026-07-27T12:58:00+05:30,120.58,0.7099999999999937,CLOSED,1.0,IREDA-EQ
BUY,2026-07-27T12:58:00+05:30,120.58,0.003002818233711348,0.0865961251378427,12,-0.386662175784215,0.8290774299835255,2026-07-27T14:28:00+05:30,120.42,-0.1599999999999966,CLOSED,0.0,IREDA-EQ
SELL,2026-07-27T14:28:00+05:30,120.42,-5.0174704194508e-05,0.03802046232695925,14,0.4346638153749919,1.6374099528028483,2026-07-28T14:06:00+05:30,120.3,-0.12000000000000455,CLOSED,0.0,IREDA-EQ
BUY,2026-07-28T14:06:00+05:30,120.3,0.0038909494581795055,0.22354716131799401,14,-0.2686698620696351,1.1200005236196078,2026-07-29T15:25:00+05:30,120.73,0.4300000000000068,CLOSED,1.0,IREDA-EQ
SELL,2026-07-29T15:25:00+05:30,120.73,-0.0007077023820738807,0.032249030993196,15,0.20385461717855266,0.9443386950383219,2026-07-30T15:19:00+05:30,119.8,-0.9300000000000068,CLOSED,0.0,IREDA-EQ
BUY,2026-07-30T15:19:00+05:30,119.8,0.001468933040677897,0.05573747990954201,15,-0.07705232616505585,0.8373872126222381,2026-07-31T11:48:00+05:30,120.0,0.20000000000000284,CLOSED,1.0,IREDA-EQ
SELL,2026-07-31T11:48:00+05:30,120.0,-1.5584288887881792e-05,0.022010098692292448,11,1.3547127138684794,0.6118774280850321,2026-07-31T11:50:00+05:30,120.06,0.060000000000002274,CLOSED,1.0,IREDA-EQ
BUY,2026-07-31T11:50:00+05:30,120.06,0.0016809058857585467,0.029739610697594298,11,-0.20412427320945573,1.5053932199520603,2026-07-31T11:57:00+05:30,119.94,-0.12000000000000455,CLOSED,0.0,IREDA-EQ
SELL,2026-07-31T11:57:00+05:30,119.94,-0.0019462195231819794,0.0396652660817181,11,-0.21275221335776248,0.22963123853653825,2026-07-31T11:59:00+05:30,120.08,0.14000000000000057,CLOSED,1.0,IREDA-EQ
BUY,2026-07-31T11:59:00+05:30,120.08,0.001965517520743506,0.035039660069383444,11,0.03861582873343534,1.2049236544778543,2026-07-31T13:36:00+05:30,119.95,-0.12999999999999545,CLOSED,0.0,IREDA-EQ
SELL,2026-07-31T13:36:00+05:30,119.95,-0.0005044922209884017,0.06957010852370389,13,4.085939308128355,1.24749498997996,2026-07-31T14:38:00+05:30,120.08,0.12999999999999545,CLOSED,1.0,IREDA-EQ
BUY,2026-07-31T14:38:00+05:30,120.08,0.0014558153782781107,0.02685351208149738,14,-0.32010542002547954,0.7604931210879166,2026-07-31T14:40:00+05:30,119.94,-0.14000000000000057,CLOSED,0.0,IREDA-EQ
SELL,2026-07-31T14:40:00+05:30,119.94,-0.0008775952263377952,0.0258413965910865,14,-0.4582801579370586,0.7270866053399148,2026-08-03T09:18:00+05:30,121.83,1.8900000000000006,CLOSED,1.0,IREDA-EQ
BUY,2026-08-03T09:18:00+05:30,121.83,0.020759546001777252,1.1066671686745848,9,1.0015617782054604,2.0320848856505447,2026-08-04T09:17:00+05:30,120.3,-1.5300000000000011,CLOSED,0.0,IREDA-EQ
SELL,2026-08-04T09:17:00+05:30,120.3,-0.06395637196634653,1.3344782584299475,9,7.2914204660434585,2.39108772536492,2026-08-05T09:54:00+05:30,120.98,0.6800000000000068,CLOSED,1.0,IREDA-EQ
BUY,2026-08-05T09:54:00+05:30,120.98,0.017761777689354864,0.20067663319656992,9,1.3705352395723422,0.34218875213797884,2026-08-05T10:22:00+05:30,120.25,-0.730000000000004,CLOSED,0.0,IREDA-EQ
SELL,2026-08-05T10:22:00+05:30,120.25,-0.00230550621430983,0.06908931417617004,10,0.14592982015417763,1.4102295690800852,2026-08-05T13:14:00+05:30,120.23,-0.01999999999999602,CLOSED,0.0,IREDA-EQ
BUY,2026-08-05T13:14:00+05:30,120.23,0.005069193555527439,0.1203882607787529,13,-0.11057373627583449,1.0053410251456016,2026-08-06T10:28:00+05:30,120.31,0.0799999999999983,CLOSED,1.0,IREDA-EQ
SELL,2026-08-06T10:28:00+05:30,120.31,-0.00047962975140926226,0.06899275324264344,10,-0.7226961248530522,0.9054569026479139,2026-08-06T10:37:00+05:30,120.63,0.3199999999999932,CLOSED,1.0,IREDA-EQ
BUY,2026-08-06T10:37:00+05:30,120.63,0.004211845777972427,0.08472176684759158,10,0.8110127943305314,0.712505364629758,2026-08-06T11:03:00+05:30,120.3,-0.3299999999999983,CLOSED,0.0,IREDA-EQ
SELL,2026-08-06T11:03:00+05:30,120.3,-0.002283497430478355,0.06667499947923132,11,1.1876430202995618,0.8131708204475168,2026-08-06T12:46:00+05:30,120.49,0.18999999999999773,CLOSED,1.0,IREDA-EQ
BUY,2026-08-06T12:46:00+05:30,120.49,0.0017164904702855525,0.05626327003965709,12,-0.1305863892222391,0.5743649732620321,2026-08-06T12:51:00+05:30,120.31,-0.1799999999999926,CLOSED,0.0,IREDA-EQ
SELL,2026-08-06T12:51:00+05:30,120.31,-0.0016585171431623105,0.07303728119559587,12,1.7502673790941619,0.5655138051720786,2026-08-06T13:11:00+05:30,120.54,0.23000000000000398,CLOSED,1.0,IREDA-EQ
BUY,2026-08-06T13:11:00+05:30,120.54,0.004344936668668531,0.12092697520955967,13,-0.8748126349525297,0.4626869318737171,2026-08-07T09:30:00+05:30,120.78,0.23999999999999488,CLOSED,1.0,IREDA-EQ
SELL,2026-08-07T09:30:00+05:30,120.78,-0.00516477989054155,0.052535702146252576,9,0.16793582246029493,0.19443201705330473,2026-08-07T09:40:00+05:30,121.39,0.6099999999999994,CLOSED,1.0,IREDA-EQ
BUY,2026-08-07T09:40:00+05:30,121.39,0.011355860768833695,0.12220201853215545,9,0.6282307039144156,2.0740061327683423,2026-08-07T10:26:00+05:30,120.78,-0.6099999999999994,CLOSED,0.0,IREDA-EQ
SELL,2026-08-07T10:26:00+05:30,120.78,-0.0045445175384957615,0.0783794190673397,10,-0.6359338645814645,0.6033720851179549,,,,OPEN,,IREDA-EQ
BUY,2026-06-25T13:28:00+05:30,59.32,0.0021463441685815885,0.0879962120396865,13,16.22778243930549,2.407187835133136,2026-06-29T14:46:00+05:30,60.06,0.740000000000002,CLOSED,1.0,PAISALO-EQ
SELL,2026-06-29T14:46:00+05:30,60.06,-0.011281808035569905,0.1826836975029068,14,1.4416972598959337,1.0074541995781812,2026-06-29T15:29:00+05:30,60.69,0.6299999999999955,CLOSED,1.0,PAISALO-EQ
BUY,2026-06-29T15:29:00+05:30,60.69,0.015803082353290268,0.10689558768567904,15,1.2323928054509286,0.9589967996864999,2026-06-30T09:24:00+05:30,60.08,-0.6099999999999994,CLOSED,0.0,PAISALO-EQ
SELL,2026-06-30T09:24:00+05:30,60.08,-0.014068714311521176,0.15643244903507472,9,-0.5467227144250971,0.44078068823831534,2026-07-01T09:18:00+05:30,63.42,3.3400000000000034,CLOSED,1.0,PAISALO-EQ
BUY,2026-07-01T09:18:00+05:30,63.42,0.21400764207954887,2.2718920162132124,9,3.457368324662986,1.106236560707174,2026-07-02T13:01:00+05:30,72.03,8.61,CLOSED,1.0,PAISALO-EQ
SELL,2026-07-02T13:01:00+05:30,72.03,-0.006568978998430696,0.05827139568909876,13,-0.5474858208540909,0.6540208613728129,2026-07-02T13:18:00+05:30,72.69,0.6599999999999966,CLOSED,1.0,PAISALO-EQ
BUY,2026-07-02T13:18:00+05:30,72.69,0.010964815764812877,0.08300602387778976,13,-0.05592944691806503,0.6281424629907144,2026-07-02T13:47:00+05:30,71.61,-1.0799999999999983,CLOSED,0.0,PAISALO-EQ
SELL,2026-07-02T13:47:00+05:30,71.61,-0.017132482073764922,0.3951089863709918,13,7.401814714107921,0.7547174830159971,2026-07-02T14:56:00+05:30,72.33,0.7199999999999989,CLOSED,1.0,PAISALO-EQ
BUY,2026-07-02T14:56:00+05:30,72.33,0.003192408910992416,0.06485025486114653,14,1.758961578755848,0.1956124416001422,2026-07-02T15:20:00+05:30,71.95,-0.37999999999999545,CLOSED,0.0,PAISALO-EQ
SELL,2026-07-02T15:20:00+05:30,71.95,-0.003431242285756165,0.2101877467620068,15,0.6871399645989472,0.9262588229482378,2026-07-03T09:26:00+05:30,72.17,0.21999999999999886,CLOSED,1.0,PAISALO-EQ
BUY,2026-07-03T09:26:00+05:30,72.17,0.0025558327218200357,0.22794979954172237,9,-0.8238711733195621,0.4372158806651468,2026-07-03T09:29:00+05:30,71.87,-0.29999999999999716,CLOSED,0.0,PAISALO-EQ
SELL,2026-07-03T09:29:00+05:30,71.87,-0.004101106573412908,0.2040588150509569,9,-0.8634232571927863,0.6950863256645486,2026-07-03T13:32:00+05:30,71.27,-0.6000000000000085,CLOSED,0.0,PAISALO-EQ
BUY,2026-07-03T13:32:00+05:30,71.27,0.015402403166023463,0.045276925690685664,13,-0.8308804603721565,0.445835639180963,2026-07-06T12:28:00+05:30,72.25,0.980000000000004,CLOSED,1.0,PAISALO-EQ
SELL,2026-07-06T12:28:00+05:30,72.25,-0.008583266203623863,0.07067924416372277,12,-0.9137629216575058,0.5251068376068376,2026-07-06T14:01:00+05:30,72.87,0.6200000000000045,CLOSED,1.0,PAISALO-EQ
BUY,2026-07-06T14:01:00+05:30,72.87,0.01741017088204106,0.10252912865240915,14,-0.4617408078226939,0.5829849044309297,2026-07-06T15:17:00+05:30,72.07,-0.8000000000000114,CLOSED,0.0,PAISALO-EQ
SELL,2026-07-06T15:17:00+05:30,72.07,-0.02327319815255684,0.0935948716543804,15,2.073216225731286,1.8138288553229298,2026-07-07T10:18:00+05:30,72.58,0.5100000000000051,CLOSED,1.0,PAISALO-EQ
BUY,2026-07-07T10:18:00+05:30,72.58,0.006494419560864191,0.08514693182963115,10,-0.7874687523486036,0.04388505235018935,2026-07-07T11:29:00+05:30,72.39,-0.18999999999999773,CLOSED,0.0,PAISALO-EQ
SELL,2026-07-07T11:29:00+05:30,72.39,-0.00323860358256145,0.05125101625008504,11,0.003961921531397989,0.6864894491641546,2026-07-08T09:38:00+05:30,72.68,0.29000000000000625,CLOSED,1.0,PAISALO-EQ
BUY,2026-07-08T09:38:00+05:30,72.68,0.07356242085330778,0.19133739833080282,9,0.2893271542440429,0.556030405918335,2026-07-08T13:24:00+05:30,72.03,-0.6500000000000057,CLOSED,0.0,PAISALO-EQ
SELL,2026-07-08T13:24:00+05:30,72.03,-0.005320240802118127,0.05087020520676036,13,0.10111033396710445,0.21209655008138473,2026-07-09T13:02:00+05:30,70.16,-1.8700000000000045,CLOSED,0.0,PAISALO-EQ
BUY,2026-07-09T13:02:00+05:30,70.16,0.0004150393153436721,0.058395205282622646,13,0.21724661792938757,0.19047902056341376,2026-07-13T09:27:00+05:30,72.22,2.0600000000000023,CLOSED,1.0,PAISALO-EQ
SELL,2026-07-13T09:27:00+05:30,72.22,-0.002263627149364907,0.31269438398822796,9,0.2090687840313793,1.5573631278731257,2026-07-13T09:52:00+05:30,72.87,0.6500000000000057,CLOSED,1.0,PAISALO-EQ
BUY,2026-07-13T09:52:00+05:30,72.87,0.008424935127145438,0.13937957765278036,9,-0.028023487047525206,0.088565821134277,2026-07-13T11:40:00+05:30,72.13,-0.7400000000000091,CLOSED,0.0,PAISALO-EQ
SELL,2026-07-13T11:40:00+05:30,72.13,-0.012048860321050726,0.20892582415776362,11,-0.8228535653263516,1.0511370017895518,2026-07-14T09:36:00+05:30,72.66,0.5300000000000011,CLOSED,1.0,PAISALO-EQ
BUY,2026-07-14T09:36:00+05:30,72.66,0.003966702285664295,0.30041637771599683,9,2.355083770400563,2.330393893990791,2026-07-14T10:09:00+05:30,71.86,-0.7999999999999972,CLOSED,0.0,PAISALO-EQ
SELL,2026-07-14T10:09:00+05:30,71.86,-0.009469509473934361,0.08944271909999198,10,0.06313005820822727,0.35337473497938265,2026-07-14T10:48:00+05:30,72.6,0.7399999999999949,CLOSED,1.0,PAISALO-EQ
BUY,2026-07-14T10:48:00+05:30,72.6,0.021452013583049268,0.3159623746939215,10,79.98467219875175,1.7852819093739192,2026-07-14T14:21:00+05:30,72.58,-0.01999999999999602,CLOSED,0.0,PAISALO-EQ
SELL,2026-07-14T14:21:00+05:30,72.58,-0.0038483459471714957,0.19696587408877536,14,29.69948357067681,0.1658723055522607,2026-07-15T09:29:00+05:30,73.31,0.730000000000004,CLOSED,1.0,PAISALO-EQ
BUY,2026-07-15T09:29:00+05:30,73.31,0.028181906616994903,0.07933053216343601,9,-0.8829283590884747,0.8148519857230174,2026-07-15T11:40:00+05:30,71.88,-1.4300000000000068,CLOSED,0.0,PAISALO-EQ
SELL,2026-07-15T11:40:00+05:30,71.88,-0.0172283586749377,0.9688114138239501,11,4.2687747353693,1.2822998789160742,2026-07-16T09:20:00+05:30,72.68,0.8000000000000114,CLOSED,1.0,PAISALO-EQ
BUY,2026-07-16T09:20:00+05:30,72.68,0.007381545759874021,0.29777881426021674,9,0.11798358358523575,0.4956453589693773,2026-07-16T15:17:00+05:30,73.58,0.8999999999999915,CLOSED,1.0,PAISALO-EQ
SELL,2026-07-16T15:17:00+05:30,73.58,-0.009225720813507482,0.3031116405990822,15,0.6688288381798659,1.0414072660795675,2026-07-17T11:37:00+05:30,74.22,0.6400000000000006,CLOSED,1.0,PAISALO-EQ
BUY,2026-07-17T11:37:00+05:30,74.22,0.002360319782771029,0.1663630567964731,11,-0.7827991100201914,1.0164451949196094,2026-07-17T13:47:00+05:30,73.74,-0.480000000000004,CLOSED,0.0,PAISALO-EQ
SELL,2026-07-17T13:47:00+05:30,73.74,-0.010330043898403604,0.027588242262079028,13,-0.5841219592982237,2.140038459997596,2026-07-17T14:02:00+05:30,74.3,0.5600000000000023,CLOSED,1.0,PAISALO-EQ
BUY,2026-07-17T14:02:00+05:30,74.3,0.005482061810935413,0.24640526689897488,14,6.80300549174728,0.13628031544624453,2026-07-17T15:19:00+05:30,72.11,-2.1899999999999977,CLOSED,0.0,PAISALO-EQ
SELL,2026-07-17T15:19:00+05:30,72.11,-0.1167408791846159,1.013654006278497,15,7.379847727341991,1.259448003226447,2026-07-20T15:26:00+05:30,71.61,-0.5,CLOSED,0.0,PAISALO-EQ
BUY,2026-07-20T15:26:00+05:30,71.61,0.001703557631196294,0.10514011814927944,15,-0.4343739443488611,0.9032768832319018,2026-07-20T15:28:00+05:30,71.12,-0.4899999999999949,CLOSED,0.0,PAISALO-EQ
SELL,2026-07-20T15:28:00+05:30,71.12,-0.010631492311351408,0.06078194176270278,15,-0.3838088808142151,1.1875043943939252,2026-07-21T10:11:00+05:30,71.76,0.6400000000000006,CLOSED,1.0,PAISALO-EQ
BUY,2026-07-21T10:11:00+05:30,71.76,0.023552137822171436,0.2989407224778127,10,-0.9390279291645233,0.3116498295820923,2026-07-22T09:38:00+05:30,71.75,-0.010000000000005116,CLOSED,0.0,PAISALO-EQ
SELL,2026-07-22T09:38:00+05:30,71.75,-0.01038467787075785,0.05237683966538327,9,-0.1369941480526833,1.4680240380303167,2026-07-22T10:25:00+05:30,72.21,0.45999999999999375,CLOSED,1.0,PAISALO-EQ
BUY,2026-07-22T10:25:00+05:30,72.21,0.013055298160154622,0.15569200364822752,10,0.011200057759663578,1.540488558066474,2026-07-23T13:15:00+05:30,73.3,1.0900000000000034,CLOSED,1.0,PAISALO-EQ
SELL,2026-07-23T13:15:00+05:30,73.3,-0.018544705313853015,0.12123897429823981,13,-0.14550347964316665,0.5971191734426272,2026-07-24T10:37:00+05:30,73.5,0.20000000000000284,CLOSED,1.0,PAISALO-EQ
BUY,2026-07-24T10:37:00+05:30,73.5,0.0033811000051222244,0.22421220107547937,10,-0.7144159649672076,1.782874930997786,2026-07-24T11:34:00+05:30,72.35,-1.1500000000000057,CLOSED,0.0,PAISALO-EQ
SELL,2026-07-24T11:34:00+05:30,72.35,-0.008516420620473421,0.1763235662071281,11,-0.7824859623233155,0.5112430391842041,2026-07-27T14:28:00+05:30,69.9,-2.4499999999999886,CLOSED,0.0,PAISALO-EQ
BUY,2026-07-27T14:28:00+05:30,69.9,0.0009991565477258971,0.08044321668799112,14,4.320698828293149,0.22254095403045393,2026-07-29T10:17:00+05:30,71.05,1.1499999999999915,CLOSED,1.0,PAISALO-EQ
SELL,2026-07-29T10:17:00+05:30,71.05,-0.003105074488210002,0.07067924416372506,10,-0.6242603988795039,1.5524113979003866,2026-07-29T11:07:00+05:30,71.23,0.18000000000000682,CLOSED,1.0,PAISALO-EQ
BUY,2026-07-29T11:07:00+05:30,71.23,0.0022234648096287023,0.02740640638812753,11,-0.6883687270444618,1.4391816143497758,2026-07-29T13:34:00+05:30,71.21,-0.020000000000010232,CLOSED,0.0,PAISALO-EQ
SELL,2026-07-29T13:34:00+05:30,71.21,-0.0001599672528892483,0.04653553003410997,13,0.09764639231146775,0.6564068878149486,2026-07-29T14:17:00+05:30,71.38,0.1700000000000017,CLOSED,1.0,PAISALO-EQ
BUY,2026-07-29T14:17:00+05:30,71.38,0.0014258354701938167,0.06505553183413475,14,-0.16392047755571698,1.581657378240853,2026-07-29T14:27:00+05:30,71.19,-0.18999999999999773,CLOSED,0.0,PAISALO-EQ
SELL,2026-07-29T14:27:00+05:30,71.19,-0.0028835321572863314,0.06640783086353672,14,-0.40401097902560845,0.49975017921925574,2026-07-29T14:47:00+05:30,71.34,0.15000000000000568,CLOSED,1.0,PAISALO-EQ
BUY,2026-07-29T14:47:00+05:30,71.34,0.0005541631024480011,0.05561774297230354,14,-0.9292459360839403,1.4482827826697775,2026-07-29T14:58:00+05:30,71.15,-0.18999999999999773,CLOSED,0.0,PAISALO-EQ
SELL,2026-07-29T14:58:00+05:30,71.15,-0.005194218204141576,0.06879922480183302,14,-0.001981979234804929,0.637249660102962,2026-07-29T15:13:00+05:30,71.31,0.1599999999999966,CLOSED,1.0,PAISALO-EQ
BUY,2026-07-29T15:13:00+05:30,71.31,0.00015903814462593855,0.020439612955673703,15,0.8121474322501321,0.4882087025542127,2026-07-30T09:55:00+05:30,71.17,-0.14000000000000057,CLOSED,0.0,PAISALO-EQ
SELL,2026-07-30T09:55:00+05:30,71.17,-0.004643142977745469,0.05460972644339312,9,-0.36833268750950693,0.8268588564029169,2026-07-30T09:57:00+05:30,71.42,0.25,CLOSED,1.0,PAISALO-EQ
BUY,2026-07-30T09:57:00+05:30,71.42,0.007994629453666195,0.06292853089020786,9,3.2273852961328906,2.1893548138441377,2026-07-30T10:15:00+05:30,71.13,-0.29000000000000625,CLOSED,0.0,PAISALO-EQ
SELL,2026-07-30T10:15:00+05:30,71.13,-0.007691993608890008,0.07071853442422756,10,-0.06695486592726117,0.3956150027578599,2026-07-30T14:45:00+05:30,70.7,-0.4299999999999926,CLOSED,0.0,PAISALO-EQ
BUY,2026-07-30T14:45:00+05:30,70.7,0.0005746331514023804,0.11023207841236986,14,-0.8547204198545805,0.14000401445202731,2026-07-31T10:33:00+05:30,70.45,-0.25,CLOSED,0.0,PAISALO-EQ
SELL,2026-07-31T10:33:00+05:30,70.45,-0.0172610693140305,0.1349938270193622,10,12.937218638163131,0.6961239633347883,2026-07-31T12:11:00+05:30,71.19,0.7399999999999949,CLOSED,1.0,PAISALO-EQ
BUY,2026-07-31T12:11:00+05:30,71.19,0.016058815828735314,0.16850980848471356,12,0.30163516952810376,2.360140040158575,2026-08-03T10:38:00+05:30,71.15,-0.03999999999999204,CLOSED,0.0,PAISALO-EQ
SELL,2026-08-03T10:38:00+05:30,71.15,-0.007606930522668067,0.030110906108364904,10,0.23248993671183305,1.8212569402323517,2026-08-03T10:59:00+05:30,71.44,0.28999999999999204,CLOSED,1.0,PAISALO-EQ
BUY,2026-08-03T10:59:00+05:30,71.44,0.0038169215421972693,0.03813717929323708,10,-0.5945744680060405,2.2594135397533455,2026-08-03T11:31:00+05:30,71.22,-0.21999999999999886,CLOSED,0.0,PAISALO-EQ
SELL,2026-08-03T11:31:00+05:30,71.22,-0.001132559250959165,0.04417138339593807,11,1.00778861515221,0.5338433092847044,2026-08-03T13:13:00+05:30,71.32,0.09999999999999432,CLOSED,1.0,PAISALO-EQ
BUY,2026-08-03T13:13:00+05:30,71.32,0.0023028610405308905,0.03541813722437156,13,75.41722909275988,0.6005879882402353,2026-08-03T13:45:00+05:30,71.2,-0.11999999999999034,CLOSED,0.0,PAISALO-EQ
SELL,2026-08-03T13:45:00+05:30,71.2,-0.0013100330276618274,0.006324555320334002,13,-0.7495730143841495,0.8145069622051719,2026-08-03T13:52:00+05:30,71.26,0.060000000000002274,CLOSED,1.0,PAISALO-EQ
BUY,2026-08-03T13:52:00+05:30,71.26,0.00035464641019044744,0.024060109910158813,13,1.1561366661995258,0.9693696883852692,2026-08-03T13:53:00+05:30,71.2,-0.060000000000002274,CLOSED,0.0,PAISALO-EQ
SELL,2026-08-03T13:53:00+05:30,71.2,-0.0018400951055222291,0.025144029554196812,13,3.523862368620306,0.23164049721949626,2026-08-03T14:36:00+05:30,71.38,0.1799999999999926,CLOSED,1.0,PAISALO-EQ
BUY,2026-08-03T14:36:00+05:30,71.38,0.006706254927242833,0.030276503540972412,14,0.2610446984598997,1.0372230808861411,2026-08-03T14:46:00+05:30,71.1,-0.28000000000000114,CLOSED,0.0,PAISALO-EQ
SELL,2026-08-03T14:46:00+05:30,71.1,-0.007381600043805038,0.10075272259900003,14,-0.8533485720614674,1.878119294601534,2026-08-03T14:48:00+05:30,71.65,0.5500000000000114,CLOSED,1.0,PAISALO-EQ
BUY,2026-08-03T14:48:00+05:30,71.65,0.01150180236036683,0.09036346360977705,14,-0.8715298701586637,0.12189292543021032,2026-08-04T10:15:00+05:30,71.2,-0.45000000000000284,CLOSED,0.0,PAISALO-EQ
SELL,2026-08-04T10:15:00+05:30,71.2,-0.01466321533348318,0.07058485830702062,10,-0.4075916464771224,1.1282528935622966,2026-08-04T13:04:00+05:30,71.25,0.04999999999999716,CLOSED,1.0,PAISALO-EQ
BUY,2026-08-04T13:04:00+05:30,71.25,0.0001956386643479743,0.04427188724235721,13,-0.3085021169176009,0.9186938055049919,2026-08-04T15:17:00+05:30,71.19,-0.060000000000002274,CLOSED,0.0,PAISALO-EQ
SELL,2026-08-04T15:17:00+05:30,71.19,-0.004849835551100708,0.037133393177689863,15,-0.3950475226030606,0.7713413474340929,2026-08-05T09:19:00+05:30,72.3,1.1099999999999994,CLOSED,1.0,PAISALO-EQ
BUY,2026-08-05T09:19:00+05:30,72.3,0.03563639859430022,0.707883386504366,9,8.025715446391358,0.6416172517139807,2026-08-05T12:33:00+05:30,72.65,0.3500000000000085,CLOSED,1.0,PAISALO-EQ
SELL,2026-08-05T12:33:00+05:30,72.65,-0.005981372575107086,0.2569241133097486,12,-0.7812941133820196,0.8318096919354712,2026-08-06T11:21:00+05:30,70.99,-1.6600000000000108,CLOSED,0.0,PAISALO-EQ
BUY,2026-08-06T11:21:00+05:30,70.99,0.042619171401957034,0.2884922490774708,11,0.21946109957006643,1.806314702117626,2026-08-06T11:46:00+05:30,69.38,-1.6099999999999994,CLOSED,0.0,PAISALO-EQ
SELL,2026-08-06T11:46:00+05:30,69.38,-0.007503021307885519,0.25342322966400255,11,-0.03063180524785363,2.4384767499103037,2026-08-07T09:32:00+05:30,69.67,0.29000000000000625,CLOSED,1.0,PAISALO-EQ
BUY,2026-08-07T09:32:00+05:30,69.67,0.011023175805971182,0.19486747633541515,9,0.5836380164311903,0.41091906790911736,2026-08-07T10:06:00+05:30,69.11,-0.5600000000000023,CLOSED,0.0,PAISALO-EQ
SELL,2026-08-07T10:06:00+05:30,69.11,-0.004909867668990882,0.045325979795745604,10,-0.84767031804775,0.7920822558798177,2026-08-07T11:30:00+05:30,69.38,0.269999999999996,CLOSED,1.0,PAISALO-EQ
BUY,2026-08-07T11:30:00+05:30,69.38,0.0031997207229486737,0.06657493689236395,11,1.6713017050296204,0.23949083592143827,2026-08-07T11:52:00+05:30,69.03,-0.3499999999999943,CLOSED,0.0,PAISALO-EQ
SELL,2026-08-07T11:52:00+05:30,69.03,-0.0008456287423389827,0.08582281488949008,11,7.98793633471774,0.3529714138846846,2026-08-07T14:02:00+05:30,69.25,0.21999999999999886,CLOSED,1.0,PAISALO-EQ
BUY,2026-08-07T14:02:00+05:30,69.25,0.0028645059658426474,0.1719851414770737,14,0.7158258953294566,1.5443191451609724,2026-08-07T14:06:00+05:30,68.79,-0.45999999999999375,CLOSED,0.0,PAISALO-EQ
SELL,2026-08-07T14:06:00+05:30,68.79,-0.004924414200630349,0.16947303948153902,14,0.6038624220753025,0.061410844535744774,,,,OPEN,,PAISALO-EQ
SELL,2026-06-24T12:36:00+05:30,184.35,-0.0041020180554478,0.14402546071210334,12,-0.5207894729989613,1.8574958813838551,2026-06-24T13:18:00+05:30,185.16,0.8100000000000023,CLOSED,1.0,PTC-EQ
BUY,2026-06-24T13:18:00+05:30,185.16,0.0038664438360542677,0.15994443479603046,13,0.12793550626019012,1.8955873213175884,2026-06-24T15:16:00+05:30,184.74,-0.4199999999999875,CLOSED,0.0,PTC-EQ
SELL,2026-06-24T15:16:00+05:30,184.74,-0.002036183278777049,0.11090035567521839,15,0.041670975058592144,0.9117530275957911,2026-06-29T14:16:00+05:30,180.96,-3.780000000000001,CLOSED,0.0,PTC-EQ
BUY,2026-06-29T14:16:00+05:30,180.96,0.0008087659013168206,0.04332051092343014,14,-0.13014608190522545,1.5954198473282444,2026-06-30T10:39:00+05:30,181.09,0.12999999999999545,CLOSED,1.0,PTC-EQ
SELL,2026-06-30T10:39:00+05:30,181.09,-0.004159280542123574,0.09545214042184155,10,-0.7114882494916966,0.9954751131221719,2026-06-30T11:34:00+05:30,181.53,0.4399999999999977,CLOSED,1.0,PTC-EQ
BUY,2026-06-30T11:34:00+05:30,181.53,0.001558705021437133,0.1345155918265428,11,5.950331076570108,0.12744163887565507,2026-06-30T11:38:00+05:30,181.26,-0.27000000000001023,CLOSED,0.0,PTC-EQ
SELL,2026-06-30T11:38:00+05:30,181.26,-1.92761056379369e-05,0.1453730832490449,11,-0.8946446435252193,0.9619952494061758,2026-06-30T11:40:00+05:30,181.34,0.0800000000000125,CLOSED,1.0,PTC-EQ
BUY,2026-06-30T11:40:00+05:30,181.34,0.0012582258440346772,0.14886235252742894,11,-0.9213911375400297,0.9318181818181818,2026-06-30T11:50:00+05:30,181.12,-0.21999999999999886,CLOSED,0.0,PTC-EQ
SELL,2026-06-30T11:50:00+05:30,181.12,-0.002140526188546759,0.11127543404642902,11,0.04486987728855836,0.8924992842828514,2026-06-30T11:53:00+05:30,181.49,0.37000000000000455,CLOSED,1.0,PTC-EQ
BUY,2026-06-30T11:53:00+05:30,181.49,0.004392468898389458,0.10077477638553999,11,-0.4105263152624823,0.9091898954703833,2026-06-30T12:41:00+05:30,181.23,-0.2600000000000193,CLOSED,0.0,PTC-EQ
SELL,2026-06-30T12:41:00+05:30,181.23,-0.0005096804624690492,0.013703203194062036,12,0.14848484792240585,1.353891820580475,2026-06-30T12:44:00+05:30,181.38,0.15000000000000568,CLOSED,1.0,PTC-EQ
BUY,2026-06-30T12:44:00+05:30,181.38,9.145129354942388e-05,0.014491376746187154,12,0.8877737185776748,0.3395360077332044,2026-06-30T12:47:00+05:30,181.25,-0.12999999999999545,CLOSED,0.0,PTC-EQ
SELL,2026-06-30T12:47:00+05:30,181.25,-0.00037831874485915417,0.06314885412877679,12,-0.7061591088405494,0.2765647743813683,2026-06-30T12:49:00+05:30,181.33,0.0800000000000125,CLOSED,1.0,PTC-EQ
BUY,2026-06-30T12:49:00+05:30,181.33,0.00023676607985864223,0.0611464544261455,12,-0.7510874800602043,0.529126213592233,2026-06-30T12:50:00+05:30,181.25,-0.0800000000000125,CLOSED,0.0,PTC-EQ
SELL,2026-06-30T12:50:00+05:30,181.25,-0.0004288533052887089,0.06307843442008536,12,-0.9189640749395069,0.21907216494845363,2026-06-30T12:52:00+05:30,181.35,0.09999999999999432,CLOSED,1.0,PTC-EQ
BUY,2026-06-30T12:52:00+05:30,181.35,0.0006526044932114267,0.056223759311443314,12,0.349344975623399,2.181769147788565,2026-06-30T15:14:00+05:30,181.08,-0.2699999999999818,CLOSED,0.0,PTC-EQ
SELL,2026-06-30T15:14:00+05:30,181.08,-0.0005893454123602795,0.21597582169205154,15,0.6735504929836241,0.839411415486388,2026-07-01T10:46:00+05:30,181.73,0.6499999999999773,CLOSED,1.0,PTC-EQ
BUY,2026-07-01T10:46:00+05:30,181.73,0.0020504736734919525,0.21501679520963807,10,3.5132090063845984,2.124042351725919,2026-07-01T11:08:00+05:30,181.12,-0.6099999999999852,CLOSED,0.0,PTC-EQ
SELL,2026-07-01T11:08:00+05:30,181.12,-0.0008980421488773396,0.12018966492820944,11,-0.5828651671749411,1.6666666666666667,2026-07-03T09:19:00+05:30,178.56,-2.5600000000000023,CLOSED,0.0,PTC-EQ
BUY,2026-07-03T09:19:00+05:30,178.56,0.013950176831480426,0.52839799814576,9,0.46576246760314405,0.9913404847690795,2026-07-03T11:22:00+05:30,177.61,-0.9499999999999886,CLOSED,0.0,PTC-EQ
SELL,2026-07-03T11:22:00+05:30,177.61,-0.002097923603800925,0.09031426613036712,11,-0.6297614798331052,0.4543269230769231,2026-07-03T11:52:00+05:30,177.8,0.18999999999999773,CLOSED,1.0,PTC-EQ
BUY,2026-07-03T11:52:00+05:30,177.8,0.0016998942727594372,0.05207899981971426,11,0.810408918167245,0.11678644763860369,2026-07-03T11:58:00+05:30,177.63,-0.17000000000001592,CLOSED,0.0,PTC-EQ
SELL,2026-07-03T11:58:00+05:30,177.63,-0.0002091812421358854,0.062227182341989165,11,1.2464065676426936,0.47074954296160876,2026-07-03T12:00:00+05:30,177.8,0.17000000000001592,CLOSED,1.0,PTC-EQ
BUY,2026-07-03T12:00:00+05:30,177.8,0.0011341196501431978,0.07264066813203103,12,-0.5976570383784519,1.3190261044176708,2026-07-03T13:12:00+05:30,177.48,-0.3200000000000216,CLOSED,0.0,PTC-EQ
SELL,2026-07-03T13:12:00+05:30,177.48,-0.0013915467040169756,0.27568903577118076,13,-0.7874759149686975,0.7184950135992747,2026-07-03T14:33:00+05:30,177.81,0.3300000000000125,CLOSED,1.0,PTC-EQ
BUY,2026-07-03T14:33:00+05:30,177.81,0.0017214456986787024,0.10689558768567622,14,-0.4810612987364489,0.5456629055007052,2026-07-03T15:19:00+05:30,177.54,-0.27000000000001023,CLOSED,0.0,PTC-EQ
SELL,2026-07-03T15:19:00+05:30,177.54,-0.0033706232109711747,0.07030884249746833,15,-0.6588190564357005,0.6930396022629866,2026-07-10T09:27:00+05:30,169.78,-7.759999999999991,CLOSED,0.0,PTC-EQ
BUY,2026-07-10T09:27:00+05:30,169.78,0.009434538949853868,0.24145162846601434,9,-0.16324399577583124,1.6744661674986132,2026-07-13T09:20:00+05:30,170.83,1.0500000000000114,CLOSED,1.0,PTC-EQ
SELL,2026-07-13T09:20:00+05:30,170.83,-0.004723520656162965,1.1146544058336851,9,0.40274707917533414,1.1124085537422623,2026-07-13T14:25:00+05:30,170.77,-0.060000000000002274,CLOSED,0.0,PTC-EQ
BUY,2026-07-13T14:25:00+05:30,170.77,0.0029805915073076268,0.166869876117756,14,-0.7783872205646714,2.2069040382110288,2026-07-14T09:19:00+05:30,170.2,-0.5700000000000216,CLOSED,0.0,PTC-EQ
SELL,2026-07-14T09:19:00+05:30,170.2,-0.005998142053621541,0.39403327552660444,9,0.5150540614041991,0.6181379007465964,2026-07-14T12:55:00+05:30,170.59,0.3900000000000148,CLOSED,1.0,PTC-EQ
BUY,2026-07-14T12:55:00+05:30,170.59,0.004950886114877339,0.25669696790833857,12,6.965855725638379,0.03857693956279468,2026-07-16T09:22:00+05:30,173.1,2.509999999999991,CLOSED,1.0,PTC-EQ
SELL,2026-07-16T09:22:00+05:30,173.1,-0.002875817929760628,0.21990149309785692,9,0.8457719672158815,0.38080509234355386,2026-07-17T14:49:00+05:30,169.81,-3.289999999999992,CLOSED,0.0,PTC-EQ
BUY,2026-07-17T14:49:00+05:30,169.81,0.01985910552771563,0.12816655830077286,14,2.53389655621894,0.974198250728863,2026-07-21T11:04:00+05:30,172.3,2.490000000000009,CLOSED,1.0,PTC-EQ
SELL,2026-07-21T11:04:00+05:30,172.3,-0.0005821788151493754,0.09314862675674146,11,-0.008849557507063458,1.9642857142857144,2026-07-23T10:02:00+05:30,168.78,-3.5200000000000102,CLOSED,0.0,PTC-EQ
BUY,2026-07-23T10:02:00+05:30,168.78,0.004342830932392853,0.20618222792256255,10,-0.07969961230656547,0.7192682284811793,2026-07-23T15:04:00+05:30,168.33,-0.44999999999998863,CLOSED,0.0,PTC-EQ
SELL,2026-07-23T15:04:00+05:30,168.33,-0.0049837582804546626,0.8601266056678969,15,0.12005556769757422,1.1692995626346367,2026-07-27T09:18:00+05:30,167.32,-1.0100000000000193,CLOSED,0.0,PTC-EQ
BUY,2026-07-27T09:18:00+05:30,167.32,0.021817728675097448,1.034044916282118,9,0.3431181958897515,0.7726877985236648,2026-07-27T14:30:00+05:30,165.8,-1.5199999999999818,CLOSED,0.0,PTC-EQ
SELL,2026-07-27T14:30:00+05:30,165.8,-0.0073846223940198736,0.2772984753734585,14,0.9441854707016654,0.088321415688854,2026-07-27T14:57:00+05:30,166.44,0.6399999999999864,CLOSED,1.0,PTC-EQ
BUY,2026-07-27T14:57:00+05:30,166.44,0.0058691295655330196,0.09052930771609241,14,3.8414738481513546,1.9420353982300884,2026-07-28T09:43:00+05:30,165.59,-0.8499999999999943,CLOSED,0.0,PTC-EQ
SELL,2026-07-28T09:43:00+05:30,165.59,-0.0074201804768368376,0.2034262082973156,9,-0.8558451465628297,1.1452307692307693,2026-07-28T14:45:00+05:30,165.92,0.3299999999999841,CLOSED,1.0,PTC-EQ
BUY,2026-07-28T14:45:00+05:30,165.92,0.0007477338614616295,0.04458450154231989,14,-0.5506389013835319,0.37519747235387046,2026-07-29T10:47:00+05:30,165.79,-0.12999999999999545,CLOSED,0.0,PTC-EQ
SELL,2026-07-29T10:47:00+05:30,165.79,-0.007104881454569414,0.0711883261341199,10,0.468202303064428,1.480786721236926,2026-07-29T12:54:00+05:30,166.99,1.200000000000017,CLOSED,1.0,PTC-EQ
BUY,2026-07-29T12:54:00+05:30,166.99,0.020175493442068405,0.44133131923004765,12,0.09898027039515607,0.7075138678769541,2026-07-31T09:20:00+05:30,167.63,0.6399999999999864,CLOSED,1.0,PTC-EQ
SELL,2026-07-31T09:20:00+05:30,167.63,-0.010142056611301685,0.5603183618860549,9,0.7010055671526897,0.8124016846805704,2026-07-31T10:25:00+05:30,169.62,1.990000000000009,CLOSED,1.0,PTC-EQ
BUY,2026-07-31T10:25:00+05:30,169.62,0.002259057465891397,0.4277135593933047,10,-0.6451247554102065,0.7579787234042553,2026-08-03T13:51:00+05:30,178.0,8.379999999999995,CLOSED,1.0,PTC-EQ
SELL,2026-08-03T13:51:00+05:30,178.0,-9.020328071657267e-06,0.09924156835161586,13,-0.01860809934031982,1.430662310437952,2026-08-03T14:01:00+05:30,179.65,1.6500000000000057,CLOSED,1.0,PTC-EQ
BUY,2026-08-03T14:01:00+05:30,179.65,0.03228983878232496,0.22370615647416545,14,-0.013974252490243574,1.275191104933982,2026-08-04T11:53:00+05:30,180.08,0.4300000000000068,CLOSED,1.0,PTC-EQ
SELL,2026-08-04T11:53:00+05:30,180.08,-0.006572244004260194,0.1674680732424985,11,0.1679473657566236,0.876746936142765,2026-08-04T12:13:00+05:30,181.6,1.5199999999999818,CLOSED,1.0,PTC-EQ
BUY,2026-08-04T12:13:00+05:30,181.6,0.009483304317055751,0.4951139038421145,12,2.800724636271777,0.9140980828302087,2026-08-04T12:35:00+05:30,180.38,-1.2199999999999989,CLOSED,0.0,PTC-EQ
SELL,2026-08-04T12:35:00+05:30,180.38,-0.006265089995635817,0.15349267083479606,12,-0.40146089916824634,1.5380473797559227,2026-08-04T14:40:00+05:30,181.0,0.6200000000000045,CLOSED,1.0,PTC-EQ
BUY,2026-08-04T14:40:00+05:30,181.0,0.009273204152058411,0.23308558275639316,14,-0.7447507061975309,0.3421328148369728,2026-08-07T09:17:00+05:30,197.39,16.389999999999986,CLOSED,1.0,PTC-EQ
SELL,2026-08-07T09:17:00+05:30,197.39,-0.035360091472984835,0.31728185857022173,9,1.9330429251880326,1.8898111085952882,2026-08-07T10:59:00+05:30,199.49,2.1000000000000227,CLOSED,1.0,PTC-EQ
BUY,2026-08-07T10:59:00+05:30,199.49,0.002262592412334584,0.17597032578123697,10,0.14861241452032678,1.0034286548001168,,,,OPEN,,PTC-EQ
BUY,2026-06-24T11:39:00+05:30,130.22,0.012140330140780935,0.1614517471774957,11,0.8277877154140847,1.2146600320708867,2026-06-24T15:02:00+05:30,130.23,0.009999999999990905,CLOSED,1.0,CANBK-EQ
SELL,2026-06-24T15:02:00+05:30,130.23,-0.0026851197339313416,0.054863466897374834,15,0.17276727142420228,1.195012439708378,2026-06-29T14:55:00+05:30,126.88,-3.3499999999999943,CLOSED,0.0,CANBK-EQ
BUY,2026-06-29T14:55:00+05:30,126.88,0.003923338951223068,0.0843010478384877,14,0.2248338413534432,1.213604644613547,2026-06-29T15:01:00+05:30,126.2,-0.6799999999999926,CLOSED,0.0,CANBK-EQ
SELL,2026-06-29T15:01:00+05:30,126.2,-0.005230753604300936,0.20400435725194085,15,3.760516068873773,2.003007328713246,2026-06-30T14:36:00+05:30,125.65,-0.5499999999999972,CLOSED,0.0,CANBK-EQ
BUY,2026-06-30T14:36:00+05:30,125.65,0.0076372087669238035,0.10102254973794464,14,0.5278467848216851,0.5640119275296729,2026-07-01T13:49:00+05:30,126.41,0.7599999999999909,CLOSED,1.0,CANBK-EQ
SELL,2026-07-01T13:49:00+05:30,126.41,-0.011289704316963058,0.18162537757091607,13,1.152809731383295,0.29990907373293657,2026-07-02T09:17:00+05:30,128.83,2.420000000000016,CLOSED,1.0,CANBK-EQ
BUY,2026-07-02T09:17:00+05:30,128.83,0.018356678286424337,1.0791256748971507,9,3.338262006544209,2.122088332450744,2026-07-02T11:44:00+05:30,126.75,-2.0800000000000125,CLOSED,0.0,CANBK-EQ
SELL,2026-07-02T11:44:00+05:30,126.75,-0.004154777003854287,0.14454526396023548,11,1.4845819656711543,0.2823219543138458,2026-07-03T10:26:00+05:30,127.88,1.1299999999999955,CLOSED,1.0,CANBK-EQ
BUY,2026-07-03T10:26:00+05:30,127.88,0.04221161533869271,0.34247627655065566,10,-0.36157419863285195,0.6249981451375002,2026-07-03T13:06:00+05:30,126.45,-1.4299999999999926,CLOSED,0.0,CANBK-EQ
SELL,2026-07-03T13:06:00+05:30,126.45,-0.013507284341195334,0.0666999916708302,13,-0.05145295834302461,1.634219327583172,2026-07-03T14:11:00+05:30,126.97,0.519999999999996,CLOSED,1.0,CANBK-EQ
BUY,2026-07-03T14:11:00+05:30,126.97,0.0004843909781159492,0.06562519841239856,14,0.4336113637473335,0.9817728371063325,2026-07-06T09:24:00+05:30,126.23,-0.7399999999999949,CLOSED,0.0,CANBK-EQ
SELL,2026-07-06T09:24:00+05:30,126.23,-0.014933598578264635,0.34808045047086494,9,-0.010795170858847276,1.1226597132090614,2026-07-06T10:46:00+05:30,126.93,0.7000000000000028,CLOSED,1.0,CANBK-EQ
BUY,2026-07-06T10:46:00+05:30,126.93,0.002129298905153209,0.033015148038437456,10,1.4955540846669477,0.8748976626731088,2026-07-06T11:15:00+05:30,126.74,-0.19000000000001194,CLOSED,0.0,CANBK-EQ
SELL,2026-07-06T11:15:00+05:30,126.74,-0.0014106749629085949,0.039944405810521,11,-0.49095607232702465,1.3333658727059743,2026-07-06T12:06:00+05:30,127.03,0.29000000000000625,CLOSED,1.0,CANBK-EQ
BUY,2026-07-06T12:06:00+05:30,127.03,7.906322605633492e-05,0.049227363664261344,12,-0.6101987010285449,1.2120574746774886,2026-07-06T13:08:00+05:30,126.82,-0.21000000000000796,CLOSED,0.0,CANBK-EQ
SELL,2026-07-06T13:08:00+05:30,126.82,-0.0014866630147461015,0.0537587202228604,13,0.28555958061231085,1.7909991576153808,2026-07-06T13:16:00+05:30,126.93,0.11000000000001364,CLOSED,1.0,CANBK-EQ
BUY,2026-07-06T13:16:00+05:30,126.93,0.001432931408369121,0.06515792780280627,13,0.0865374808739514,0.8749639622122843,2026-07-06T13:41:00+05:30,126.76,-0.1700000000000017,CLOSED,0.0,CANBK-EQ
SELL,2026-07-06T13:41:00+05:30,126.76,-0.0020011741490181508,0.11347540115226314,13,2.243254105464635,0.7149028598179741,2026-07-08T11:26:00+05:30,124.8,-1.960000000000008,CLOSED,0.0,CANBK-EQ
BUY,2026-07-08T11:26:00+05:30,124.8,0.008857911995993296,0.17392527130926155,11,0.08943196230012601,1.6104145519598536,2026-07-08T12:43:00+05:30,124.14,-0.6599999999999966,CLOSED,0.0,CANBK-EQ
SELL,2026-07-08T12:43:00+05:30,124.14,-0.0019168399232746749,0.12025897979869031,12,-0.08158631292302645,0.8232892940843184,2026-07-08T12:51:00+05:30,124.46,0.3199999999999932,CLOSED,1.0,CANBK-EQ
BUY,2026-07-08T12:51:00+05:30,124.46,0.003320364316198145,0.11413929112175811,12,0.11624676178453142,0.6980393571544525,2026-07-08T13:53:00+05:30,123.17,-1.289999999999992,CLOSED,0.0,CANBK-EQ
SELL,2026-07-08T13:53:00+05:30,123.17,-0.036215599762196495,0.2861021573572003,13,1.3051474296107446,0.9147985278531354,2026-07-09T10:00:00+05:30,123.68,0.5100000000000051,CLOSED,1.0,CANBK-EQ
BUY,2026-07-09T10:00:00+05:30,123.68,0.0042154106992225585,0.04788875998951383,10,-0.40419757378425225,0.9541178314177489,2026-07-13T09:30:00+05:30,127.38,3.6999999999999886,CLOSED,1.0,CANBK-EQ
SELL,2026-07-13T09:30:00+05:30,127.38,-0.010172162544515792,0.06522610247780132,9,0.18092558821885946,0.9980179467623325,2026-07-13T09:53:00+05:30,128.74,1.3600000000000136,CLOSED,1.0,CANBK-EQ
BUY,2026-07-13T09:53:00+05:30,128.74,0.010464559965140402,0.21479706184624178,9,0.8993916647367598,0.8290490429252366,2026-07-13T11:18:00+05:30,127.9,-0.8400000000000034,CLOSED,0.0,CANBK-EQ
SELL,2026-07-13T11:18:00+05:30,127.9,-0.010850124986923188,0.10975224624377937,11,-0.012176954974899703,0.7883469880668638,2026-07-13T13:46:00+05:30,128.48,0.5799999999999841,CLOSED,1.0,CANBK-EQ
BUY,2026-07-13T13:46:00+05:30,128.48,0.004258806115663264,0.13777598565142216,13,9.205211996627478,2.385995810634136,2026-07-14T09:32:00+05:30,127.8,-0.6799999999999926,CLOSED,0.0,CANBK-EQ
SELL,2026-07-14T09:32:00+05:30,127.8,-0.013740656027561327,0.10181137242742126,9,0.2229613320264047,0.8203759240511165,2026-07-15T09:22:00+05:30,126.75,-1.0499999999999972,CLOSED,0.0,CANBK-EQ
BUY,2026-07-15T09:22:00+05:30,126.75,0.02333979766674528,0.4573364917286467,9,-0.46221654840446386,0.8244323777641359,2026-07-15T13:14:00+05:30,126.66,-0.09000000000000341,CLOSED,0.0,CANBK-EQ
SELL,2026-07-15T13:14:00+05:30,126.66,-0.008648296702257165,0.2878734289772354,13,1.4967435906807074,1.4847371119253328,2026-07-15T13:19:00+05:30,127.29,0.6300000000000097,CLOSED,1.0,CANBK-EQ
BUY,2026-07-15T13:19:00+05:30,127.29,0.0034755929384823383,0.16709611339319586,13,-0.7450536029255812,1.058208098980974,2026-07-15T13:34:00+05:30,126.85,-0.44000000000001194,CLOSED,0.0,CANBK-EQ
SELL,2026-07-15T13:34:00+05:30,126.85,-0.00016387601485954721,0.08875058685251776,13,-0.4336490134408,1.0901390295552895,2026-07-16T11:00:00+05:30,126.98,0.13000000000000966,CLOSED,1.0,CANBK-EQ
BUY,2026-07-16T11:00:00+05:30,126.98,0.009546443678014728,0.0356526452189888,11,-0.4978454948750565,0.6592503147239421,2026-07-16T11:35:00+05:30,126.35,-0.6300000000000097,CLOSED,0.0,CANBK-EQ
SELL,2026-07-16T11:35:00+05:30,126.35,-0.00821582703980638,0.16693644832024457,11,2.569921728411065,0.3943257661938839,2026-07-17T15:23:00+05:30,125.08,-1.269999999999996,CLOSED,0.0,CANBK-EQ
BUY,2026-07-17T15:23:00+05:30,125.08,0.003147278148650477,0.054731668671395235,15,0.2761158512341283,1.0821956602338556,2026-07-21T09:56:00+05:30,127.59,2.510000000000005,CLOSED,1.0,CANBK-EQ
SELL,2026-07-21T09:56:00+05:30,127.59,-0.014380893550513295,0.25100686134933387,9,-0.17487864408529186,1.2787491065932386,2026-07-21T14:24:00+05:30,127.89,0.29999999999999716,CLOSED,1.0,CANBK-EQ
BUY,2026-07-21T14:24:00+05:30,127.89,3.812865279365051e-05,0.05232377832092977,14,-0.4417426306208995,0.7073141901875195,2026-07-21T14:34:00+05:30,127.76,-0.12999999999999545,CLOSED,0.0,CANBK-EQ
SELL,2026-07-21T14:34:00+05:30,127.76,-0.001233870621721437,0.046714261443614326,14,-0.37710871440787747,1.3670989813653665,2026-07-22T11:45:00+05:30,126.82,-0.9400000000000119,CLOSED,0.0,CANBK-EQ
BUY,2026-07-22T11:45:00+05:30,126.82,0.00019001830423173824,0.04141926551202661,11,-0.7001695479855107,1.0689770702927093,2026-07-22T11:49:00+05:30,126.7,-0.11999999999999034,CLOSED,0.0,CANBK-EQ
SELL,2026-07-22T11:49:00+05:30,126.7,-0.0007032111023263161,0.047246399039737944,11,-0.5555341261890318,0.9976013692685984,2026-07-23T10:06:00+05:30,126.97,0.269999999999996,CLOSED,1.0,CANBK-EQ
BUY,2026-07-23T10:06:00+05:30,126.97,0.007093805801461618,0.31479270074835775,10,0.10797225263654113,0.9830691163414522,2026-07-23T11:27:00+05:30,126.4,-0.5699999999999932,CLOSED,0.0,CANBK-EQ
SELL,2026-07-23T11:27:00+05:30,126.4,-0.003663055233045923,0.0743938468184321,11,-0.4904907197230279,0.577731600893419,2026-07-24T11:37:00+05:30,124.68,-1.7199999999999989,CLOSED,0.0,CANBK-EQ
BUY,2026-07-24T11:37:00+05:30,124.68,0.00020097247495326427,0.06579429222120009,11,-0.817350286622716,1.0475559757376067,2026-07-27T12:04:00+05:30,125.97,1.289999999999992,CLOSED,1.0,CANBK-EQ
SELL,2026-07-27T12:04:00+05:30,125.97,-0.011566855960350357,0.1526215362697337,12,-0.5385066602557583,0.7316697859223155,2026-07-27T12:13:00+05:30,129.53,3.5600000000000023,CLOSED,1.0,CANBK-EQ
BUY,2026-07-27T12:13:00+05:30,129.53,0.05689021690412539,0.4178902035489976,12,9.269364898993974,2.189257880500281,2026-07-27T15:28:00+05:30,127.0,-2.530000000000001,CLOSED,0.0,CANBK-EQ
SELL,2026-07-27T15:28:00+05:30,127.0,-0.0013836218303454584,0.10252912865240783,15,-0.1986302645127159,0.9207776203033577,2026-07-29T09:30:00+05:30,125.06,-1.9399999999999977,CLOSED,0.0,CANBK-EQ
BUY,2026-07-29T09:30:00+05:30,125.06,0.00680780711351499,0.15497670075781406,9,-0.010277710487425313,0.9580098509162013,2026-07-29T09:38:00+05:30,124.67,-0.39000000000000057,CLOSED,0.0,CANBK-EQ
SELL,2026-07-29T09:38:00+05:30,124.67,-0.003998841320588589,0.1358266869539597,9,3.980413232609354,1.058795824574742,2026-07-29T09:45:00+05:30,125.3,0.6299999999999955,CLOSED,1.0,CANBK-EQ
BUY,2026-07-29T09:45:00+05:30,125.3,0.008490164372172409,0.15421485733295165,9,-0.5601827745038815,0.40942675066138534,2026-07-29T11:05:00+05:30,124.7,-0.5999999999999943,CLOSED,0.0,CANBK-EQ
SELL,2026-07-29T11:05:00+05:30,124.7,-0.0021214165015064988,0.09556847457887567,11,9.61207091247565,2.3252198582195995,2026-07-29T12:12:00+05:30,125.18,0.480000000000004,CLOSED,1.0,CANBK-EQ
BUY,2026-07-29T12:12:00+05:30,125.18,0.005607117362497765,0.08872554436137266,12,0.4950831396072205,0.7913776608466875,2026-07-29T12:46:00+05:30,124.85,-0.3300000000000125,CLOSED,0.0,CANBK-EQ
SELL,2026-07-29T12:46:00+05:30,124.85,-3.2207377680385927e-05,0.07685484153042513,12,0.18683712119948345,0.6656711994619917,2026-07-29T13:08:00+05:30,124.98,0.13000000000000966,CLOSED,1.0,CANBK-EQ
BUY,2026-07-29T13:08:00+05:30,124.98,0.0007261410232888362,0.0932678341599565,13,-0.789737405825168,0.5999851563975926,2026-07-29T15:09:00+05:30,124.73,-0.25,CLOSED,0.0,CANBK-EQ
SELL,2026-07-29T15:09:00+05:30,124.73,-0.005869582332571699,0.11944315244779123,15,0.058331084306577824,1.3625223745187947,2026-07-30T12:47:00+05:30,124.53,-0.20000000000000284,CLOSED,0.0,CANBK-EQ
BUY,2026-07-30T12:47:00+05:30,124.53,0.00386104040648334,0.08111035007253338,12,-0.17629217742556794,0.8097219786963573,2026-07-30T14:01:00+05:30,124.13,-0.4000000000000057,CLOSED,0.0,CANBK-EQ
SELL,2026-07-30T14:01:00+05:30,124.13,-0.0022088961209568905,0.058461763382383215,14,-0.017624040384620482,1.0105056709338036,2026-07-30T15:22:00+05:30,124.5,0.37000000000000455,CLOSED,1.0,CANBK-EQ
BUY,2026-07-30T15:22:00+05:30,124.5,0.01048737774558541,0.02505549396395506,15,-0.024856582690989212,1.0387211772784857,2026-07-31T11:41:00+05:30,124.46,-0.04000000000000625,CLOSED,0.0,CANBK-EQ
SELL,2026-07-31T11:41:00+05:30,124.46,-0.0022998727874983986,0.04104198392432576,11,0.4826038568680281,0.35797349347181373,2026-07-31T13:05:00+05:30,124.86,0.4000000000000057,CLOSED,1.0,CANBK-EQ
BUY,2026-07-31T13:05:00+05:30,124.86,0.001246673322548541,0.06980130530457598,13,0.2517939364758272,1.7012300710575028,2026-08-04T12:51:00+05:30,127.75,2.8900000000000006,CLOSED,1.0,CANBK-EQ
SELL,2026-08-04T12:51:00+05:30,127.75,-0.0037984893957411303,0.04315347288715581,12,-0.598931562055188,0.7762107757681412,2026-08-04T14:16:00+05:30,127.99,0.23999999999999488,CLOSED,1.0,CANBK-EQ
BUY,2026-08-04T14:16:00+05:30,127.99,0.0025937533498425892,0.04565571644870552,14,-0.3777321533201009,0.9458829436235835,2026-08-05T11:52:00+05:30,128.6,0.6099999999999994,CLOSED,1.0,CANBK-EQ
SELL,2026-08-05T11:52:00+05:30,128.6,-0.0018659560809164185,0.05996295152471287,11,-0.3871262308813955,0.4359051813873366,2026-08-05T12:10:00+05:30,129.0,0.4000000000000057,CLOSED,1.0,CANBK-EQ
BUY,2026-08-05T12:10:00+05:30,129.0,0.007715902325231509,0.12934020600296228,12,1.2219890062405157,2.032749924251876,2026-08-05T14:34:00+05:30,128.8,-0.19999999999998863,CLOSED,0.0,CANBK-EQ
SELL,2026-08-05T14:34:00+05:30,128.8,-0.0014179133155291547,0.03566822426505038,14,-0.3529653461947977,0.9014571639167659,2026-08-06T09:39:00+05:30,129.17,0.3699999999999761,CLOSED,1.0,CANBK-EQ
BUY,2026-08-06T09:39:00+05:30,129.17,0.005350130191916657,0.14790762883187067,9,-0.17870259966225677,1.6892610378196757,,,,OPEN,,CANBK-EQ
SELL,2026-06-25T12:45:00+05:30,30.56,-0.004250998547612409,0.02643650674519756,12,8.002537969510941,1.7733295742881308,2026-07-02T09:21:00+05:30,29.47,-1.0899999999999999,CLOSED,0.0,ITIETF-EQ
BUY,2026-07-02T09:21:00+05:30,29.47,0.05470900211169712,0.3749073959733996,9,0.34441271572542226,0.6294023020818692,2026-07-03T14:47:00+05:30,30.38,0.9100000000000001,CLOSED,1.0,ITIETF-EQ
SELL,2026-07-03T14:47:00+05:30,30.38,-0.005972622222251043,0.013498971154210126,14,-0.8816761758106463,0.1976284584980237,2026-07-06T15:12:00+05:30,30.32,-0.05999999999999872,CLOSED,0.0,ITIETF-EQ
BUY,2026-07-06T15:12:00+05:30,30.32,0.0070096746156944325,0.02270584848790135,15,17.4428502691467,0.627463437402759,2026-07-08T09:51:00+05:30,30.84,0.5199999999999996,CLOSED,1.0,ITIETF-EQ
SELL,2026-07-08T09:51:00+05:30,30.84,-0.0013087001570854853,0.01888562063228702,9,-0.22758852519745154,0.5951690120412012,2026-07-09T12:32:00+05:30,30.56,-0.28000000000000114,CLOSED,0.0,ITIETF-EQ
BUY,2026-07-09T12:32:00+05:30,30.56,0.009291667459548354,0.017029386365926234,12,-0.8495964752399249,1.5975609756097562,2026-07-09T15:16:00+05:30,30.45,-0.10999999999999943,CLOSED,0.0,ITIETF-EQ
SELL,2026-07-09T15:16:00+05:30,30.45,-0.0037207148305705984,0.015811388300841497,15,3.161645418363781,0.32020047333983015,2026-07-10T09:15:00+05:30,31.43,0.9800000000000004,CLOSED,1.0,ITIETF-EQ
BUY,2026-07-10T09:15:00+05:30,31.43,0.10785579604608483,0.03093002855909903,9,3.002472178607935,0.7257566399011736,2026-07-14T10:18:00+05:30,32.02,0.5900000000000034,CLOSED,1.0,ITIETF-EQ
SELL,2026-07-14T10:18:00+05:30,32.02,-0.0077378956497163,0.025841396591085978,10,0.7372191456574093,0.6279287722586692,2026-07-14T10:32:00+05:30,32.27,0.25,CLOSED,1.0,ITIETF-EQ
BUY,2026-07-14T10:32:00+05:30,32.27,0.012046794557501022,0.1041419970787755,10,34.851664809022886,0.1403079174758648,2026-07-14T11:54:00+05:30,32.04,-0.23000000000000398,CLOSED,0.0,ITIETF-EQ
SELL,2026-07-14T11:54:00+05:30,32.04,-0.0062184344132619725,0.017126976771554153,11,-0.952420526747953,1.2882096069868996,2026-07-16T09:17:00+05:30,32.25,0.21000000000000085,CLOSED,1.0,ITIETF-EQ
BUY,2026-07-16T09:17:00+05:30,32.25,0.014730850708994438,0.18222086720363417,9,4.048948297597333,1.9089705653325026,2026-07-16T13:40:00+05:30,31.98,-0.2699999999999996,CLOSED,0.0,ITIETF-EQ
SELL,2026-07-16T13:40:00+05:30,31.98,-3.0143513835605022e-05,0.020248456731316478,13,-0.9902230637713625,0.3828828828828829,2026-07-17T09:19:00+05:30,32.49,0.5100000000000016,CLOSED,1.0,ITIETF-EQ
BUY,2026-07-17T09:19:00+05:30,32.49,0.04112180916737938,0.3486625238759614,9,16.891375037796685,1.2213246468069017,2026-07-20T12:13:00+05:30,32.45,-0.03999999999999915,CLOSED,0.0,ITIETF-EQ
SELL,2026-07-20T12:13:00+05:30,32.45,-0.003899065212107003,0.01074967699772926,12,0.5447605810383047,1.2578616352201257,2026-07-20T13:41:00+05:30,32.52,0.07000000000000028,CLOSED,1.0,ITIETF-EQ
BUY,2026-07-20T13:41:00+05:30,32.52,0.0021272793406276655,0.012516655570346452,13,-0.11079274103296004,1.5198711063372718,2026-07-20T15:09:00+05:30,32.46,-0.060000000000002274,CLOSED,0.0,ITIETF-EQ
SELL,2026-07-20T15:09:00+05:30,32.46,-0.0020831867840746857,0.024129281427804534,15,-0.17040468043587917,0.3438142815163091,2026-07-21T09:28:00+05:30,32.64,0.17999999999999972,CLOSED,1.0,ITIETF-EQ
BUY,2026-07-21T09:28:00+05:30,32.64,0.016471296966289354,0.06700746227100389,9,-0.46676309860707754,0.6068780517210199,2026-07-21T09:51:00+05:30,32.37,-0.2700000000000031,CLOSED,0.0,ITIETF-EQ
SELL,2026-07-21T09:51:00+05:30,32.37,-0.00911561910071608,0.0686051504383347,9,0.934656620592106,2.3970268853441175,2026-07-23T12:08:00+05:30,31.86,-0.509999999999998,CLOSED,0.0,ITIETF-EQ
BUY,2026-07-23T12:08:00+05:30,31.86,0.0048421194570444194,0.03813717929323612,12,0.7790034925730801,1.1766225713104588,2026-07-23T12:34:00+05:30,31.68,-0.17999999999999972,CLOSED,0.0,ITIETF-EQ
SELL,2026-07-23T12:34:00+05:30,31.68,-0.0022641257752769534,0.03399346342395175,12,1.3975248439925698,0.20100109494759896,2026-07-23T14:26:00+05:30,31.75,0.07000000000000028,CLOSED,1.0,ITIETF-EQ
BUY,2026-07-23T14:26:00+05:30,31.75,0.0008713942869161436,0.013165611772087506,14,92.49314751735797,0.6016483516483516,2026-07-24T09:59:00+05:30,31.66,-0.08999999999999986,CLOSED,0.0,ITIETF-EQ
SELL,2026-07-24T09:59:00+05:30,31.66,-0.002986434187170357,0.028362729848243506,9,-0.41756548471869726,0.4021164021164021,2026-07-24T12:42:00+05:30,31.72,0.05999999999999872,CLOSED,1.0,ITIETF-EQ
BUY,2026-07-24T12:42:00+05:30,31.72,0.0006520698252666721,0.016996731711976285,12,0.2593582881921607,0.28397027600849256,2026-07-29T15:29:00+05:30,34.4,2.6799999999999997,CLOSED,1.0,ITIETF-EQ
SELL,2026-07-29T15:29:00+05:30,34.4,-0.014084698329243866,0.034253953543108444,15,0.3014807855094435,0.8584834318713048,2026-07-30T09:15:00+05:30,34.9,0.5,CLOSED,1.0,ITIETF-EQ
BUY,2026-07-30T09:15:00+05:30,34.9,0.025686126536937186,0.053789714010519435,9,0.6299002664585018,0.9048224887919545,2026-07-30T13:37:00+05:30,34.98,0.0799999999999983,CLOSED,1.0,ITIETF-EQ
SELL,2026-07-30T13:37:00+05:30,34.98,-0.002694720329165689,0.020976176963402846,13,-0.3393256946070968,1.9622744941692416,2026-07-31T12:45:00+05:30,34.33,-0.6499999999999986,CLOSED,0.0,ITIETF-EQ
BUY,2026-07-31T12:45:00+05:30,34.33,0.004085957797756659,0.015951314818673956,12,4.968957853034153,0.12196631996037642,2026-07-31T13:28:00+05:30,34.17,-0.1599999999999966,CLOSED,0.0,ITIETF-EQ
SELL,2026-07-31T13:28:00+05:30,34.17,-0.009715833209021129,0.044522154285502984,13,0.26877596633305223,1.084382871536524,2026-08-03T09:17:00+05:30,34.45,0.28000000000000114,CLOSED,1.0,ITIETF-EQ
BUY,2026-08-03T09:17:00+05:30,34.45,0.011323077699875592,0.11899579824514665,9,2.5190567437136546,1.8309156090698695,2026-08-04T10:23:00+05:30,34.8,0.3499999999999943,CLOSED,1.0,ITIETF-EQ
SELL,2026-08-04T10:23:00+05:30,34.8,-0.0057663013487410635,0.006324555320338496,10,0.24446680049740085,0.48908649959579625,2026-08-04T10:45:00+05:30,34.86,0.060000000000002274,CLOSED,1.0,ITIETF-EQ
BUY,2026-08-04T10:45:00+05:30,34.86,0.00020896562681709386,0.013165611772086366,10,0.19378123211054632,0.047674418604651166,2026-08-04T12:09:00+05:30,34.75,-0.10999999999999943,CLOSED,0.0,ITIETF-EQ
SELL,2026-08-04T12:09:00+05:30,34.75,-0.009537447865311972,0.0310733898304566,12,-0.8918918915175879,2.34277950310559,2026-08-05T09:19:00+05:30,34.95,0.20000000000000284,CLOSED,1.0,ITIETF-EQ
BUY,2026-08-05T09:19:00+05:30,34.95,0.0012749772859343615,0.09194805296712227,9,37.08592578857065,0.24471954255484674,2026-08-05T13:01:00+05:30,34.85,-0.10000000000000142,CLOSED,0.0,ITIETF-EQ
SELL,2026-08-05T13:01:00+05:30,34.85,-0.006425040862655642,0.03552776691859692,13,3.9743767267147083,1.032182467863938,2026-08-06T09:18:00+05:30,35.11,0.259999999999998,CLOSED,1.0,ITIETF-EQ
BUY,2026-08-06T09:18:00+05:30,35.11,0.006811071735833946,0.14220876672460528,9,27.83104116623759,0.4323111868256672,2026-08-06T09:54:00+05:30,34.88,-0.22999999999999687,CLOSED,0.0,ITIETF-EQ
SELL,2026-08-06T09:54:00+05:30,34.88,-0.0014412263586931016,0.020682789409984845,9,1.1046852082551788,0.07652173913043478,2026-08-07T09:23:00+05:30,35.07,0.18999999999999773,CLOSED,1.0,ITIETF-EQ
BUY,2026-08-07T09:23:00+05:30,35.07,0.006185132299283167,0.1460783655744035,9,0.39037229995788947,0.5153401772122252,2026-08-07T12:44:00+05:30,34.93,-0.14000000000000057,CLOSED,0.0,ITIETF-EQ
SELL,2026-08-07T12:44:00+05:30,34.93,-0.001608552917077035,0.013165611772088526,12,34.22580093132243,0.3823260073260073,2026-08-07T13:19:00+05:30,34.98,0.04999999999999716,CLOSED,1.0,ITIETF-EQ
BUY,2026-08-07T13:19:00+05:30,34.98,0.0010905125131860105,0.022730302828308013,13,17.434723974194323,0.15879389647368036,,,,OPEN,,ITIETF-EQ
SELL,2026-06-24T11:30:00+05:30,52.6,-0.0023434873356381054,0.01080123449734721,11,2.516814137019344,2.2320080523402117,2026-06-24T11:45:00+05:30,52.66,0.05999999999999517,CLOSED,1.0,FMCGIETF-EQ
BUY,2026-06-24T11:45:00+05:30,52.66,0.0003598401524399466,0.012866839377077794,11,16.281669089859655,2.1919196274577444,2026-06-24T11:55:00+05:30,52.59,-0.06999999999999318,CLOSED,0.0,FMCGIETF-EQ
SELL,2026-06-24T11:55:00+05:30,52.59,-0.0011905874427973237,0.02726414006223696,11,-0.9544930319667243,1.1721224920802533,2026-06-24T13:40:00+05:30,52.69,0.09999999999999432,CLOSED,1.0,FMCGIETF-EQ
BUY,2026-06-24T13:40:00+05:30,52.69,0.004156224823563798,0.0349761823722003,13,8.361007839362859,0.5405286149230022,2026-06-24T15:20:00+05:30,52.59,-0.09999999999999432,CLOSED,0.0,FMCGIETF-EQ
SELL,2026-06-24T15:20:00+05:30,52.59,-0.0024411679912574274,0.021705094128132117,15,-0.6591665822524635,0.9761693309650681,2026-06-25T09:16:00+05:30,52.83,0.23999999999999488,CLOSED,1.0,FMCGIETF-EQ
BUY,2026-06-25T09:16:00+05:30,52.83,0.009552156018965375,0.07149203529842463,9,1.2195988286464698,1.7502118045749788,2026-06-25T13:06:00+05:30,52.86,0.030000000000001137,CLOSED,1.0,FMCGIETF-EQ
SELL,2026-06-25T13:06:00+05:30,52.86,-0.0031188231005312103,0.016193277068655018,13,-0.7583686018500027,0.784235668789809,2026-06-25T13:23:00+05:30,52.95,0.09000000000000341,CLOSED,1.0,FMCGIETF-EQ
BUY,2026-06-25T13:23:00+05:30,52.95,0.00027638635686607054,0.04315347288715215,13,3.9384384088705824,0.5700820918212223,2026-06-25T14:50:00+05:30,52.87,-0.0800000000000054,CLOSED,0.0,FMCGIETF-EQ
SELL,2026-06-25T14:50:00+05:30,52.87,-0.005309334840388018,0.02685351208149644,14,3.7363168554144406,0.002743574548407629,2026-06-29T09:16:00+05:30,53.04,0.1700000000000017,CLOSED,1.0,FMCGIETF-EQ
BUY,2026-06-29T09:16:00+05:30,53.04,0.0026958448606401965,0.05404730438339193,9,1.6239256263708448,0.3797045257035898,2026-06-29T11:34:00+05:30,52.95,-0.0899999999999963,CLOSED,0.0,FMCGIETF-EQ
SELL,2026-06-29T11:34:00+05:30,52.95,-0.0015215685203806848,0.030912061651653604,11,-0.3046388180191105,0.25804845668768667,2026-07-01T09:16:00+05:30,52.51,-0.44000000000000483,CLOSED,0.0,FMCGIETF-EQ
BUY,2026-07-01T09:16:00+05:30,52.51,0.006729106061871349,0.03392802839999855,9,1.5555414002830945,0.7038532475948358,2026-07-02T10:41:00+05:30,53.26,0.75,CLOSED,1.0,FMCGIETF-EQ
SELL,2026-07-02T10:41:00+05:30,53.26,-0.00011250600258687988,0.02118699810942898,10,-0.874522292807957,0.12521150592216582,2026-07-02T10:50:00+05:30,53.38,0.12000000000000455,CLOSED,1.0,FMCGIETF-EQ
BUY,2026-07-02T10:50:00+05:30,53.38,0.003911046180305827,0.04383048152953774,10,-0.5725543259680991,1.1736499068901303,2026-07-03T11:25:00+05:30,53.66,0.27999999999999403,CLOSED,1.0,FMCGIETF-EQ
SELL,2026-07-03T11:25:00+05:30,53.66,-0.0016801469369487755,0.01873795909674218,11,-0.6864012783876213,0.20934676858929813,2026-07-03T11:56:00+05:30,53.78,0.12000000000000455,CLOSED,1.0,FMCGIETF-EQ
BUY,2026-07-03T11:56:00+05:30,53.78,0.005015418516154523,0.03552776691859821,11,1.6666666504223528,0.9210526315789473,2026-07-03T12:47:00+05:30,53.66,-0.12000000000000455,CLOSED,0.0,FMCGIETF-EQ
SELL,2026-07-03T12:47:00+05:30,53.66,-0.001534771489226273,0.01632993161855514,12,-0.8215731120697051,0.5670611439842209,2026-07-03T15:06:00+05:30,53.79,0.13000000000000256,CLOSED,1.0,FMCGIETF-EQ
BUY,2026-07-03T15:06:00+05:30,53.79,0.0009605400898695919,0.03945461527713369,15,-0.7007515368362836,1.7560882800608828,2026-07-06T09:56:00+05:30,53.65,-0.14000000000000057,CLOSED,0.0,FMCGIETF-EQ
SELL,2026-07-06T09:56:00+05:30,53.65,-0.0028357949773482826,0.018737959096738553,9,3.615189861977248,1.4210778935820076,2026-07-06T10:19:00+05:30,53.81,0.1600000000000037,CLOSED,1.0,FMCGIETF-EQ
BUY,2026-07-06T10:19:00+05:30,53.81,0.008186856698374812,0.03597838857487225,10,-0.7459115901071516,2.048201236649803,2026-07-06T14:29:00+05:30,53.8,-0.010000000000005116,CLOSED,0.0,FMCGIETF-EQ
SELL,2026-07-06T14:29:00+05:30,53.8,-0.0031915185268904327,0.01699673171197582,14,2.8843793301117655,2.160486748216106,2026-07-06T15:07:00+05:30,53.98,0.17999999999999972,CLOSED,1.0,FMCGIETF-EQ
BUY,2026-07-06T15:07:00+05:30,53.98,0.008219987056320332,0.03224903099319571,15,-0.13241719516123432,0.8888392494517099,2026-07-07T09:32:00+05:30,53.76,-0.21999999999999886,CLOSED,0.0,FMCGIETF-EQ
SELL,2026-07-07T09:32:00+05:30,53.76,-0.002390347206896625,0.053166405433004486,9,0.566927313485624,2.3230186419495937,2026-07-07T12:44:00+05:30,53.87,0.10999999999999943,CLOSED,1.0,FMCGIETF-EQ
BUY,2026-07-07T12:44:00+05:30,53.87,0.005102981695860679,0.026997942308421483,12,0.7973437133073692,0.32774875780354185,2026-07-07T13:19:00+05:30,53.74,-0.12999999999999545,CLOSED,0.0,FMCGIETF-EQ
SELL,2026-07-07T13:19:00+05:30,53.74,-0.002200996737899344,0.016633299933165546,13,0.8458149761105397,1.7989260143198091,2026-07-07T13:51:00+05:30,53.92,0.17999999999999972,CLOSED,1.0,FMCGIETF-EQ
BUY,2026-07-07T13:51:00+05:30,53.92,0.006046591144879016,0.03521363372331716,13,-0.3218353397967496,1.7598368522072936,2026-07-08T09:20:00+05:30,53.61,-0.3100000000000023,CLOSED,0.0,FMCGIETF-EQ
SELL,2026-07-08T09:20:00+05:30,53.61,-0.010921654106414968,0.169865960228776,9,19.37993738308247,2.046731125072223,2026-07-09T09:51:00+05:30,53.08,-0.5300000000000011,CLOSED,0.0,FMCGIETF-EQ
BUY,2026-07-09T09:51:00+05:30,53.08,0.003962643584142689,0.016633299933165927,9,-0.8300597251308234,1.6702898550724639,2026-07-09T13:29:00+05:30,52.98,-0.10000000000000142,CLOSED,0.0,FMCGIETF-EQ
SELL,2026-07-09T13:29:00+05:30,52.98,-0.00303473083888109,0.02273030282830871,13,1.2091953884000528,0.12486992715920917,2026-07-09T13:47:00+05:30,53.12,0.14000000000000057,CLOSED,1.0,FMCGIETF-EQ
BUY,2026-07-09T13:47:00+05:30,53.12,0.002742234700498829,0.020248456731315912,13,7.773853193179236,2.4912427458566424,2026-07-09T15:00:00+05:30,53.0,-0.11999999999999744,CLOSED,0.0,FMCGIETF-EQ
SELL,2026-07-09T15:00:00+05:30,53.0,-0.000540458645343859,0.011005049346146585,15,0.8125597215891601,0.1331660410779807,2026-07-10T09:40:00+05:30,53.19,0.18999999999999773,CLOSED,1.0,FMCGIETF-EQ
BUY,2026-07-10T09:40:00+05:30,53.19,0.006853616419506673,0.04473378042498798,9,-0.096044303721484,0.7938036058113076,2026-07-10T11:11:00+05:30,53.0,-0.18999999999999773,CLOSED,0.0,FMCGIETF-EQ
SELL,2026-07-10T11:11:00+05:30,53.0,-0.004198126023197929,0.028303906287138542,11,2.957990860826505,0.4732925703737887,2026-07-13T15:29:00+05:30,53.0,0.0,CLOSED,0.0,FMCGIETF-EQ
BUY,2026-07-13T15:29:00+05:30,53.0,0.025149859387521133,0.019550504398153805,15,-0.5848949794302021,0.40265306483892105,2026-07-14T10:29:00+05:30,52.5,-0.5,CLOSED,0.0,FMCGIETF-EQ
SELL,2026-07-14T10:29:00+05:30,52.5,-0.0015787655708669659,0.021108186931983745,10,-0.12256742894747787,0.6731517509727627,2026-07-16T09:22:00+05:30,52.1,-0.3999999999999986,CLOSED,0.0,FMCGIETF-EQ
BUY,2026-07-16T09:22:00+05:30,52.1,0.00479162130542438,0.06723920813863733,9,-0.023634076198860023,1.2351587666820065,2026-07-16T12:54:00+05:30,52.06,-0.03999999999999915,CLOSED,0.0,FMCGIETF-EQ
SELL,2026-07-16T12:54:00+05:30,52.06,-0.002604818110701117,0.014142135623730928,12,-0.8960773734401823,2.1403411197626996,2026-07-16T13:14:00+05:30,52.16,0.09999999999999432,CLOSED,1.0,FMCGIETF-EQ
BUY,2026-07-16T13:14:00+05:30,52.16,0.002570617183358662,0.025582111805798842,13,0.3258785916463371,1.0542168674698795,2026-07-16T13:27:00+05:30,52.06,-0.09999999999999432,CLOSED,0.0,FMCGIETF-EQ
SELL,2026-07-16T13:27:00+05:30,52.06,-0.0028305078439185122,0.022335820757000684,13,34.39818395331917,0.08060970247691632,2026-07-17T09:45:00+05:30,52.15,0.0899999999999963,CLOSED,1.0,FMCGIETF-EQ
BUY,2026-07-17T09:45:00+05:30,52.15,0.00549327798669959,0.04347413023856975,9,0.28620324840182865,1.9568898780723822,2026-07-17T11:37:00+05:30,52.05,-0.10000000000000142,CLOSED,0.0,FMCGIETF-EQ
SELL,2026-07-17T11:37:00+05:30,52.05,-0.003258278358270444,0.01646545204697166,11,0.17966101664464235,0.5711206896551724,2026-07-17T11:45:00+05:30,52.14,0.09000000000000341,CLOSED,1.0,FMCGIETF-EQ
BUY,2026-07-17T11:45:00+05:30,52.14,0.00024287633987092055,0.03047767853510129,11,0.5171579404782689,0.02972306800057996,2026-07-17T11:56:00+05:30,52.08,-0.060000000000002274,CLOSED,0.0,FMCGIETF-EQ
SELL,2026-07-17T11:56:00+05:30,52.08,-0.000678379146044486,0.01837873166945289,11,-0.5804938268021642,0.8306356680400235,2026-07-17T12:44:00+05:30,52.27,0.19000000000000483,CLOSED,1.0,FMCGIETF-EQ
BUY,2026-07-17T12:44:00+05:30,52.27,0.009009683357271116,0.06653319973266428,12,23.54070339929295,2.2765992300761733,2026-07-21T11:04:00+05:30,52.56,0.28999999999999915,CLOSED,1.0,FMCGIETF-EQ
SELL,2026-07-21T11:04:00+05:30,52.56,-0.002575694089554592,0.015055453054181558,11,0.040609136712274625,0.524390243902439,2026-07-21T15:08:00+05:30,52.46,-0.10000000000000142,CLOSED,0.0,FMCGIETF-EQ
BUY,2026-07-21T15:08:00+05:30,52.46,0.004134493104385873,0.02633122354417579,15,-0.4271613338775005,0.528817587641117,2026-07-22T09:35:00+05:30,52.21,-0.25,CLOSED,0.0,FMCGIETF-EQ
SELL,2026-07-22T09:35:00+05:30,52.21,-0.014324359910100105,0.058271395689097304,9,1.8835384719342338,0.8041486732732583,2026-07-22T11:11:00+05:30,52.57,0.35999999999999943,CLOSED,1.0,FMCGIETF-EQ
BUY,2026-07-22T11:11:00+05:30,52.57,0.017120004943105175,0.05232377832092943,11,-0.4614640632105833,2.4416320574699744,2026-07-23T12:49:00+05:30,52.7,0.13000000000000256,CLOSED,1.0,FMCGIETF-EQ
SELL,2026-07-23T12:49:00+05:30,52.7,-0.008348471658473093,0.03231786571610805,12,1.187956198960054,0.04482902418682235,2026-07-24T09:48:00+05:30,52.73,0.02999999999999403,CLOSED,1.0,FMCGIETF-EQ
BUY,2026-07-24T09:48:00+05:30,52.73,0.0014333785828972757,0.027968235951203277,9,-0.4690621734985372,0.5665543386689131,2026-07-24T10:06:00+05:30,52.61,-0.11999999999999744,CLOSED,0.0,FMCGIETF-EQ
SELL,2026-07-24T10:06:00+05:30,52.61,-1.8702731947821246e-05,0.029135697844549276,10,0.1163996227229039,0.5170958210215281,2026-07-24T12:05:00+05:30,52.78,0.1700000000000017,CLOSED,1.0,FMCGIETF-EQ
BUY,2026-07-24T12:05:00+05:30,52.78,0.0014486978307715944,0.02078995483935149,12,0.910193473209505,2.0245653817082387,2026-07-24T15:02:00+05:30,52.64,-0.14000000000000057,CLOSED,0.0,FMCGIETF-EQ
SELL,2026-07-24T15:02:00+05:30,52.64,-0.0011446435702931288,0.026997942308422826,15,2.3751673977662446,1.9680308355061784,2026-07-24T15:27:00+05:30,52.77,0.13000000000000256,CLOSED,1.0,FMCGIETF-EQ
BUY,2026-07-24T15:27:00+05:30,52.77,0.0015004075679580517,0.03190262963734737,15,-0.5276317473216875,1.4630836047774158,2026-07-28T10:15:00+05:30,52.93,0.1599999999999966,CLOSED,1.0,FMCGIETF-EQ
SELL,2026-07-28T10:15:00+05:30,52.93,-0.01915588176406055,0.08591985930052601,10,-0.6993431539518533,0.7035421523651951,2026-07-29T09:18:00+05:30,52.83,-0.10000000000000142,CLOSED,0.0,FMCGIETF-EQ
BUY,2026-07-29T09:18:00+05:30,52.83,0.011078371843528043,0.14832771524941302,9,1.5794253122221045,1.2335028402326609,2026-07-30T11:01:00+05:30,53.25,0.4200000000000017,CLOSED,1.0,FMCGIETF-EQ
SELL,2026-07-30T11:01:00+05:30,53.25,-0.003253400136991269,0.03359894178227834,11,1.5523119107050238,1.9010516619329085,2026-07-30T15:24:00+05:30,53.26,0.00999999999999801,CLOSED,1.0,FMCGIETF-EQ
BUY,2026-07-30T15:24:00+05:30,53.26,0.0014915480972375024,0.011595018087284407,15,0.8386222907512182,0.11979934048972146,2026-07-31T09:20:00+05:30,53.1,-0.1599999999999966,CLOSED,0.0,FMCGIETF-EQ
SELL,2026-07-31T09:20:00+05:30,53.1,-0.006429740632494767,0.05735852159880037,9,-0.7219615620872742,1.3372035816196006,2026-08-03T09:19:00+05:30,53.32,0.21999999999999886,CLOSED,1.0,FMCGIETF-EQ
BUY,2026-08-03T09:19:00+05:30,53.32,0.03820935221936548,0.298300743098862,9,-0.24898147377346083,0.889677834921849,2026-08-03T13:06:00+05:30,53.29,-0.030000000000001137,CLOSED,0.0,FMCGIETF-EQ
SELL,2026-08-03T13:06:00+05:30,53.29,-0.00229798379074846,0.02097617696340202,13,2.6729919382986846,0.036093418259023353,2026-08-04T09:55:00+05:30,53.34,0.05000000000000426,CLOSED,1.0,FMCGIETF-EQ
BUY,2026-08-04T09:55:00+05:30,53.34,0.0001946626991010305,0.017919573407619984,9,-0.6676656319346481,0.1606280193236715,2026-08-04T10:42:00+05:30,53.26,-0.0800000000000054,CLOSED,0.0,FMCGIETF-EQ
SELL,2026-08-04T10:42:00+05:30,53.26,-0.0015077556358818987,0.015670212364724066,10,-0.7796052622420051,0.042643923240938165,2026-08-04T11:12:00+05:30,53.33,0.07000000000000028,CLOSED,1.0,FMCGIETF-EQ
BUY,2026-08-04T11:12:00+05:30,53.33,0.001209252025606054,0.017511900715418024,11,38.13183703974869,1.6770008243432135,2026-08-04T11:42:00+05:30,53.23,-0.10000000000000142,CLOSED,0.0,FMCGIETF-EQ
SELL,2026-08-04T11:42:00+05:30,53.23,-0.002107480180532855,0.022705848487902358,11,1.1428571363265307,1.8786666666666667,2026-08-04T15:27:00+05:30,53.35,0.12000000000000455,CLOSED,1.0,FMCGIETF-EQ
BUY,2026-08-04T15:27:00+05:30,53.35,0.022163396100157634,0.1961178783849697,15,34.1652229160006,0.05444302527141684,2026-08-05T12:25:00+05:30,53.05,-0.30000000000000426,CLOSED,0.0,FMCGIETF-EQ
SELL,2026-08-05T12:25:00+05:30,53.05,-0.001724432028466582,0.018287822299127055,12,-0.6141756078176095,2.4059929494712105,2026-08-05T14:09:00+05:30,53.06,0.010000000000005116,CLOSED,1.0,FMCGIETF-EQ
BUY,2026-08-05T14:09:00+05:30,53.06,0.00043083985276897216,0.006666666666667709,14,-0.4100101101870321,0.8504712939160239,2026-08-05T14:14:00+05:30,53.01,-0.05000000000000426,CLOSED,0.0,FMCGIETF-EQ
SELL,2026-08-05T14:14:00+05:30,53.01,-0.00012303654992361587,0.004830458915398951,14,-0.6538131934283926,0.3032178217821782,2026-08-05T14:32:00+05:30,53.08,0.07000000000000028,CLOSED,1.0,FMCGIETF-EQ
BUY,2026-08-05T14:32:00+05:30,53.08,0.0019447363605993233,0.013165611772087684,14,2.4257777723871605,2.344641930461858,2026-08-06T10:44:00+05:30,53.07,-0.00999999999999801,CLOSED,0.0,FMCGIETF-EQ
SELL,2026-08-06T10:44:00+05:30,53.07,-0.00028873183803009386,0.008232726023485255,10,-0.6895141496077913,0.25158061116965225,2026-08-06T11:18:00+05:30,53.14,0.07000000000000028,CLOSED,1.0,FMCGIETF-EQ
BUY,2026-08-06T11:18:00+05:30,53.14,0.0010569762992556808,0.019002923751653713,11,3.8715083726787554,1.7589831804281346,2026-08-06T13:07:00+05:30,53.04,-0.10000000000000142,CLOSED,0.0,FMCGIETF-EQ
SELL,2026-08-06T13:07:00+05:30,53.04,-0.005727179501464401,0.02211083193570398,13,-0.957952755528365,0.6788389513108615,2026-08-06T14:07:00+05:30,53.13,0.09000000000000341,CLOSED,1.0,FMCGIETF-EQ
BUY,2026-08-06T14:07:00+05:30,53.13,0.0009562679960944016,0.019692073983655394,14,-0.8043406407379416,0.04222972972972973,2026-08-06T14:19:00+05:30,53.09,-0.03999999999999915,CLOSED,0.0,FMCGIETF-EQ
SELL,2026-08-06T14:19:00+05:30,53.09,-0.0002799557555462912,0.0063245553203355,14,0.22198053793819097,0.7239554056586096,2026-08-06T14:22:00+05:30,53.12,0.02999999999999403,CLOSED,1.0,FMCGIETF-EQ
BUY,2026-08-06T14:22:00+05:30,53.12,0.00046365359564299913,0.006992058987799619,14,-0.17126760555339549,0.9276569227283027,2026-08-06T14:23:00+05:30,53.1,-0.01999999999999602,CLOSED,0.0,FMCGIETF-EQ
SELL,2026-08-06T14:23:00+05:30,53.1,-0.0001323112503232612,0.008432740427114001,14,-0.17574791326280226,0.8726817612925247,2026-08-06T14:24:00+05:30,53.12,0.01999999999999602,CLOSED,1.0,FMCGIETF-EQ
BUY,2026-08-06T14:24:00+05:30,53.12,0.0008754451140678581,0.008498365855986283,14,-0.17744050956649787,0.8670273348519362,2026-08-06T14:40:00+05:30,53.09,-0.02999999999999403,CLOSED,0.0,FMCGIETF-EQ
SELL,2026-08-06T14:40:00+05:30,53.09,-0.0013082468745253064,0.00875595035770739,14,-0.6384884508418215,1.3808522496959872,2026-08-07T09:19:00+05:30,53.21,0.11999999999999744,CLOSED,1.0,FMCGIETF-EQ
BUY,2026-08-07T09:19:00+05:30,53.21,0.00015839127188474496,0.08794569031194582,9,7.465017369274884,0.16141244736935215,2026-08-07T11:14:00+05:30,53.12,-0.09000000000000341,CLOSED,0.0,FMCGIETF-EQ
SELL,2026-08-07T11:14:00+05:30,53.12,-0.0020310333378643643,0.009944289260118413,11,-0.18852458964883992,0.7356902356902357,2026-08-07T11:38:00+05:30,53.18,0.060000000000002274,CLOSED,1.0,FMCGIETF-EQ
BUY,2026-08-07T11:38:00+05:30,53.18,0.0018112821563163748,0.02221110833194449,11,-0.781451212988205,0.9022662889518414,2026-08-07T11:55:00+05:30,53.1,-0.0799999999999983,CLOSED,0.0,FMCGIETF-EQ
SELL,2026-08-07T11:55:00+05:30,53.1,-0.003479288722763095,0.007888106377464585,11,0.16879350299073806,1.5682382133995036,,,,OPEN,,FMCGIETF-EQ
SELL,2026-06-24T14:38:00+05:30,117.68,-0.0038519195218873056,0.03552776691859843,14,-0.3085071412188532,1.5880602407347544,2026-06-29T09:18:00+05:30,116.58,-1.1000000000000085,CLOSED,0.0,GOLDBEES-EQ
BUY,2026-06-29T09:18:00+05:30,116.58,0.03227788748507421,0.6950051958239021,9,0.5557390167510884,1.1132284086716047,2026-06-29T15:24:00+05:30,116.44,-0.14000000000000057,CLOSED,0.0,GOLDBEES-EQ
SELL,2026-06-29T15:24:00+05:30,116.44,-0.0006009604530085855,0.05715476066493995,15,-0.3683311510193911,0.8439352708846938,2026-06-30T12:09:00+05:30,115.8,-0.6400000000000006,CLOSED,0.0,GOLDBEES-EQ
BUY,2026-06-30T12:09:00+05:30,115.8,0.010276468105525082,0.17746674179813207,12,1.0526180477003004,1.0132769807386026,2026-07-01T09:17:00+05:30,115.1,-0.7000000000000028,CLOSED,0.0,GOLDBEES-EQ
SELL,2026-07-01T09:17:00+05:30,115.1,-0.016302970598818637,0.3534103689606303,9,2.102322854023643,1.3451290653768004,2026-07-01T13:43:00+05:30,114.96,-0.14000000000000057,CLOSED,0.0,GOLDBEES-EQ
BUY,2026-07-01T13:43:00+05:30,114.96,0.00016413878682484427,0.05561774297230343,13,2.113335928417379,0.866367711836371,2026-07-06T09:18:00+05:30,119.94,4.980000000000004,CLOSED,1.0,GOLDBEES-EQ
SELL,2026-07-06T09:18:00+05:30,119.94,-0.0027818657061073754,0.23341903188138688,9,0.05750949150242621,0.7841033530003196,2026-07-06T13:24:00+05:30,120.0,0.060000000000002274,CLOSED,1.0,GOLDBEES-EQ
BUY,2026-07-06T13:24:00+05:30,120.0,0.001977996898904723,0.04247875285886459,13,0.06661717754924412,0.4508546887642802,2026-07-06T13:48:00+05:30,119.79,-0.20999999999999375,CLOSED,0.0,GOLDBEES-EQ
SELL,2026-07-06T13:48:00+05:30,119.79,-0.0029252060139975285,0.07888810641239502,13,0.011641727249672088,0.9639738638637897,2026-07-08T11:28:00+05:30,118.68,-1.1099999999999994,CLOSED,0.0,GOLDBEES-EQ
BUY,2026-07-08T11:28:00+05:30,118.68,0.0016124368918199595,0.036651512019742614,11,3.3242426736889783,2.251873610670054,2026-07-08T12:34:00+05:30,118.51,-0.1700000000000017,CLOSED,0.0,GOLDBEES-EQ
SELL,2026-07-08T12:34:00+05:30,118.51,-0.0009669218496693492,0.04408325456829815,12,4.700188248110341,1.5153834161191848,2026-07-09T11:22:00+05:30,117.7,-0.8100000000000023,CLOSED,0.0,GOLDBEES-EQ
BUY,2026-07-09T11:22:00+05:30,117.7,0.0019947640479405513,0.052291915670057997,11,0.2901486609894685,1.2932295382733667,2026-07-10T11:18:00+05:30,118.35,0.6499999999999915,CLOSED,1.0,GOLDBEES-EQ
SELL,2026-07-10T11:18:00+05:30,118.35,-0.0014909782960780859,0.023664319132399227,11,0.9430232745869948,0.5416489858858834,2026-07-10T11:29:00+05:30,118.52,0.1700000000000017,CLOSED,1.0,GOLDBEES-EQ
BUY,2026-07-10T11:29:00+05:30,118.52,0.0006850633369254824,0.046427960923945986,11,1.2936909160247052,1.2539534676853434,2026-07-10T12:04:00+05:30,118.37,-0.14999999999999147,CLOSED,0.0,GOLDBEES-EQ
SELL,2026-07-10T12:04:00+05:30,118.37,-0.0007568910626225807,0.026687491868328354,12,0.017659935152186543,1.194001487902704,2026-07-10T13:03:00+05:30,118.49,0.11999999999999034,CLOSED,1.0,GOLDBEES-EQ
BUY,2026-07-10T13:03:00+05:30,118.49,0.00046390477589024535,0.021081851067790244,13,1.6420627399447216,2.1480009815765633,2026-07-10T13:14:00+05:30,118.33,-0.1599999999999966,CLOSED,0.0,GOLDBEES-EQ
SELL,2026-07-10T13:14:00+05:30,118.33,-0.0031825785056742483,0.03314949304120295,13,-0.4002208391721784,0.9627963737796373,2026-07-13T13:46:00+05:30,117.15,-1.1799999999999926,CLOSED,0.0,GOLDBEES-EQ
BUY,2026-07-13T13:46:00+05:30,117.15,0.0002081827176704745,0.035527766918596826,13,-0.34214943593190167,0.9596529670529953,2026-07-13T14:39:00+05:30,116.9,-0.25,CLOSED,0.0,GOLDBEES-EQ
SELL,2026-07-13T14:39:00+05:30,116.9,-0.00035983625817820943,0.03381321240777314,14,2.71797654668518,0.39168207951433,2026-07-13T15:00:00+05:30,117.01,0.10999999999999943,CLOSED,1.0,GOLDBEES-EQ
BUY,2026-07-13T15:00:00+05:30,117.01,0.00010442467897640517,0.02068278940998618,15,0.47422866024435467,1.5373662121952303,2026-07-13T15:23:00+05:30,116.89,-0.12000000000000455,CLOSED,0.0,GOLDBEES-EQ
SELL,2026-07-13T15:23:00+05:30,116.89,-0.0002605783192819182,0.04148627617792567,15,0.5252673056899205,1.3077709735935426,2026-07-15T09:23:00+05:30,116.51,-0.37999999999999545,CLOSED,0.0,GOLDBEES-EQ
BUY,2026-07-15T09:23:00+05:30,116.51,0.004764650752875747,0.18577465441287305,9,-0.5136889890437395,0.8318658295929884,2026-07-15T12:00:00+05:30,116.31,-0.20000000000000284,CLOSED,0.0,GOLDBEES-EQ
SELL,2026-07-15T12:00:00+05:30,116.31,-0.004124083664439287,0.04483302354292075,12,-0.3981168946433854,1.038766855154415,2026-07-15T14:19:00+05:30,116.46,0.14999999999999147,CLOSED,1.0,GOLDBEES-EQ
BUY,2026-07-15T14:19:00+05:30,116.46,0.002480902251286259,0.03431876713662341,14,0.5620720836647338,1.1058447734039034,2026-07-15T15:23:00+05:30,116.37,-0.0899999999999892,CLOSED,0.0,GOLDBEES-EQ
SELL,2026-07-15T15:23:00+05:30,116.37,-0.00016943551090297762,0.04121757985240099,15,-0.4968374120396355,1.3958202363105887,2026-07-15T15:27:00+05:30,116.46,0.0899999999999892,CLOSED,1.0,GOLDBEES-EQ
BUY,2026-07-15T15:27:00+05:30,116.46,0.0001934956683218296,0.031001792062898215,15,-0.0033993349213876103,1.14624587169209,2026-07-16T09:56:00+05:30,116.31,-0.14999999999999147,CLOSED,0.0,GOLDBEES-EQ
SELL,2026-07-16T09:56:00+05:30,116.31,-0.0009272238128901479,0.041379007023157624,9,0.5891111865873967,1.457290461337224,2026-07-16T14:02:00+05:30,116.29,-0.01999999999999602,CLOSED,0.0,GOLDBEES-EQ
BUY,2026-07-16T14:02:00+05:30,116.29,0.0008202438787511666,0.01873795909674058,14,-0.6340471876814804,1.0982113916963787,2026-07-17T09:19:00+05:30,115.82,-0.4700000000000131,CLOSED,0.0,GOLDBEES-EQ
SELL,2026-07-17T09:19:00+05:30,115.82,-0.002897596297847893,0.33840311267283946,9,0.049050868540156764,0.965516485535232,2026-07-17T12:01:00+05:30,115.9,0.0800000000000125,CLOSED,1.0,GOLDBEES-EQ
BUY,2026-07-17T12:01:00+05:30,115.9,0.006096459236432282,0.030713731999439834,12,-0.31531747800642457,0.9864706418049769,2026-07-17T12:43:00+05:30,115.62,-0.28000000000000114,CLOSED,0.0,GOLDBEES-EQ
SELL,2026-07-17T12:43:00+05:30,115.62,-0.0011591239670672724,0.03881580434136001,12,0.4608409734923687,0.4578736243251081,2026-07-17T14:27:00+05:30,115.79,0.1700000000000017,CLOSED,1.0,GOLDBEES-EQ
BUY,2026-07-17T14:27:00+05:30,115.79,0.0019319063155919624,0.027507574714369088,14,-0.453244336585976,0.7421685940541042,2026-07-23T12:40:00+05:30,119.15,3.3599999999999994,CLOSED,1.0,GOLDBEES-EQ
SELL,2026-07-23T12:40:00+05:30,119.15,-0.004782969728008149,0.05680375574437682,12,0.08798263386141882,1.6122192722493867,2026-07-24T12:52:00+05:30,117.57,-1.5800000000000125,CLOSED,0.0,GOLDBEES-EQ
BUY,2026-07-24T12:52:00+05:30,117.57,0.004896231925405304,0.030568684048293233,12,0.3339344362216194,0.15680409610700033,2026-07-27T13:53:00+05:30,118.55,0.980000000000004,CLOSED,1.0,GOLDBEES-EQ
SELL,2026-07-27T13:53:00+05:30,118.55,-0.0011614841058797069,0.009486832980503667,13,0.005764321421894227,1.6975422206700428,2026-07-27T15:19:00+05:30,118.65,0.10000000000000853,CLOSED,1.0,GOLDBEES-EQ
BUY,2026-07-27T15:19:00+05:30,118.65,0.0022557116650661064,0.03503966006938164,15,0.41353327258012873,1.9439296460901205,2026-07-28T09:15:00+05:30,117.15,-1.5,CLOSED,0.0,GOLDBEES-EQ
SELL,2026-07-28T09:15:00+05:30,117.15,-0.02734581084889882,0.02549509756796458,9,0.5313302853699864,0.9818231470460012,2026-07-29T11:24:00+05:30,116.96,-0.19000000000001194,CLOSED,0.0,GOLDBEES-EQ
BUY,2026-07-29T11:24:00+05:30,116.96,0.001452666650578518,0.012516655570343172,11,-0.34635669911030137,1.0976143384733865,2026-07-29T13:45:00+05:30,116.91,-0.04999999999999716,CLOSED,0.0,GOLDBEES-EQ
SELL,2026-07-29T13:45:00+05:30,116.91,-0.0015172365386780756,0.04094712037086887,13,0.6637214868466874,1.2043247360514566,2026-07-30T09:17:00+05:30,117.21,0.29999999999999716,CLOSED,1.0,GOLDBEES-EQ
BUY,2026-07-30T09:17:00+05:30,117.21,0.0019015792786512412,0.13209844813622643,9,-0.15484426699945916,1.3614854480449097,2026-07-30T11:11:00+05:30,116.92,-0.28999999999999204,CLOSED,0.0,GOLDBEES-EQ
SELL,2026-07-30T11:11:00+05:30,116.92,-0.0010821976470404761,0.13299958228840145,11,0.9230791612067637,0.43077753289523457,2026-07-30T12:48:00+05:30,117.08,0.1599999999999966,CLOSED,1.0,GOLDBEES-EQ
BUY,2026-07-30T12:48:00+05:30,117.08,0.0022734141510915577,0.038815804341358874,12,2.7907997235491075,1.0770956623528647,2026-07-30T13:20:00+05:30,116.9,-0.1799999999999926,CLOSED,0.0,GOLDBEES-EQ
SELL,2026-07-30T13:20:00+05:30,116.9,-0.002057792461939868,0.02540778533354552,13,-0.7146198263266355,0.9855095541401274,2026-07-30T13:43:00+05:30,117.11,0.20999999999999375,CLOSED,1.0,GOLDBEES-EQ
BUY,2026-07-30T13:43:00+05:30,117.11,0.00398226813648198,0.08071899129421517,13,-0.5527121967088995,1.0288628373133648,2026-07-31T13:10:00+05:30,117.5,0.39000000000000057,CLOSED,1.0,GOLDBEES-EQ
SELL,2026-07-31T13:10:00+05:30,117.5,-0.001496893112191301,0.032058973436121026,13,1.6948163785307686,0.8647053164000219,2026-08-03T09:52:00+05:30,117.43,-0.06999999999999318,CLOSED,0.0,GOLDBEES-EQ
BUY,2026-08-03T09:52:00+05:30,117.43,0.0001903145179131343,0.061282587702834034,9,-0.10638057229359199,0.7195141061107395,2026-08-03T10:33:00+05:30,117.23,-0.20000000000000284,CLOSED,0.0,GOLDBEES-EQ
SELL,2026-08-03T10:33:00+05:30,117.23,-0.0011494816345287626,0.03765338999051305,10,0.23454215827331862,0.8310382846955053,2026-08-03T11:51:00+05:30,117.34,0.10999999999999943,CLOSED,1.0,GOLDBEES-EQ
BUY,2026-08-03T11:51:00+05:30,117.34,0.0010956977717972792,0.011005049346146009,11,1.0515181681338643,1.7861619960370414,2026-08-03T12:49:00+05:30,117.22,-0.12000000000000455,CLOSED,0.0,GOLDBEES-EQ
SELL,2026-08-03T12:49:00+05:30,117.22,-0.0020925327152213884,0.03713339317768837,12,0.7966451958671065,1.870322513182857,2026-08-03T15:24:00+05:30,117.34,0.12000000000000455,CLOSED,1.0,GOLDBEES-EQ
BUY,2026-08-03T15:24:00+05:30,117.34,0.0008373033397586543,0.028362729848240894,15,-0.2211968872649862,0.8978317751750416,2026-08-04T09:16:00+05:30,117.09,-0.25,CLOSED,0.0,GOLDBEES-EQ
SELL,2026-08-04T09:16:00+05:30,117.09,-0.0049805830298989195,0.0895730614265997,9,-0.0700866696758186,1.555131230883359,2026-08-04T10:28:00+05:30,117.28,0.18999999999999773,CLOSED,1.0,GOLDBEES-EQ
BUY,2026-08-04T10:28:00+05:30,117.28,0.002136929898580475,0.020138409955991848,10,0.3243697876987554,0.7204511708617328,2026-08-04T10:41:00+05:30,117.13,-0.15000000000000568,CLOSED,0.0,GOLDBEES-EQ
SELL,2026-08-04T10:41:00+05:30,117.13,-0.0030708084272642166,0.05229191567005694,10,0.9608819925846684,1.7956700401205004,2026-08-04T11:02:00+05:30,117.28,0.15000000000000568,CLOSED,1.0,GOLDBEES-EQ
BUY,2026-08-04T11:02:00+05:30,117.28,0.0015846078234285738,0.03339993346633226,11,1.3707943524670854,1.3821887244835662,2026-08-04T14:23:00+05:30,117.22,-0.060000000000002274,CLOSED,0.0,GOLDBEES-EQ
SELL,2026-08-04T14:23:00+05:30,117.22,-0.0011404317414444103,0.03687817782917209,14,-0.5077520471911792,0.4244186712157815,2026-08-05T09:16:00+05:30,118.39,1.1700000000000017,CLOSED,1.0,GOLDBEES-EQ
BUY,2026-08-05T09:16:00+05:30,118.39,0.02223719508420713,0.4031046183478086,9,0.9798903655827772,1.3000567251312132,,,,OPEN,,GOLDBEES-EQ
BUY,2026-06-24T13:24:00+05:30,291.95,0.003039328794008483,0.19585992727230073,13,-0.6755258044469122,0.5104105658688742,2026-06-24T15:12:00+05:30,290.8,-1.1499999999999773,CLOSED,0.0,POWERGRID-EQ
SELL,2026-06-24T15:12:00+05:30,290.8,-0.011982218585691378,0.28092110398947295,15,-0.12145950434568244,0.528964647155094,2026-06-25T12:02:00+05:30,289.15,-1.650000000000034,CLOSED,0.0,POWERGRID-EQ
BUY,2026-06-25T12:02:00+05:30,289.15,0.000870407387898815,0.3785938897200284,12,-0.062998379253436,0.24000657291612612,2026-06-25T13:24:00+05:30,287.7,-1.4499999999999886,CLOSED,0.0,POWERGRID-EQ
SELL,2026-06-25T13:24:00+05:30,287.7,-0.003971215968368959,0.07817359599705069,13,-0.2632158933651165,0.8853637543740829,2026-06-29T11:34:00+05:30,285.95,-1.75,CLOSED,0.0,POWERGRID-EQ
BUY,2026-06-29T11:34:00+05:30,285.95,0.0010088976027226115,0.17191729277635637,11,-0.018228650682905526,0.7101132413947752,2026-06-29T15:15:00+05:30,286.15,0.19999999999998863,CLOSED,1.0,POWERGRID-EQ
SELL,2026-06-29T15:15:00+05:30,286.15,-0.0009719777640050653,0.15776212754931612,15,-0.049813118482458896,1.0269101886564567,2026-06-30T09:16:00+05:30,287.95,1.8000000000000114,CLOSED,1.0,POWERGRID-EQ
BUY,2026-06-30T09:16:00+05:30,287.95,0.019485172683890092,0.9672986439909166,9,-0.6952593234765571,0.593044382050623,2026-06-30T10:07:00+05:30,285.75,-2.1999999999999886,CLOSED,0.0,POWERGRID-EQ
SELL,2026-06-30T10:07:00+05:30,285.75,-0.013052636130181055,0.14567848922274787,10,-0.31979631266726566,0.9811449733202368,2026-06-30T11:23:00+05:30,287.55,1.8000000000000114,CLOSED,1.0,POWERGRID-EQ
BUY,2026-06-30T11:23:00+05:30,287.55,0.016986354533375658,0.10554093465992403,11,-0.13845928636272797,0.3521638291365073,2026-06-30T12:32:00+05:30,285.6,-1.9499999999999886,CLOSED,0.0,POWERGRID-EQ
SELL,2026-06-30T12:32:00+05:30,285.6,-0.0032881478459348685,0.2127204738618235,12,2.021770957204756,0.4716517483687469,2026-06-30T13:44:00+05:30,286.85,1.25,CLOSED,1.0,POWERGRID-EQ
BUY,2026-06-30T13:44:00+05:30,286.85,0.006842425191408339,0.18378731669453446,13,1.7877320633208855,1.1260327604571494,2026-06-30T14:06:00+05:30,286.05,-0.8000000000000114,CLOSED,0.0,POWERGRID-EQ
SELL,2026-06-30T14:06:00+05:30,286.05,-4.378565965232309e-06,0.16799470891138893,14,1.2538705985440612,0.8867702129579498,2026-06-30T14:27:00+05:30,286.8,0.75,CLOSED,1.0,POWERGRID-EQ
BUY,2026-06-30T14:27:00+05:30,286.8,0.004229645717898564,0.5487612312189016,14,0.5086714543746821,1.2856430307371973,2026-07-01T09:18:00+05:30,286.0,-0.8000000000000114,CLOSED,0.0,POWERGRID-EQ
SELL,2026-07-01T09:18:00+05:30,286.0,-0.005931742739445357,0.3011551833265529,9,-0.6514368605575243,0.6887173467139055,2026-07-01T09:38:00+05:30,287.35,1.3500000000000227,CLOSED,1.0,POWERGRID-EQ
BUY,2026-07-01T09:38:00+05:30,287.35,0.009746349453911445,0.3148632860288608,9,-0.012739983674656691,1.2470794392523366,2026-07-01T12:48:00+05:30,287.0,-0.35000000000002274,CLOSED,0.0,POWERGRID-EQ
SELL,2026-07-01T12:48:00+05:30,287.0,-0.0005407397852544005,0.01581138830084549,12,-0.22325858531337686,1.035191113340316,2026-07-01T14:03:00+05:30,287.35,0.35000000000002274,CLOSED,1.0,POWERGRID-EQ
BUY,2026-07-01T14:03:00+05:30,287.35,0.004571429243353533,0.07527726527090171,14,0.23339533549386254,0.9844319157328135,2026-07-01T14:42:00+05:30,286.75,-0.6000000000000227,CLOSED,0.0,POWERGRID-EQ
SELL,2026-07-01T14:42:00+05:30,286.75,-0.0016123069933820003,0.08881941729649373,14,0.6976641691521396,1.1950141340717664,2026-07-01T14:45:00+05:30,287.2,0.44999999999998863,CLOSED,1.0,POWERGRID-EQ
BUY,2026-07-01T14:45:00+05:30,287.2,0.0023105953903402067,0.12963624321753883,14,0.24480959041666886,0.8632828520650737,2026-07-02T09:18:00+05:30,284.75,-2.4499999999999886,CLOSED,0.0,POWERGRID-EQ
SELL,2026-07-02T09:18:00+05:30,284.75,-0.010912145781127723,0.9715537384348126,9,0.06650044481825046,1.0728303460689943,2026-07-02T10:51:00+05:30,288.15,3.3999999999999773,CLOSED,1.0,POWERGRID-EQ
BUY,2026-07-02T10:51:00+05:30,288.15,0.004900551447906382,0.6442911695119792,10,16.431427384774633,1.4658838583418012,2026-07-03T13:33:00+05:30,288.55,0.4000000000000341,CLOSED,1.0,POWERGRID-EQ
SELL,2026-07-03T13:33:00+05:30,288.55,-0.006993722977614145,0.3977715704047022,13,4.997514921886587,0.9907642263829458,2026-07-06T12:39:00+05:30,287.0,-1.5500000000000114,CLOSED,0.0,POWERGRID-EQ
BUY,2026-07-06T12:39:00+05:30,287.0,0.00030675668243118945,0.20446406910641948,12,1.3063144465729142,1.3390641684527513,2026-07-06T14:28:00+05:30,286.05,-0.9499999999999886,CLOSED,0.0,POWERGRID-EQ
SELL,2026-07-06T14:28:00+05:30,286.05,-0.0013226404286141545,0.17950549357113288,14,-0.6125646942061166,0.9368585753221844,2026-07-07T11:31:00+05:30,286.45,0.39999999999997726,CLOSED,1.0,POWERGRID-EQ
BUY,2026-07-07T11:31:00+05:30,286.45,0.00308488321438146,0.20275875100994628,11,5.590198849343602,2.363344830828172,2026-07-07T13:39:00+05:30,285.65,-0.8000000000000114,CLOSED,0.0,POWERGRID-EQ
SELL,2026-07-07T13:39:00+05:30,285.65,-0.003494736827823287,0.22335820757001798,13,-0.21521585013476952,0.8111063566776018,2026-07-09T09:46:00+05:30,282.0,-3.6499999999999773,CLOSED,0.0,POWERGRID-EQ
BUY,2026-07-09T09:46:00+05:30,282.0,0.004343053598892944,0.06582805886042835,9,-0.32443269568664124,1.0826555286876236,2026-07-09T15:04:00+05:30,281.65,-0.35000000000002274,CLOSED,0.0,POWERGRID-EQ
SELL,2026-07-09T15:04:00+05:30,281.65,-0.009190988159911423,0.456709243757266,15,1.0392470770452609,0.9944391578446533,2026-07-10T10:08:00+05:30,283.0,1.3500000000000227,CLOSED,1.0,POWERGRID-EQ
BUY,2026-07-10T10:08:00+05:30,283.0,0.002484124666854462,0.15491933384828746,10,-0.07331683812519098,1.1476953344575604,2026-07-10T11:12:00+05:30,282.3,-0.6999999999999886,CLOSED,0.0,POWERGRID-EQ
SELL,2026-07-10T11:12:00+05:30,282.3,-0.003755378882556008,0.14869805348797085,11,-0.866289482566773,0.2469946660297747,2026-07-10T12:39:00+05:30,282.95,0.6499999999999773,CLOSED,1.0,POWERGRID-EQ
BUY,2026-07-10T12:39:00+05:30,282.95,0.0065351474228062005,0.14491376746188114,12,-0.15655645898391105,0.09450076026355804,2026-07-10T14:10:00+05:30,282.15,-0.8000000000000114,CLOSED,0.0,POWERGRID-EQ
SELL,2026-07-10T14:10:00+05:30,282.15,-0.00328537533307253,0.14191155304939113,14,0.17556828678257985,0.7132329822354976,2026-07-10T14:32:00+05:30,282.75,0.6000000000000227,CLOSED,1.0,POWERGRID-EQ
BUY,2026-07-10T14:32:00+05:30,282.75,0.0008365371646071331,0.059860949986906845,14,-0.9323622479690153,1.795730803439075,2026-07-14T09:36:00+05:30,284.85,2.1000000000000227,CLOSED,1.0,POWERGRID-EQ
SELL,2026-07-14T09:36:00+05:30,284.85,-0.0013531294333366517,0.17826322609494175,9,-0.2594471865489193,0.803073928923725,2026-07-14T13:24:00+05:30,284.55,-0.30000000000001137,CLOSED,0.0,POWERGRID-EQ
BUY,2026-07-14T13:24:00+05:30,284.55,0.005369466066982949,0.3507531579013589,13,0.9766922574529144,0.14231408734943582,2026-07-15T10:09:00+05:30,283.85,-0.6999999999999886,CLOSED,0.0,POWERGRID-EQ
SELL,2026-07-15T10:09:00+05:30,283.85,-0.0013612908025654245,0.3952495695408405,10,1.2992604142979536,1.3698140935390053,2026-07-16T09:22:00+05:30,282.05,-1.8000000000000114,CLOSED,0.0,POWERGRID-EQ
BUY,2026-07-16T09:22:00+05:30,282.05,0.0016950343928368464,0.7085979897735428,9,-0.5402278479933228,0.5994947124972767,2026-07-16T13:04:00+05:30,281.95,-0.10000000000002274,CLOSED,0.0,POWERGRID-EQ
SELL,2026-07-16T13:04:00+05:30,281.95,-0.0017311333419418639,0.08096638534327069,13,-0.16456156952602916,1.095111537120948,2026-07-17T09:41:00+05:30,281.95,0.0,CLOSED,0.0,POWERGRID-EQ
BUY,2026-07-17T09:41:00+05:30,281.95,0.009054829556360503,0.140336896233466,9,-0.5997833014467883,0.8862311685829857,2026-07-17T11:41:00+05:30,281.65,-0.30000000000001137,CLOSED,0.0,POWERGRID-EQ
SELL,2026-07-17T11:41:00+05:30,281.65,-0.00013219645721480506,0.11832159566198454,11,-0.2739095506415638,1.3003210389327722,2026-07-17T11:51:00+05:30,283.35,1.7000000000000455,CLOSED,1.0,POWERGRID-EQ
BUY,2026-07-17T11:51:00+05:30,283.35,0.007950569250673303,0.4183632127443616,11,0.2203750546367656,2.072991714961804,2026-07-17T13:43:00+05:30,282.35,-1.0,CLOSED,0.0,POWERGRID-EQ
SELL,2026-07-17T13:43:00+05:30,282.35,-0.0032753303966378206,0.10554093465991954,13,0.10669231737941641,0.9365649311789348,2026-07-17T14:14:00+05:30,282.85,0.5,CLOSED,1.0,POWERGRID-EQ
BUY,2026-07-17T14:14:00+05:30,282.85,0.0006768695518982076,0.0944281031614367,14,2.7685318023030767,0.948255076142132,2026-07-21T11:14:00+05:30,287.7,4.849999999999966,CLOSED,1.0,POWERGRID-EQ
SELL,2026-07-21T11:14:00+05:30,287.7,-0.0016064012916284373,0.36070917802450364,11,0.14903075936204818,0.7351830550617542,2026-07-21T14:57:00+05:30,286.85,-0.8499999999999659,CLOSED,0.0,POWERGRID-EQ
BUY,2026-07-21T14:57:00+05:30,286.85,0.0058345681403640355,0.12258783698955972,14,-0.747001145662922,0.6931254748290615,2026-07-22T09:17:00+05:30,285.5,-1.3500000000000227,CLOSED,0.0,POWERGRID-EQ
SELL,2026-07-22T09:17:00+05:30,285.5,-0.012590874384589648,0.4427188724235679,9,-0.07218820980953101,0.628988326848249,2026-07-22T11:04:00+05:30,285.95,0.44999999999998863,CLOSED,1.0,POWERGRID-EQ
BUY,2026-07-22T11:04:00+05:30,285.95,0.00032560572322214094,0.05296749527357091,11,-0.33627933294085954,1.4491636602164644,2026-07-23T13:00:00+05:30,289.05,3.1000000000000227,CLOSED,1.0,POWERGRID-EQ
SELL,2026-07-23T13:00:00+05:30,289.05,-0.0026042844078605558,0.12018504251545685,13,-0.9294610684491038,0.304104557297228,2026-07-23T15:02:00+05:30,289.45,0.39999999999997726,CLOSED,1.0,POWERGRID-EQ
BUY,2026-07-23T15:02:00+05:30,289.45,0.000656932398684123,0.1636391694484552,15,2.7248727173976395,1.397354699973488,2026-07-24T09:26:00+05:30,287.65,-1.8000000000000114,CLOSED,0.0,POWERGRID-EQ
SELL,2026-07-24T09:26:00+05:30,287.65,-0.015873975113263113,0.3871548642195977,9,-0.6236010391337257,0.7979517960627818,2026-07-24T11:16:00+05:30,288.75,1.1000000000000227,CLOSED,1.0,POWERGRID-EQ
BUY,2026-07-24T11:16:00+05:30,288.75,0.0031716390689945713,0.11972189997379101,11,0.7818600310555609,1.5293400923074774,2026-07-24T13:36:00+05:30,288.35,-0.39999999999997726,CLOSED,0.0,POWERGRID-EQ
SELL,2026-07-24T13:36:00+05:30,288.35,-0.008866427340871877,0.2447220645730399,13,3.1955050798255655,0.16867785394994764,2026-07-27T09:22:00+05:30,290.4,2.0499999999999545,CLOSED,1.0,POWERGRID-EQ
BUY,2026-07-27T09:22:00+05:30,290.4,0.002377109071544743,0.4278174584770813,9,-0.6591160883273994,0.8870786200686589,2026-07-27T09:49:00+05:30,288.2,-2.1999999999999886,CLOSED,0.0,POWERGRID-EQ
SELL,2026-07-27T09:49:00+05:30,288.2,-0.004586370640744526,0.20248456731316763,9,-0.23578731312100268,1.9229356170978287,2026-07-27T11:27:00+05:30,288.45,0.25,CLOSED,1.0,POWERGRID-EQ
BUY,2026-07-27T11:27:00+05:30,288.45,0.0021135185712181583,0.04972144630057864,11,0.8098670136683096,1.7627109934999872,2026-07-27T13:05:00+05:30,288.05,-0.39999999999997726,CLOSED,0.0,POWERGRID-EQ
SELL,2026-07-27T13:05:00+05:30,288.05,-0.0044984110092342695,0.2720804619552456,13,-0.9039759773772866,1.1224548597771802,2026-07-27T14:47:00+05:30,288.5,0.44999999999998863,CLOSED,1.0,POWERGRID-EQ
BUY,2026-07-27T14:47:00+05:30,288.5,0.0030275068953449905,0.151290742905476,14,0.1452628422583293,2.0822243553383655,2026-07-28T09:16:00+05:30,285.55,-2.9499999999999886,CLOSED,0.0,POWERGRID-EQ
SELL,2026-07-28T09:16:00+05:30,285.55,-0.01183956724959163,0.5274677451960754,9,-0.02308113128302332,0.8814991639187985,2026-07-28T13:40:00+05:30,286.1,0.5500000000000114,CLOSED,1.0,POWERGRID-EQ
BUY,2026-07-28T13:40:00+05:30,286.1,0.0042614509055925,0.44910404634610207,13,-0.3026940786317912,2.2164938849430227,2026-07-28T15:08:00+05:30,285.35,-0.75,CLOSED,0.0,POWERGRID-EQ
SELL,2026-07-28T15:08:00+05:30,285.35,-0.0036872832085475074,0.17360555546665873,15,-0.0919576308330848,1.879598639269156,2026-07-29T14:22:00+05:30,282.95,-2.400000000000034,CLOSED,0.0,POWERGRID-EQ
BUY,2026-07-29T14:22:00+05:30,282.95,0.002640712481912376,0.07090682462059912,14,-0.1573428882667891,1.5721689886935903,2026-07-29T14:43:00+05:30,282.65,-0.30000000000001137,CLOSED,0.0,POWERGRID-EQ
SELL,2026-07-29T14:43:00+05:30,282.65,-0.0013641032765636814,0.05868938953887671,14,-0.27231582827790973,1.456953082747431,2026-07-29T14:55:00+05:30,282.85,0.20000000000004547,CLOSED,1.0,POWERGRID-EQ
BUY,2026-07-29T14:55:00+05:30,282.85,0.00107336999424141,0.07453559924999723,14,-0.5584857019008853,0.3233417984762743,2026-07-29T15:00:00+05:30,282.45,-0.4000000000000341,CLOSED,0.0,POWERGRID-EQ
SELL,2026-07-29T15:00:00+05:30,282.45,-0.0006363423846171822,0.05986094998690685,15,0.4566777979507011,1.6822930251074169,2026-07-29T15:21:00+05:30,283.2,0.75,CLOSED,1.0,POWERGRID-EQ
BUY,2026-07-29T15:21:00+05:30,283.2,0.002937882118306072,0.4067486256208322,15,0.05295689424588238,0.9755698626750862,2026-07-31T09:53:00+05:30,284.5,1.3000000000000114,CLOSED,1.0,POWERGRID-EQ
SELL,2026-07-31T09:53:00+05:30,284.5,-0.003961871890770733,0.2601281735350353,9,0.34541690521677554,1.8037731216238337,2026-07-31T15:07:00+05:30,284.4,-0.10000000000002274,CLOSED,0.0,POWERGRID-EQ
BUY,2026-07-31T15:07:00+05:30,284.4,0.0023705406966600395,0.21858128414339914,15,0.19991426806107257,1.2521014230837122,2026-08-03T12:49:00+05:30,284.05,-0.3499999999999659,CLOSED,0.0,POWERGRID-EQ
SELL,2026-08-03T12:49:00+05:30,284.05,-0.008520886110353499,0.16499158227686225,12,3.9836485910080603,2.3022536921922048,2026-08-03T14:05:00+05:30,285.1,1.0500000000000114,CLOSED,1.0,POWERGRID-EQ
BUY,2026-08-03T14:05:00+05:30,285.1,0.0026124595195729447,0.11105554165972265,14,0.685685365541078,0.8432621199671323,2026-08-04T10:44:00+05:30,284.75,-0.35000000000002274,CLOSED,0.0,POWERGRID-EQ
SELL,2026-08-04T10:44:00+05:30,284.75,-0.003980421857417159,0.047434164902536484,10,0.0037426813896570695,0.915845239413741,2026-08-04T11:04:00+05:30,285.35,0.6000000000000227,CLOSED,1.0,POWERGRID-EQ
BUY,2026-08-04T11:04:00+05:30,285.35,0.0002936350800292843,0.0674948557710594,11,-0.6179087456229809,1.2885400534985219,2026-08-04T11:41:00+05:30,284.05,-1.3000000000000114,CLOSED,0.0,POWERGRID-EQ
SELL,2026-08-04T11:41:00+05:30,284.05,-0.015752453635462006,0.5316640543300482,11,13.365042975687665,0.986423052884935,2026-08-05T09:28:00+05:30,284.4,0.3499999999999659,CLOSED,1.0,POWERGRID-EQ
BUY,2026-08-05T09:28:00+05:30,284.4,0.007824152097371934,0.34576806613039773,9,-0.18113159990770733,0.7517437354688711,2026-08-05T10:31:00+05:30,283.0,-1.3999999999999773,CLOSED,0.0,POWERGRID-EQ
SELL,2026-08-05T10:31:00+05:30,283.0,-0.0039400808687201794,0.17392527130926336,10,-0.5092033474150738,1.5298206943325845,2026-08-05T10:39:00+05:30,283.7,0.6999999999999886,CLOSED,1.0,POWERGRID-EQ
BUY,2026-08-05T10:39:00+05:30,283.7,0.0014547374917235026,0.2799305469417523,10,-0.18146758718296668,0.5042108506431818,2026-08-05T10:42:00+05:30,282.95,-0.75,CLOSED,0.0,POWERGRID-EQ
SELL,2026-08-05T10:42:00+05:30,282.95,-0.003118512645700752,0.14181364924121648,10,-0.5777408093199654,0.7900313386061781,2026-08-07T11:25:00+05:30,271.5,-11.449999999999989,CLOSED,0.0,POWERGRID-EQ
BUY,2026-08-07T11:25:00+05:30,271.5,0.00010983600613745347,0.10287532908007255,11,-0.3736248648142495,0.7482121818231636,2026-08-07T11:27:00+05:30,271.35,-0.14999999999997726,CLOSED,0.0,POWERGRID-EQ
SELL,2026-08-07T11:27:00+05:30,271.35,-0.0008113116719041705,0.10394977419674868,11,-0.5735823927660985,1.0009409786177625,2026-08-07T11:28:00+05:30,271.7,0.3499999999999659,CLOSED,1.0,POWERGRID-EQ
BUY,2026-08-07T11:28:00+05:30,271.7,0.0037689537877476395,0.10394977419674867,11,-0.2658957878649868,0.8897791674809459,2026-08-07T12:28:00+05:30,270.75,-0.9499999999999886,CLOSED,0.0,POWERGRID-EQ
SELL,2026-08-07T12:28:00+05:30,270.75,-0.008706244356863315,0.23973364849812215,12,-0.552706288369154,0.9632456649796731,2026-08-07T15:04:00+05:30,271.25,0.5,CLOSED,1.0,POWERGRID-EQ
BUY,2026-08-07T15:04:00+05:30,271.25,0.004255322567798699,0.30281090542522243,15,-0.7318690624750898,0.8825851750471733,,,,OPEN,,POWERGRID-EQ
BUY,2026-06-24T14:24:00+05:30,79.84,0.015841508588183142,0.0856089299599579,14,1.9563658456528819,0.34935350586881003,2026-06-25T11:21:00+05:30,79.76,-0.0799999999999983,CLOSED,0.0,RBA-EQ
SELL,2026-06-25T11:21:00+05:30,79.76,-0.009744280209911601,0.1313223345648218,11,-0.8159830316663825,0.1098407386750945,2026-06-29T11:19:00+05:30,79.6,-0.1600000000000108,CLOSED,0.0,RBA-EQ
BUY,2026-06-29T11:19:00+05:30,79.6,0.0005880032247388662,0.0617251974480429,11,-0.10042333015819085,1.0248366013071895,2026-06-29T12:10:00+05:30,79.01,-0.5899999999999892,CLOSED,0.0,RBA-EQ
SELL,2026-06-29T12:10:00+05:30,79.01,-0.00028079603200428294,0.07121953539740618,12,21.576870960398853,2.4115787579027894,2026-06-29T13:06:00+05:30,79.7,0.6899999999999977,CLOSED,1.0,RBA-EQ
BUY,2026-06-29T13:06:00+05:30,79.7,0.014266768931926306,0.2157905362974824,13,2.062132770319407,0.9513511221363526,2026-06-29T15:18:00+05:30,79.41,-0.29000000000000625,CLOSED,0.0,RBA-EQ
SELL,2026-06-29T15:18:00+05:30,79.41,-0.003583572806544834,0.04638007234913688,15,-0.6178576204560723,1.1024368336327368,2026-06-29T15:29:00+05:30,79.9,0.4900000000000091,CLOSED,1.0,RBA-EQ
BUY,2026-06-29T15:29:00+05:30,79.9,0.007982283538693926,0.1312376978361536,15,14.104096483853082,2.210265159072371,2026-06-30T09:16:00+05:30,79.19,-0.710000000000008,CLOSED,0.0,RBA-EQ
SELL,2026-06-30T09:16:00+05:30,79.19,-0.0036759310830166143,0.1805577777641038,9,6.321276064884423,0.5240578205454549,2026-06-30T09:27:00+05:30,79.78,0.5900000000000034,CLOSED,1.0,RBA-EQ
BUY,2026-06-30T09:27:00+05:30,79.78,0.01058251622858293,0.17644955212310473,9,-0.5734492593540322,0.27342021982509274,2026-06-30T12:59:00+05:30,79.54,-0.23999999999999488,CLOSED,0.0,RBA-EQ
SELL,2026-06-30T12:59:00+05:30,79.54,-0.005604325949259817,0.039791121287711784,12,8.957947151087325,2.233594032172922,2026-07-02T09:26:00+05:30,78.15,-1.3900000000000006,CLOSED,0.0,RBA-EQ
BUY,2026-07-02T09:26:00+05:30,78.15,0.03411064702503941,0.2677664820116385,9,-0.2948111572983883,0.1804513125406906,2026-07-02T13:11:00+05:30,78.22,0.06999999999999318,CLOSED,1.0,RBA-EQ
SELL,2026-07-02T13:11:00+05:30,78.22,-0.0015198182109474733,0.031780497164137944,13,16.323572414628213,1.2553879310344827,2026-07-02T13:14:00+05:30,78.29,0.07000000000000739,CLOSED,1.0,RBA-EQ
BUY,2026-07-02T13:14:00+05:30,78.29,0.0019001090897034514,0.046236109025062755,13,0.12030016410525289,0.12419759977672341,2026-07-02T14:30:00+05:30,77.59,-0.7000000000000028,CLOSED,0.0,RBA-EQ
SELL,2026-07-02T14:30:00+05:30,77.59,-0.03623723458626486,0.2737983848665942,14,57.17923085111025,1.42156234713131,2026-07-03T10:15:00+05:30,78.1,0.5099999999999909,CLOSED,1.0,RBA-EQ
BUY,2026-07-03T10:15:00+05:30,78.1,0.0002182456661593165,0.05212165257036994,10,3.892152744552924,0.35973151483959515,2026-07-03T10:16:00+05:30,78.02,-0.0799999999999983,CLOSED,0.0,RBA-EQ
SELL,2026-07-03T10:16:00+05:30,78.02,-0.0017601548731065678,0.04926120853842658,10,2.508549017640353,0.10193588769168865,2026-07-06T15:18:00+05:30,74.09,-3.9299999999999926,CLOSED,0.0,RBA-EQ
BUY,2026-07-06T15:18:00+05:30,74.09,0.0020632075721055305,0.06328945848682539,15,4.727720641941164,0.48960573476702507,2026-07-07T10:19:00+05:30,73.75,-0.3400000000000034,CLOSED,0.0,RBA-EQ
SELL,2026-07-07T10:19:00+05:30,73.75,-0.006343659808015954,0.07587270040447047,10,0.09715979721853304,1.1625119846596357,2026-07-08T11:42:00+05:30,73.12,-0.6299999999999955,CLOSED,0.0,RBA-EQ
BUY,2026-07-08T11:42:00+05:30,73.12,0.011206578820519652,0.10027185270276158,11,1.7000760018762882,0.0004398156292882024,2026-07-08T13:16:00+05:30,72.76,-0.35999999999999943,CLOSED,0.0,RBA-EQ
SELL,2026-07-08T13:16:00+05:30,72.76,-0.0010302634759774584,0.05793674711844386,13,14.122087582910709,0.48841365709355355,2026-07-09T09:21:00+05:30,73.19,0.4299999999999926,CLOSED,1.0,RBA-EQ
BUY,2026-07-09T09:21:00+05:30,73.19,0.024572198570826573,0.2722417226575594,9,-0.7561435989724026,0.7854338728195253,2026-07-10T09:43:00+05:30,73.81,0.6200000000000045,CLOSED,1.0,RBA-EQ
SELL,2026-07-10T09:43:00+05:30,73.81,-0.01638256354811667,0.3428718581498213,9,-0.24590414163491509,0.6915440928412389,2026-07-13T09:33:00+05:30,73.4,-0.4099999999999966,CLOSED,0.0,RBA-EQ
BUY,2026-07-13T09:33:00+05:30,73.4,0.0034242954203542388,0.2979727802631934,9,-0.7818825041268657,1.582774212368728,2026-07-13T11:37:00+05:30,73.0,-0.4000000000000057,CLOSED,0.0,RBA-EQ
SELL,2026-07-13T11:37:00+05:30,73.0,-5.5344102395114466e-05,0.01751190071542055,11,-0.14423394903759756,1.0184111736778183,2026-07-13T12:50:00+05:30,73.1,0.09999999999999432,CLOSED,1.0,RBA-EQ
BUY,2026-07-13T12:50:00+05:30,73.1,0.001808869178019167,0.02366431913239976,12,-0.06560264757510342,1.2077977720651243,2026-07-13T12:55:00+05:30,72.94,-0.1599999999999966,CLOSED,0.0,RBA-EQ
SELL,2026-07-13T12:55:00+05:30,72.94,-0.0029818151668676743,0.0466666666666655,12,1.832276491907376,0.27148591137376715,2026-07-15T09:52:00+05:30,71.02,-1.9200000000000017,CLOSED,0.0,RBA-EQ
BUY,2026-07-15T09:52:00+05:30,71.02,0.007422584392105694,0.0977582051117275,9,-0.11170450282103835,0.4704120000804295,2026-07-15T12:32:00+05:30,70.68,-0.3399999999999892,CLOSED,0.0,RBA-EQ
SELL,2026-07-15T12:32:00+05:30,70.68,-0.01579247099288821,0.21990907211845337,12,0.18716025151476762,0.5433588566705096,2026-07-17T15:16:00+05:30,66.5,-4.180000000000007,CLOSED,0.0,RBA-EQ
BUY,2026-07-17T15:16:00+05:30,66.5,0.004121809910092067,0.041432676315518314,15,0.4365123311867989,1.7621695082777367,2026-07-20T12:47:00+05:30,66.8,0.29999999999999716,CLOSED,1.0,RBA-EQ
SELL,2026-07-20T12:47:00+05:30,66.8,-0.009596586285665239,0.035339622081864856,12,2.170226962048641,0.3158559696778269,2026-07-21T09:16:00+05:30,67.4,0.6000000000000085,CLOSED,1.0,RBA-EQ
BUY,2026-07-21T09:16:00+05:30,67.4,0.005891746287437454,0.3223110988539577,9,-0.5048927659330269,0.3630782445598951,2026-07-21T10:36:00+05:30,66.76,-0.6400000000000006,CLOSED,0.0,RBA-EQ
SELL,2026-07-21T10:36:00+05:30,66.76,-0.002342331915272136,0.11785113019775792,10,3.5594899530140434,1.0194418172330573,2026-07-22T09:29:00+05:30,66.64,-0.12000000000000455,CLOSED,0.0,RBA-EQ
BUY,2026-07-22T09:29:00+05:30,66.64,0.00943969288284878,0.17455976372323376,9,-0.11855655637970673,0.5279829364574048,2026-07-22T09:37:00+05:30,66.13,-0.5100000000000051,CLOSED,0.0,RBA-EQ
SELL,2026-07-22T09:37:00+05:30,66.13,-0.004531307402317341,0.1962566347073832,9,-0.1587893311678895,1.5079134792930624,2026-07-22T10:32:00+05:30,66.53,0.4000000000000057,CLOSED,1.0,RBA-EQ
BUY,2026-07-22T10:32:00+05:30,66.53,0.004474308878536401,0.14768209099277926,10,-0.7529473363550192,2.1299651329732687,2026-07-22T10:47:00+05:30,66.12,-0.4099999999999966,CLOSED,0.0,RBA-EQ
SELL,2026-07-22T10:47:00+05:30,66.12,-0.0029542612718638185,0.06753599863118662,10,-0.9166378527403813,0.6821127673363577,2026-07-22T11:16:00+05:30,66.35,0.22999999999998977,CLOSED,1.0,RBA-EQ
BUY,2026-07-22T11:16:00+05:30,66.35,0.002969752956502434,0.04433458644845468,11,12.601006179759088,2.356309574619434,2026-07-22T11:40:00+05:30,66.15,-0.19999999999998863,CLOSED,0.0,RBA-EQ
SELL,2026-07-22T11:40:00+05:30,66.15,-0.002010134372836527,0.09153627089240951,11,-0.9946629716733811,0.24038461538461536,2026-07-23T14:15:00+05:30,65.24,-0.9100000000000108,CLOSED,0.0,RBA-EQ
BUY,2026-07-23T14:15:00+05:30,65.24,0.006909519036522772,0.06514940095230895,14,13.4733411923183,0.011665506937906758,2026-07-23T14:48:00+05:30,64.56,-0.6799999999999926,CLOSED,0.0,RBA-EQ
SELL,2026-07-23T14:48:00+05:30,64.56,-0.003900024892079292,0.27379838486659475,14,20.38505393974236,0.6144188836624707,2026-07-24T11:29:00+05:30,65.69,1.1299999999999955,CLOSED,1.0,RBA-EQ
BUY,2026-07-24T11:29:00+05:30,65.69,0.009904238772252464,0.3776668137687279,11,34.48792316645817,2.405983001347284,2026-07-27T15:14:00+05:30,67.12,1.4300000000000068,CLOSED,1.0,RBA-EQ
SELL,2026-07-27T15:14:00+05:30,67.12,-0.013157080671013989,0.11633763124821181,15,0.661916099910763,0.5827088980736129,2026-07-28T10:17:00+05:30,67.87,0.75,CLOSED,1.0,RBA-EQ
BUY,2026-07-28T10:17:00+05:30,67.87,0.004679929348201704,0.07656515018088966,10,-0.059404523289862204,1.6135291432049916,2026-07-28T10:51:00+05:30,67.56,-0.3100000000000023,CLOSED,0.0,RBA-EQ
SELL,2026-07-28T10:51:00+05:30,67.56,-0.00178968310938316,0.05797509043642108,10,0.6480313512191443,0.8158393401203834,2026-07-28T10:55:00+05:30,67.65,0.09000000000000341,CLOSED,1.0,RBA-EQ
BUY,2026-07-28T10:55:00+05:30,67.65,0.0013562157605026832,0.054934304198541124,10,-0.6723811092325926,1.1037735849056605,2026-07-28T10:56:00+05:30,67.51,-0.14000000000000057,CLOSED,0.0,RBA-EQ
SELL,2026-07-28T10:56:00+05:30,67.51,-0.00514536013345424,0.054934304198541124,10,-0.7756929477640458,1.242338910054663,2026-07-29T09:44:00+05:30,66.91,-0.6000000000000085,CLOSED,0.0,RBA-EQ
BUY,2026-07-29T09:44:00+05:30,66.91,0.006897819074794943,0.08093893445747453,9,-0.8415579898904086,0.48882426104770266,2026-07-30T09:38:00+05:30,66.9,-0.009999999999990905,CLOSED,0.0,RBA-EQ
SELL,2026-07-30T09:38:00+05:30,66.9,-0.004086304472656967,0.07800284895082107,9,-0.7192572391639057,0.5299876657415973,2026-07-30T12:52:00+05:30,66.9,0.0,CLOSED,0.0,RBA-EQ
BUY,2026-07-30T12:52:00+05:30,66.9,0.0011933750918469567,0.0886942313043336,12,-0.6546637743245765,0.1750069793411502,2026-07-30T13:20:00+05:30,66.73,-0.1700000000000017,CLOSED,0.0,RBA-EQ
SELL,2026-07-30T13:20:00+05:30,66.73,-0.0031792549008676434,0.046726152562922056,13,0.7093706771184556,1.658238090421766,2026-07-30T14:47:00+05:30,66.95,0.21999999999999886,CLOSED,1.0,RBA-EQ
BUY,2026-07-30T14:47:00+05:30,66.95,0.008341896925805422,0.1028537256927941,14,-0.5546251042206125,1.07694881231181,2026-07-30T15:17:00+05:30,66.51,-0.4399999999999977,CLOSED,0.0,RBA-EQ
SELL,2026-07-30T15:17:00+05:30,66.51,-0.009104779274201755,0.16956152603438965,15,-0.23792043397487153,1.2768431293453242,2026-07-30T15:23:00+05:30,67.75,1.2399999999999949,CLOSED,1.0,RBA-EQ
BUY,2026-07-30T15:23:00+05:30,67.75,0.025582799028335258,0.14368174708168213,15,0.060094933213375494,1.6214049190911553,2026-07-31T11:35:00+05:30,66.83,-0.9200000000000017,CLOSED,0.0,RBA-EQ
SELL,2026-07-31T11:35:00+05:30,66.83,-0.004176116231165334,0.08702490065109753,11,-0.7759979068870316,0.0445819007353546,2026-07-31T12:20:00+05:30,67.15,0.3200000000000074,CLOSED,1.0,RBA-EQ
BUY,2026-07-31T12:20:00+05:30,67.15,0.009866231637860516,0.03604010112207043,12,-0.45459312987182204,1.3603766025641026,2026-07-31T13:42:00+05:30,66.89,-0.2600000000000051,CLOSED,0.0,RBA-EQ
SELL,2026-07-31T13:42:00+05:30,66.89,-0.0018487843169502681,0.026436506745198606,13,-0.06635318699950819,0.4920956911024063,2026-08-03T09:24:00+05:30,67.41,0.519999999999996,CLOSED,1.0,RBA-EQ
BUY,2026-08-03T09:24:00+05:30,67.41,0.004674977422318492,0.2349373438931242,9,-0.29348892132928794,0.8300045328347214,2026-08-05T15:16:00+05:30,86.48,19.070000000000007,CLOSED,1.0,RBA-EQ
SELL,2026-08-05T15:16:00+05:30,86.48,-0.06073752877578566,0.29334090899308496,15,-0.47134652201501737,0.7325008026574915,2026-08-06T09:28:00+05:30,90.18,3.700000000000003,CLOSED,1.0,RBA-EQ
BUY,2026-08-06T09:28:00+05:30,90.18,0.06357408860532116,0.4380968944068079,9,-0.11350181268661386,0.8300280428152428,2026-08-06T13:34:00+05:30,90.05,-0.13000000000000966,CLOSED,0.0,RBA-EQ
SELL,2026-08-06T13:34:00+05:30,90.05,-0.020745698601112694,0.0492273636642583,13,0.31987218938565054,0.4032554262427022,2026-08-06T14:50:00+05:30,90.54,0.4900000000000091,CLOSED,1.0,RBA-EQ
BUY,2026-08-06T14:50:00+05:30,90.54,0.0014338300262367052,0.10616548926610077,14,0.40966678595547734,0.4216652547242169,2026-08-06T14:51:00+05:30,90.39,-0.15000000000000568,CLOSED,0.0,RBA-EQ
SELL,2026-08-06T14:51:00+05:30,90.39,-0.00038309095876518453,0.0815202769595093,14,0.11700430273274329,0.5929156007235729,2026-08-06T15:29:00+05:30,90.99,0.5999999999999943,CLOSED,1.0,RBA-EQ
BUY,2026-08-06T15:29:00+05:30,90.99,0.003279599647428498,0.35771031109917373,15,1.4752378249811495,0.5731931917357627,2026-08-07T09:16:00+05:30,90.09,-0.8999999999999915,CLOSED,0.0,RBA-EQ
SELL,2026-08-07T09:16:00+05:30,90.09,-0.010054490401658955,0.3355857234415356,9,-0.09294320137646993,1.6598713218006096,2026-08-07T09:27:00+05:30,90.59,0.5,CLOSED,1.0,RBA-EQ
BUY,2026-08-07T09:27:00+05:30,90.59,0.008333042828642173,0.1814172599898434,9,-0.3334399417321746,1.4896756738781367,,,,OPEN,,RBA-EQ
BUY,2026-06-24T11:22:00+05:30,75.9,0.0001860820804345902,0.02677063067368594,11,-0.08395824137335818,1.5296950240770466,2026-06-24T12:31:00+05:30,75.58,-0.3200000000000074,CLOSED,0.0,NEXT50IETF-EQ
SELL,2026-06-24T12:31:00+05:30,75.58,-8.93261904001277e-05,0.0368932393686337,12,3.860169409742173,0.2702702702702703,2026-06-24T13:12:00+05:30,75.97,0.39000000000000057,CLOSED,1.0,NEXT50IETF-EQ
BUY,2026-06-24T13:12:00+05:30,75.97,0.004870520237377043,0.0384274207652106,13,-0.5908881723528668,0.6482002249718785,2026-06-24T15:15:00+05:30,75.81,-0.1599999999999966,CLOSED,0.0,NEXT50IETF-EQ
SELL,2026-06-24T15:15:00+05:30,75.81,-0.005273499488267991,0.05033222956847451,15,-0.9714154495741978,0.7455012853470437,2026-06-25T09:21:00+05:30,76.18,0.37000000000000455,CLOSED,1.0,NEXT50IETF-EQ
BUY,2026-06-25T09:21:00+05:30,76.18,0.006637870838254752,0.17622271262366843,9,-0.12226841840640801,0.4589033309333434,2026-06-25T14:24:00+05:30,76.26,0.0799999999999983,CLOSED,1.0,NEXT50IETF-EQ
SELL,2026-06-25T14:24:00+05:30,76.26,-0.005934691513550848,0.03597838857486972,14,0.6907092903642811,0.11861852989836917,2026-06-30T10:51:00+05:30,75.47,-0.7900000000000063,CLOSED,0.0,NEXT50IETF-EQ
BUY,2026-06-30T10:51:00+05:30,75.47,0.0006460759771143872,0.03400980250849217,10,2.353909456948184,0.41922290388548056,2026-06-30T15:23:00+05:30,75.53,0.060000000000002274,CLOSED,1.0,NEXT50IETF-EQ
SELL,2026-06-30T15:23:00+05:30,75.53,-0.0016702406825487937,0.019692073983654756,15,0.22052845506043856,0.9500416319733556,2026-07-01T09:38:00+05:30,75.73,0.20000000000000284,CLOSED,1.0,NEXT50IETF-EQ
BUY,2026-07-01T09:38:00+05:30,75.73,0.004946236428204715,0.04341018825626722,9,-0.2308047248842724,0.7630473905218956,2026-07-03T11:08:00+05:30,76.24,0.5099999999999909,CLOSED,1.0,NEXT50IETF-EQ
SELL,2026-07-03T11:08:00+05:30,76.24,-0.0012064255267325028,0.020655911179774895,11,0.9319128080677039,0.4459305273833672,2026-07-06T09:30:00+05:30,76.34,0.10000000000000853,CLOSED,1.0,NEXT50IETF-EQ
BUY,2026-07-06T09:30:00+05:30,76.34,0.005560666414797044,0.029154759474226796,9,0.022046353809931196,0.6498893805309734,2026-07-06T14:24:00+05:30,76.5,0.1599999999999966,CLOSED,1.0,NEXT50IETF-EQ
SELL,2026-07-06T14:24:00+05:30,76.5,-0.0007709179304460267,0.015951314818676284,14,-0.756516914152754,0.7175398633257404,2026-07-07T14:17:00+05:30,76.22,-0.28000000000000114,CLOSED,0.0,NEXT50IETF-EQ
BUY,2026-07-07T14:17:00+05:30,76.22,0.001835865996407197,0.00966091783079398,14,-0.8206680107367541,1.5,2026-07-07T15:27:00+05:30,76.09,-0.12999999999999545,CLOSED,0.0,NEXT50IETF-EQ
SELL,2026-07-07T15:27:00+05:30,76.09,-0.002945096516691564,0.01490711984999881,15,-0.37760759246908293,1.1712085755265342,2026-07-08T10:50:00+05:30,76.08,-0.010000000000005116,CLOSED,0.0,NEXT50IETF-EQ
BUY,2026-07-08T10:50:00+05:30,76.08,0.004567828105010947,0.01911950719959845,10,7.684827745315381,0.15606098967564072,2026-07-08T12:07:00+05:30,75.94,-0.14000000000000057,CLOSED,0.0,NEXT50IETF-EQ
SELL,2026-07-08T12:07:00+05:30,75.94,-0.0011550439800901329,0.009660917830791692,12,-0.8701866971483468,2.3146067415730336,2026-07-08T13:20:00+05:30,76.03,0.09000000000000341,CLOSED,1.0,NEXT50IETF-EQ
BUY,2026-07-08T13:20:00+05:30,76.03,0.0019831268235940306,0.011352924243953682,13,-0.739055790819503,1.455592105263158,2026-07-08T13:47:00+05:30,75.82,-0.21000000000000796,CLOSED,0.0,NEXT50IETF-EQ
SELL,2026-07-08T13:47:00+05:30,75.82,-0.005356090179344437,0.027080128015453064,13,1.252081251038893,2.4299497264527576,2026-07-09T11:43:00+05:30,75.35,-0.46999999999999886,CLOSED,0.0,NEXT50IETF-EQ
BUY,2026-07-09T11:43:00+05:30,75.35,0.005082629584492794,0.02415229457698037,11,-0.222946543527076,0.0796979865771812,2026-07-09T15:07:00+05:30,75.24,-0.10999999999999943,CLOSED,0.0,NEXT50IETF-EQ
SELL,2026-07-09T15:07:00+05:30,75.24,-0.005263103236307132,0.0686456278449109,15,0.634289302245877,1.5803125400281797,2026-07-10T09:17:00+05:30,75.79,0.5500000000000114,CLOSED,1.0,NEXT50IETF-EQ
BUY,2026-07-10T09:17:00+05:30,75.79,0.018302516014575172,0.1518039671564768,9,4.262311550649394,1.2001846193022665,2026-07-13T09:17:00+05:30,75.45,-0.3400000000000034,CLOSED,0.0,NEXT50IETF-EQ
SELL,2026-07-13T09:17:00+05:30,75.45,-0.024941605234410635,0.27014605103330663,9,4.348168543689752,0.6094268232814876,2026-07-13T12:46:00+05:30,75.96,0.5099999999999909,CLOSED,1.0,NEXT50IETF-EQ
BUY,2026-07-13T12:46:00+05:30,75.96,0.002385584765888804,0.02877112750272029,12,3.72294886301437,0.18021987244041626,2026-07-13T13:29:00+05:30,75.74,-0.21999999999999886,CLOSED,0.0,NEXT50IETF-EQ
SELL,2026-07-13T13:29:00+05:30,75.74,-0.004258290566385205,0.06629898608241094,13,-0.8489976085851584,2.0158343483556638,2026-07-13T14:10:00+05:30,75.91,0.1700000000000017,CLOSED,1.0,NEXT50IETF-EQ
BUY,2026-07-13T14:10:00+05:30,75.91,0.0009238434502818828,0.016633299933166163,14,-0.669296114474223,1.5,2026-07-14T09:20:00+05:30,75.56,-0.3499999999999943,CLOSED,0.0,NEXT50IETF-EQ
SELL,2026-07-14T09:20:00+05:30,75.56,-0.01691982493225708,0.24040706219983332,9,5.176544989901928,0.7006816652526258,2026-07-14T11:34:00+05:30,75.74,0.1799999999999926,CLOSED,1.0,NEXT50IETF-EQ
BUY,2026-07-14T11:34:00+05:30,75.74,5.476567334360596e-05,0.028848262031227843,11,0.20999153230314482,1.6031024026125495,2026-07-14T11:36:00+05:30,75.62,-0.11999999999999034,CLOSED,0.0,NEXT50IETF-EQ
SELL,2026-07-14T11:36:00+05:30,75.62,-0.0026278381870430564,0.019692073983657802,11,2.042582410568055,0.4966139954853273,2026-07-14T12:11:00+05:30,75.76,0.14000000000000057,CLOSED,1.0,NEXT50IETF-EQ
BUY,2026-07-14T12:11:00+05:30,75.76,0.0008903971030702772,0.02065591117977031,12,24.62787863861892,0.07437449746961168,2026-07-14T12:30:00+05:30,75.56,-0.20000000000000284,CLOSED,0.0,NEXT50IETF-EQ
SELL,2026-07-14T12:30:00+05:30,75.56,-0.004250715953679075,0.054609726443393465,12,-0.8529914016517883,0.38312614632158143,2026-07-14T12:49:00+05:30,75.73,0.1700000000000017,CLOSED,1.0,NEXT50IETF-EQ
BUY,2026-07-14T12:49:00+05:30,75.73,0.0008459726294594214,0.024244128727956952,12,0.9592169579182956,2.233555370524563,2026-07-14T13:18:00+05:30,75.68,-0.04999999999999716,CLOSED,0.0,NEXT50IETF-EQ
SELL,2026-07-14T13:18:00+05:30,75.68,-0.00028916548454866424,0.031073389830457362,13,8.594339419944827,0.08480825958702065,2026-07-14T14:18:00+05:30,75.72,0.03999999999999204,CLOSED,1.0,NEXT50IETF-EQ
BUY,2026-07-14T14:18:00+05:30,75.72,0.0011634706092509487,0.016193277068655504,14,2.3812708631894504,1.3501483679525224,2026-07-15T12:57:00+05:30,75.84,0.12000000000000455,CLOSED,1.0,NEXT50IETF-EQ
SELL,2026-07-15T12:57:00+05:30,75.84,-0.011093151008791659,0.06037843618011044,12,1.7350943330751156,0.3249172185430464,2026-07-16T10:13:00+05:30,76.04,0.20000000000000284,CLOSED,1.0,NEXT50IETF-EQ
BUY,2026-07-16T10:13:00+05:30,76.04,0.0006848967250619198,0.013374935098490692,10,0.9248677240521449,0.18577056991020705,2026-07-16T12:45:00+05:30,76.02,-0.020000000000010232,CLOSED,0.0,NEXT50IETF-EQ
SELL,2026-07-16T12:45:00+05:30,76.02,-0.0036190158006116787,0.03747591819348233,12,0.14726958234607151,2.4405915715413884,2026-07-17T10:44:00+05:30,75.82,-0.20000000000000284,CLOSED,0.0,NEXT50IETF-EQ
BUY,2026-07-17T10:44:00+05:30,75.82,0.0012547125168246784,0.0282055944017438,10,-0.09153197462093118,1.9290272674531037,2026-07-17T10:54:00+05:30,75.78,-0.03999999999999204,CLOSED,0.0,NEXT50IETF-EQ
SELL,2026-07-17T10:54:00+05:30,75.78,-0.0007439090441549404,0.02766867462592951,10,-0.7189844190435886,0.9240246406570841,2026-07-20T09:40:00+05:30,75.77,-0.010000000000005116,CLOSED,0.0,NEXT50IETF-EQ
BUY,2026-07-20T09:40:00+05:30,75.77,0.0023762057266756204,0.06871034209717729,9,-0.8057677847139431,0.2906468531468532,2026-07-21T11:18:00+05:30,76.15,0.38000000000000966,CLOSED,1.0,NEXT50IETF-EQ
SELL,2026-07-21T11:18:00+05:30,76.15,-0.0034745557697173786,0.04040077006966658,11,-0.4857192611583775,0.1219099221131053,2026-07-21T12:34:00+05:30,76.27,0.11999999999999034,CLOSED,1.0,NEXT50IETF-EQ
BUY,2026-07-21T12:34:00+05:30,76.27,0.0014231002012940511,0.01969207398365644,12,-0.5141944632466386,0.12783053323593863,2026-07-21T12:59:00+05:30,76.11,-0.1599999999999966,CLOSED,0.0,NEXT50IETF-EQ
SELL,2026-07-21T12:59:00+05:30,76.11,-0.0025032500472347285,0.020138409955991848,12,1.1852094202054662,0.1669661575321953,2026-07-21T13:37:00+05:30,76.26,0.15000000000000568,CLOSED,1.0,NEXT50IETF-EQ
BUY,2026-07-21T13:37:00+05:30,76.26,0.0013243275550186952,0.005163977794938526,13,0.8846153811435816,1.177634319033736,2026-07-22T09:39:00+05:30,76.18,-0.0799999999999983,CLOSED,0.0,NEXT50IETF-EQ
SELL,2026-07-22T09:39:00+05:30,76.18,-0.009768883036076067,0.02905932629026918,9,-0.36101202260502974,0.3881939419001344,2026-07-22T11:01:00+05:30,76.41,0.22999999999998977,CLOSED,1.0,NEXT50IETF-EQ
BUY,2026-07-22T11:01:00+05:30,76.41,0.0007038143848431109,0.02263232692902645,11,-0.837391099402545,1.697799015348972,2026-07-22T12:08:00+05:30,76.23,-0.1799999999999926,CLOSED,0.0,NEXT50IETF-EQ
SELL,2026-07-22T12:08:00+05:30,76.23,-0.0016148811578283004,0.030349812373572364,12,-0.5980810218601251,2.045755968169761,2026-07-23T10:23:00+05:30,76.24,0.009999999999990905,CLOSED,1.0,NEXT50IETF-EQ
BUY,2026-07-23T10:23:00+05:30,76.24,0.003378565623304656,0.037947331922020246,10,-0.802667513241452,0.9808496942388156,2026-07-23T12:23:00+05:30,76.14,-0.09999999999999432,CLOSED,0.0,NEXT50IETF-EQ
SELL,2026-07-23T12:23:00+05:30,76.14,-0.0016737616408497337,0.02983286778035309,12,-0.7951194692549073,1.1476426799007444,2026-07-24T11:52:00+05:30,75.6,-0.5400000000000063,CLOSED,0.0,NEXT50IETF-EQ
BUY,2026-07-24T11:52:00+05:30,75.6,0.005408070967863633,0.045995168828426455,11,-0.2116883114133918,0.5271828665568369,2026-07-28T09:40:00+05:30,76.21,0.6099999999999994,CLOSED,1.0,NEXT50IETF-EQ
SELL,2026-07-28T09:40:00+05:30,76.21,-0.004245801773730969,0.021499353995462194,9,-0.8849630759987007,0.12866629773104593,2026-07-28T10:45:00+05:30,76.35,0.14000000000000057,CLOSED,1.0,NEXT50IETF-EQ
BUY,2026-07-28T10:45:00+05:30,76.35,0.0037647217825248496,0.022997584414213745,10,-0.4145173168487153,0.17621145374449337,2026-07-28T11:35:00+05:30,76.18,-0.1699999999999875,CLOSED,0.0,NEXT50IETF-EQ
SELL,2026-07-28T11:35:00+05:30,76.18,-0.001956669787608231,0.05152130088074481,11,-0.63228929779495,0.7854578096947935,2026-07-29T09:19:00+05:30,76.34,0.1599999999999966,CLOSED,1.0,NEXT50IETF-EQ
BUY,2026-07-29T09:19:00+05:30,76.34,0.0033370131883335118,0.09003702941938233,9,-0.6803945913767955,0.8563565724152816,2026-07-30T10:33:00+05:30,76.36,0.01999999999999602,CLOSED,1.0,NEXT50IETF-EQ
SELL,2026-07-30T10:33:00+05:30,76.36,-0.0019632924694328487,0.03198958163736038,10,-0.18915299600074825,1.8300990916597855,2026-07-30T11:27:00+05:30,76.46,0.09999999999999432,CLOSED,1.0,NEXT50IETF-EQ
BUY,2026-07-30T11:27:00+05:30,76.46,1.8430793320934866e-06,0.03055050463303854,11,-0.8524475494669667,1.8364928909952605,2026-07-30T11:54:00+05:30,76.38,-0.0799999999999983,CLOSED,0.0,NEXT50IETF-EQ
SELL,2026-07-30T11:54:00+05:30,76.38,-0.0018262660014006994,0.052281290471193,11,1.5550586876605406,0.003828483920367534,2026-07-30T12:54:00+05:30,76.42,0.04000000000000625,CLOSED,1.0,NEXT50IETF-EQ
BUY,2026-07-30T12:54:00+05:30,76.42,0.00019634336643415507,0.023593784492248276,12,0.5907198078800718,2.473821989528796,2026-07-30T13:05:00+05:30,76.35,-0.07000000000000739,CLOSED,0.0,NEXT50IETF-EQ
SELL,2026-07-30T13:05:00+05:30,76.35,-0.0027732595509648494,0.018856180831641704,13,-0.6115317408158301,2.0614692653673163,2026-07-30T15:02:00+05:30,76.47,0.12000000000000455,CLOSED,1.0,NEXT50IETF-EQ
BUY,2026-07-30T15:02:00+05:30,76.47,0.005581345443116835,0.04157990967870283,15,-0.513883027886791,0.4036458333333333,2026-08-03T15:02:00+05:30,78.22,1.75,CLOSED,1.0,NEXT50IETF-EQ
SELL,2026-08-03T15:02:00+05:30,78.22,-0.0019662377032846033,0.020027758514400678,15,-0.5422294953898109,0.2337312166747455,2026-08-04T09:22:00+05:30,78.4,0.18000000000000682,CLOSED,1.0,NEXT50IETF-EQ
BUY,2026-08-04T09:22:00+05:30,78.4,0.005154972848491162,0.09635582205785295,9,-0.4530006452696143,1.1585111089264648,2026-08-04T11:49:00+05:30,78.3,-0.10000000000000853,CLOSED,0.0,NEXT50IETF-EQ
SELL,2026-08-04T11:49:00+05:30,78.3,-0.004955154637564224,0.03368151487751916,11,1.1560907800924252,2.3431793770139633,2026-08-05T09:18:00+05:30,78.75,0.45000000000000284,CLOSED,1.0,NEXT50IETF-EQ
BUY,2026-08-05T09:18:00+05:30,78.75,0.010308693469918641,0.2689506357018812,9,18.688231822763125,0.7450747156345253,2026-08-05T11:55:00+05:30,78.48,-0.269999999999996,CLOSED,0.0,NEXT50IETF-EQ
SELL,2026-08-05T11:55:00+05:30,78.48,-0.0038652566417119055,0.05232377832093049,11,1.0640635947345527,1.6334390575441777,2026-08-06T09:24:00+05:30,78.55,0.06999999999999318,CLOSED,1.0,NEXT50IETF-EQ
BUY,2026-08-06T09:24:00+05:30,78.55,0.0032892812127342233,0.03314949304120452,9,-0.8287462219605524,2.0756245204194728,2026-08-06T13:25:00+05:30,78.58,0.030000000000001137,CLOSED,1.0,NEXT50IETF-EQ
SELL,2026-08-06T13:25:00+05:30,78.58,-0.0009907459467214438,0.03414023367751918,13,5.318777176445913,0.7567380787836905,2026-08-06T14:34:00+05:30,78.68,0.10000000000000853,CLOSED,1.0,NEXT50IETF-EQ
BUY,2026-08-06T14:34:00+05:30,78.68,0.0021357588120182744,0.023664319132403234,14,0.7419199210276896,0.1786208806424813,2026-08-06T15:07:00+05:30,78.54,-0.14000000000000057,CLOSED,0.0,NEXT50IETF-EQ
SELL,2026-08-06T15:07:00+05:30,78.54,-0.0006679687643837518,0.031340424729447425,15,-0.5192270526384279,0.07737138263665594,2026-08-07T09:20:00+05:30,78.76,0.21999999999999886,CLOSED,1.0,NEXT50IETF-EQ
BUY,2026-08-07T09:20:00+05:30,78.76,0.006119992194838296,0.12747112962898585,9,1.1035314545042783,0.44585110774735104,2026-08-07T12:04:00+05:30,78.69,-0.07000000000000739,CLOSED,0.0,NEXT50IETF-EQ
SELL,2026-08-07T12:04:00+05:30,78.69,-0.0013888658185951298,0.02898275349237932,12,28.97613876577844,2.4869744554598743,2026-08-07T14:34:00+05:30,78.79,0.10000000000000853,CLOSED,1.0,NEXT50IETF-EQ
BUY,2026-08-07T14:34:00+05:30,78.79,0.0026482765940993402,0.0305686840482951,14,0.3195275588035215,1.8071965628356605,,,,OPEN,,NEXT50IETF-EQ
BUY,2026-06-24T13:24:00+05:30,120.49,0.0032418976350797315,0.06494442068244143,13,-0.5054113962019745,0.23662008963880832,2026-06-24T14:52:00+05:30,120.28,-0.20999999999999375,CLOSED,0.0,ICICIB22-EQ
SELL,2026-06-24T14:52:00+05:30,120.28,-0.0012320931571389076,0.0554276304943866,14,7.7647055968858245,0.010486577181208054,2026-06-25T12:11:00+05:30,120.15,-0.12999999999999545,CLOSED,0.0,ICICIB22-EQ
BUY,2026-06-25T12:11:00+05:30,120.15,0.001764396165711041,0.047093288033201466,12,2.0432537054769084,2.1738438693254136,2026-06-25T12:31:00+05:30,119.82,-0.3300000000000125,CLOSED,0.0,ICICIB22-EQ
SELL,2026-06-25T12:31:00+05:30,119.82,-0.0026029101404962353,0.09335713982098588,12,0.3316423578578239,0.6702380952380952,2026-06-30T09:19:00+05:30,119.31,-0.5099999999999909,CLOSED,0.0,ICICIB22-EQ
BUY,2026-06-30T09:19:00+05:30,119.31,0.002780907488842553,0.07842901957254854,9,-0.6306261620392895,0.013427324605572341,2026-06-30T09:43:00+05:30,118.81,-0.5,CLOSED,0.0,ICICIB22-EQ
SELL,2026-06-30T09:43:00+05:30,118.81,-0.0065254270550894194,0.05621387729022044,9,-0.9151023881024931,0.7035175879396985,2026-06-30T14:53:00+05:30,118.75,-0.060000000000002274,CLOSED,0.0,ICICIB22-EQ
BUY,2026-06-30T14:53:00+05:30,118.75,0.001007642064392599,0.03657564459825282,14,0.2601307172540477,0.5238589211618256,2026-06-30T15:00:00+05:30,118.49,-0.2600000000000051,CLOSED,0.0,ICICIB22-EQ
SELL,2026-06-30T15:00:00+05:30,118.49,-0.0027302277110595095,0.06762642481555058,15,-0.004624277429917537,1.9192799070847852,2026-07-01T10:03:00+05:30,118.75,0.2600000000000051,CLOSED,1.0,ICICIB22-EQ
BUY,2026-07-01T10:03:00+05:30,118.75,0.0014716346775344297,0.05313504806936177,10,0.5095389486902269,0.4344391785150079,2026-07-01T13:27:00+05:30,118.79,0.04000000000000625,CLOSED,1.0,ICICIB22-EQ
SELL,2026-07-01T13:27:00+05:30,118.79,-3.8227897907205957e-05,0.04001388647845906,13,-0.48181817086776885,1.1403508771929824,2026-07-01T13:42:00+05:30,118.9,0.10999999999999943,CLOSED,1.0,ICICIB22-EQ
BUY,2026-07-01T13:42:00+05:30,118.9,0.0011996760475305116,0.0509465951321146,13,0.583333328049517,1.5160183066361554,2026-07-02T09:21:00+05:30,118.5,-0.4000000000000057,CLOSED,0.0,ICICIB22-EQ
SELL,2026-07-02T09:21:00+05:30,118.5,-0.009451856828225462,0.13636552187248369,9,-0.8663493879506281,0.2998661311914324,2026-07-02T11:08:00+05:30,119.0,0.5,CLOSED,1.0,ICICIB22-EQ
BUY,2026-07-02T11:08:00+05:30,119.0,0.00491836472961803,0.0481779110289254,11,-0.593643585148571,0.5167597765363129,2026-07-02T11:25:00+05:30,118.81,-0.18999999999999773,CLOSED,0.0,ICICIB22-EQ
SELL,2026-07-02T11:25:00+05:30,118.81,-0.0007094659456934628,0.05501514942874064,11,-0.49598930149739767,1.0344827586206895,2026-07-02T14:44:00+05:30,118.91,0.09999999999999432,CLOSED,1.0,ICICIB22-EQ
BUY,2026-07-02T14:44:00+05:30,118.91,0.004150624680240153,0.07814516406449455,14,-0.791345582703993,0.2130681818181818,2026-07-03T13:08:00+05:30,119.01,0.10000000000000853,CLOSED,1.0,ICICIB22-EQ
SELL,2026-07-03T13:08:00+05:30,119.01,-0.00035110639806525953,0.06596295256514252,13,0.2108433719062999,0.7649253731343283,2026-07-06T10:06:00+05:30,118.97,-0.04000000000000625,CLOSED,0.0,ICICIB22-EQ
BUY,2026-07-06T10:06:00+05:30,118.97,0.0008388210700907565,0.03628590176179547,10,-0.6080751167999294,0.41686631528509827,2026-07-06T10:35:00+05:30,118.84,-0.12999999999999545,CLOSED,0.0,ICICIB22-EQ
SELL,2026-07-06T10:35:00+05:30,118.84,-0.001469581752867998,0.029608557321602846,10,-0.9457636884882527,0.818278427205101,2026-07-06T10:51:00+05:30,118.95,0.10999999999999943,CLOSED,1.0,ICICIB22-EQ
BUY,2026-07-06T10:51:00+05:30,118.95,0.001299344867743743,0.024855135843074687,10,-0.17961164975885247,1.5236686390532543,2026-07-06T10:59:00+05:30,118.86,-0.09000000000000341,CLOSED,0.0,ICICIB22-EQ
SELL,2026-07-06T10:59:00+05:30,118.86,-0.0013417973841782678,0.04268749491621901,10,0.23965351183997352,0.45031055900621114,2026-07-06T11:23:00+05:30,118.96,0.09999999999999432,CLOSED,1.0,ICICIB22-EQ
BUY,2026-07-06T11:23:00+05:30,118.96,0.0003961603143443907,0.029458068127047717,11,-0.707623105222984,0.8947368421052632,2026-07-06T14:14:00+05:30,118.9,-0.05999999999998806,CLOSED,0.0,ICICIB22-EQ
SELL,2026-07-06T14:14:00+05:30,118.9,-0.003063772761790756,0.046439925351648294,14,-0.7214397439636953,1.8117977528089886,2026-07-07T14:36:00+05:30,118.39,-0.5100000000000051,CLOSED,0.0,ICICIB22-EQ
BUY,2026-07-07T14:36:00+05:30,118.39,0.0007912742096443298,0.04402019738458411,14,1.0232954516383654,0.22465599550688006,2026-07-07T15:12:00+05:30,118.16,-0.23000000000000398,CLOSED,0.0,ICICIB22-EQ
SELL,2026-07-07T15:12:00+05:30,118.16,-0.0006491408206308661,0.04643992535164799,15,-0.1178416372567277,1.1917037731427234,2026-07-09T12:01:00+05:30,116.65,-1.509999999999991,CLOSED,0.0,ICICIB22-EQ
BUY,2026-07-09T12:01:00+05:30,116.65,0.0011594382125698873,0.03928528138289519,12,-0.8012909156263465,1.75754060324826,2026-07-09T12:40:00+05:30,116.36,-0.29000000000000625,CLOSED,0.0,ICICIB22-EQ
SELL,2026-07-09T12:40:00+05:30,116.36,-0.0009567233108018254,0.03687817782916943,12,-0.4818181793847567,0.9892787524366472,2026-07-10T09:24:00+05:30,116.98,0.6200000000000045,CLOSED,1.0,ICICIB22-EQ
BUY,2026-07-10T09:24:00+05:30,116.98,0.0029397261324550566,0.2843784645698597,9,-0.870818574935646,1.7383853769992383,2026-07-10T11:46:00+05:30,116.74,-0.2400000000000091,CLOSED,0.0,ICICIB22-EQ
SELL,2026-07-10T11:46:00+05:30,116.74,-0.0029739983302244167,0.028751811537130318,11,0.3158536566106485,0.8897126969416126,2026-07-10T12:45:00+05:30,117.0,0.2600000000000051,CLOSED,1.0,ICICIB22-EQ
BUY,2026-07-10T12:45:00+05:30,117.0,0.005052999385200476,0.05986094998689485,12,-0.6555984530671874,2.085201793721973,2026-07-13T09:20:00+05:30,116.49,-0.5100000000000051,CLOSED,0.0,ICICIB22-EQ
SELL,2026-07-13T09:20:00+05:30,116.49,-0.009196881990798633,0.430503581092344,9,4.30744335872582,0.26646341463414636,2026-07-13T12:53:00+05:30,117.04,0.5500000000000114,CLOSED,1.0,ICICIB22-EQ
BUY,2026-07-13T12:53:00+05:30,117.04,0.004351071212898307,0.07489993324429496,12,3.181249975146485,2.371076233183856,2026-07-14T09:30:00+05:30,116.84,-0.20000000000000284,CLOSED,0.0,ICICIB22-EQ
SELL,2026-07-14T09:30:00+05:30,116.84,-0.003043943913995476,0.03446415206816654,9,-0.37700282663288687,1.3577912254160365,2026-07-15T09:25:00+05:30,116.58,-0.2600000000000051,CLOSED,0.0,ICICIB22-EQ
BUY,2026-07-15T09:25:00+05:30,116.58,0.00563275297240057,0.0656590520119742,9,0.9379824315438084,2.38325779425903,2026-07-15T11:46:00+05:30,116.38,-0.20000000000000284,CLOSED,0.0,ICICIB22-EQ
SELL,2026-07-15T11:46:00+05:30,116.38,-0.002013889579765153,0.06535373831014615,11,2.347290611486569,0.08830022075055187,2026-07-16T11:03:00+05:30,116.01,-0.36999999999999034,CLOSED,0.0,ICICIB22-EQ
BUY,2026-07-16T11:03:00+05:30,116.01,0.003493750389466488,0.027588242262077598,11,-0.2782171089927494,1.521414342629482,2026-07-16T11:48:00+05:30,115.83,-0.18000000000000682,CLOSED,0.0,ICICIB22-EQ
SELL,2026-07-16T11:48:00+05:30,115.83,-0.0018524446729655814,0.035730472522297184,11,-0.9099999991574073,0.06172839506172839,2026-07-17T09:52:00+05:30,115.72,-0.10999999999999943,CLOSED,0.0,ICICIB22-EQ
BUY,2026-07-17T09:52:00+05:30,115.72,0.0025875681887737915,0.045716517802649986,9,-0.9471824069156416,0.19206939281288724,2026-07-17T11:34:00+05:30,115.59,-0.12999999999999545,CLOSED,0.0,ICICIB22-EQ
SELL,2026-07-17T11:34:00+05:30,115.59,-0.0005940695498607484,0.03259175083088017,11,-0.6312443204757298,0.3263546798029556,2026-07-17T12:12:00+05:30,115.78,0.18999999999999773,CLOSED,1.0,ICICIB22-EQ
BUY,2026-07-17T12:12:00+05:30,115.78,0.001242815093153365,0.015055453054179251,12,0.06758448017781916,0.017584994138335287,2026-07-17T12:34:00+05:30,115.65,-0.12999999999999545,CLOSED,0.0,ICICIB22-EQ
SELL,2026-07-17T12:34:00+05:30,115.65,-0.0005769184578374994,0.039510898637097426,12,0.7335058167302341,1.291044776119403,2026-07-17T12:36:00+05:30,115.74,0.0899999999999892,CLOSED,1.0,ICICIB22-EQ
BUY,2026-07-17T12:36:00+05:30,115.74,0.0005244795597176106,0.042216373863965394,12,0.3372287131167415,1.321785268414482,2026-07-17T12:38:00+05:30,115.66,-0.0799999999999983,CLOSED,0.0,ICICIB22-EQ
SELL,2026-07-17T12:38:00+05:30,115.66,-0.0015036218193703696,0.03583914681523909,12,0.3796376169989749,0.10475297060662914,2026-07-17T12:49:00+05:30,115.76,0.10000000000000853,CLOSED,1.0,ICICIB22-EQ
BUY,2026-07-17T12:49:00+05:30,115.76,0.00027267761556457705,0.03566822426505304,12,0.9927272697190084,1.094890510948905,2026-07-17T13:47:00+05:30,115.64,-0.12000000000000455,CLOSED,0.0,ICICIB22-EQ
SELL,2026-07-17T13:47:00+05:30,115.64,-0.002260266189186651,0.023475755815544307,13,-0.2682119183095039,0.3506787330316742,2026-07-17T14:19:00+05:30,115.78,0.14000000000000057,CLOSED,1.0,ICICIB22-EQ
BUY,2026-07-17T14:19:00+05:30,115.78,0.002216459182057492,0.1576247301522057,14,3.3715735869463273,0.07431490942870413,2026-07-20T12:49:00+05:30,115.95,0.1700000000000017,CLOSED,1.0,ICICIB22-EQ
SELL,2026-07-20T12:49:00+05:30,115.95,-0.0012891415173633108,0.03326659986633461,12,0.07435897340565416,1.0560859188544154,2026-07-20T13:00:00+05:30,116.19,0.23999999999999488,CLOSED,1.0,ICICIB22-EQ
BUY,2026-07-20T13:00:00+05:30,116.19,0.0005617555020852674,0.0584997625826133,13,-0.94948574342567,1.0760309278350517,2026-07-21T11:19:00+05:30,116.4,0.21000000000000796,CLOSED,1.0,ICICIB22-EQ
SELL,2026-07-21T11:19:00+05:30,116.4,-0.0007271492742488355,0.039510898637098425,11,9.886868587001327,0.9593616626461311,2026-07-21T14:54:00+05:30,116.35,-0.05000000000001137,CLOSED,0.0,ICICIB22-EQ
BUY,2026-07-21T14:54:00+05:30,116.35,0.003702197373047718,0.045325979795744605,14,-0.9356683334099734,1.1944444444444444,2026-07-22T09:19:00+05:30,115.91,-0.4399999999999977,CLOSED,0.0,ICICIB22-EQ
SELL,2026-07-22T09:19:00+05:30,115.91,-0.009539632592375412,0.19332183873875403,9,4.786138598065549,0.41181838923112024,2026-07-22T13:48:00+05:30,115.84,-0.06999999999999318,CLOSED,0.0,ICICIB22-EQ
BUY,2026-07-22T13:48:00+05:30,115.84,0.00031989944048102834,0.029907264074879106,13,22.202701952611417,1.492428654630169,2026-07-22T13:49:00+05:30,115.74,-0.10000000000000853,CLOSED,0.0,ICICIB22-EQ
SELL,2026-07-22T13:49:00+05:30,115.74,-0.001983608647587777,0.030840089349922446,13,12.199999751020412,1.5893630179344467,2026-07-22T15:13:00+05:30,115.97,0.23000000000000398,CLOSED,1.0,ICICIB22-EQ
BUY,2026-07-22T15:13:00+05:30,115.97,0.004482527791462777,0.027080128015452478,15,-0.05054509402739083,0.6837160751565762,2026-07-22T15:28:00+05:30,115.68,-0.28999999999999204,CLOSED,0.0,ICICIB22-EQ
SELL,2026-07-22T15:28:00+05:30,115.68,-0.0019059833314708174,0.08130190649671196,15,-0.0773512698148258,0.18633735545500252,2026-07-23T10:46:00+05:30,115.84,0.1599999999999966,CLOSED,1.0,ICICIB22-EQ
BUY,2026-07-23T10:46:00+05:30,115.84,0.0032644274436130494,0.06535373831014574,10,1.049681521976551,2.310441267868241,2026-07-23T11:56:00+05:30,115.67,-0.1700000000000017,CLOSED,0.0,ICICIB22-EQ
SELL,2026-07-23T11:56:00+05:30,115.67,-0.0022587006995590576,0.033482997343596194,11,0.05900621072200142,0.05131964809384164,2026-07-24T11:45:00+05:30,115.0,-0.6700000000000017,CLOSED,0.0,ICICIB22-EQ
BUY,2026-07-24T11:45:00+05:30,115.0,0.001983740069572046,0.024404006956963195,11,-0.846035408598786,1.8375,2026-07-27T12:27:00+05:30,115.67,0.6700000000000017,CLOSED,1.0,ICICIB22-EQ
SELL,2026-07-27T12:27:00+05:30,115.67,-0.0014030625619139057,0.034785054261851266,12,19.066665395555642,2.166112956810631,2026-07-29T09:19:00+05:30,115.32,-0.3500000000000085,CLOSED,0.0,ICICIB22-EQ
BUY,2026-07-29T09:19:00+05:30,115.32,0.01566696353279174,0.20234459057097093,9,0.34335184552160075,0.3912329766536965,2026-07-29T15:24:00+05:30,115.25,-0.06999999999999318,CLOSED,0.0,ICICIB22-EQ
SELL,2026-07-29T15:24:00+05:30,115.25,-0.0012184411283960779,0.04033195589934325,15,-0.14907192532171726,1.5712338104976142,2026-07-30T09:23:00+05:30,115.38,0.12999999999999545,CLOSED,1.0,ICICIB22-EQ
BUY,2026-07-30T09:23:00+05:30,115.38,0.00010001448209824027,0.10708771067577341,9,-0.8383168550528592,0.7923191648023863,2026-07-30T10:10:00+05:30,115.2,-0.1799999999999926,CLOSED,0.0,ICICIB22-EQ
SELL,2026-07-30T10:10:00+05:30,115.2,-0.0014994229358994543,0.0659966329107447,10,0.3573315708146249,1.4695863746958637,2026-07-30T10:50:00+05:30,115.53,0.3299999999999983,CLOSED,1.0,ICICIB22-EQ
BUY,2026-07-30T10:50:00+05:30,115.53,0.0024435057974137296,0.11318127053536804,10,-0.20636451202331485,0.44957472660996356,2026-07-30T14:00:00+05:30,115.37,-0.1599999999999966,CLOSED,0.0,ICICIB22-EQ
SELL,2026-07-30T14:00:00+05:30,115.37,-0.0008192912717906444,0.06045200116161926,14,16.509689762503005,2.49557277255119,2026-07-30T14:02:00+05:30,115.45,0.0799999999999983,CLOSED,1.0,ICICIB22-EQ
BUY,2026-07-30T14:02:00+05:30,115.45,2.530314302503758e-05,0.05103375789067761,14,17.84583314743924,2.234413000221092,2026-07-30T14:08:00+05:30,115.36,-0.09000000000000341,CLOSED,0.0,ICICIB22-EQ
SELL,2026-07-30T14:08:00+05:30,115.36,-0.0022656073584267117,0.03802046232695497,14,-0.9736958438474271,0.6827731092436975,2026-07-30T15:12:00+05:30,115.55,0.18999999999999773,CLOSED,1.0,ICICIB22-EQ
BUY,2026-07-30T15:12:00+05:30,115.55,0.002495514552946264,0.058509258526609376,15,-0.634420095357536,2.2130847953216373,2026-07-31T11:29:00+05:30,115.47,-0.0799999999999983,CLOSED,0.0,ICICIB22-EQ
SELL,2026-07-31T11:29:00+05:30,115.47,-0.0008623445018059677,0.027264140062239074,11,0.8664921352553384,0.1332398316970547,2026-07-31T12:31:00+05:30,115.58,0.10999999999999943,CLOSED,1.0,ICICIB22-EQ
BUY,2026-07-31T12:31:00+05:30,115.58,1.097291049725169e-05,0.0205750658160121,12,-0.19696969199571487,0.7547169811320754,2026-08-03T15:29:00+05:30,115.22,-0.35999999999999943,CLOSED,0.0,ICICIB22-EQ
SELL,2026-08-03T15:29:00+05:30,115.22,-0.053373662832083266,0.056134758493389274,15,7.09230765821006,0.2269486692015209,2026-08-04T09:20:00+05:30,117.13,1.9099999999999966,CLOSED,1.0,ICICIB22-EQ
BUY,2026-08-04T09:20:00+05:30,117.13,0.001138135078519273,0.5567924009698569,9,-0.6760292087344714,0.04303842399503061,2026-08-04T12:02:00+05:30,117.0,-0.12999999999999545,CLOSED,0.0,ICICIB22-EQ
SELL,2026-08-04T12:02:00+05:30,117.0,-0.008125796328670106,0.04396968652757555,12,0.905660372611843,0.14163916391639164,2026-08-04T13:49:00+05:30,117.27,0.269999999999996,CLOSED,1.0,ICICIB22-EQ
BUY,2026-08-04T13:49:00+05:30,117.27,0.0021510597314601254,0.047621190427975794,13,-0.6501737664988402,0.005632937320770176,2026-08-04T13:58:00+05:30,117.11,-0.1599999999999966,CLOSED,0.0,ICICIB22-EQ
SELL,2026-08-04T13:58:00+05:30,117.11,-0.0020887964780264027,0.06511528238439922,13,2.650793440413219,0.9565217391304348,2026-08-04T14:20:00+05:30,117.39,0.28000000000000114,CLOSED,1.0,ICICIB22-EQ
BUY,2026-08-04T14:20:00+05:30,117.39,0.00324561206659504,0.06450667493454612,14,1.438496574951614,0.33512377393741244,2026-08-04T15:02:00+05:30,117.06,-0.3299999999999983,CLOSED,0.0,ICICIB22-EQ
SELL,2026-08-04T15:02:00+05:30,117.06,-0.0036513488627671867,0.03765338999051481,15,-0.7926735651437539,1.9720082938388623,2026-08-05T09:15:00+05:30,117.94,0.8799999999999955,CLOSED,1.0,ICICIB22-EQ
BUY,2026-08-05T09:15:00+05:30,117.94,0.0031344171356902243,0.11806307165616306,9,3.9180887149141705,2.357737682165163,2026-08-05T11:41:00+05:30,117.47,-0.46999999999999886,CLOSED,0.0,ICICIB22-EQ
SELL,2026-08-05T11:41:00+05:30,117.47,-0.00012388022863430248,0.04709328803319858,11,-0.6738002572185465,0.6560636182902585,2026-08-06T13:30:00+05:30,117.27,-0.20000000000000284,CLOSED,0.0,ICICIB22-EQ
BUY,2026-08-06T13:30:00+05:30,117.27,0.0005417010685753313,0.038600518131238416,13,-0.565244277782176,1.166429587482219,2026-08-07T10:34:00+05:30,117.32,0.04999999999999716,CLOSED,1.0,ICICIB22-EQ
SELL,2026-08-07T10:34:00+05:30,117.32,-0.001061364316038247,0.02915475947422544,10,0.58354591650655,0.3221908981071285,2026-08-07T10:54:00+05:30,117.45,0.13000000000000966,CLOSED,1.0,ICICIB22-EQ
BUY,2026-08-07T10:54:00+05:30,117.45,0.0017238727073605098,0.03657564459825307,10,-0.5104079912139551,0.06802721088435375,2026-08-07T12:06:00+05:30,117.32,-0.13000000000000966,CLOSED,0.0,ICICIB22-EQ
SELL,2026-08-07T12:06:00+05:30,117.32,-0.0009927595997228978,0.018529256146251623,12,-0.8622589412911992,0.6,,,,OPEN,,ICICIB22-EQ
BUY,2026-06-24T14:44:00+05:30,114.2,0.02093189470715778,0.47143398265292685,14,11.433173394722594,2.36972875602514,2026-06-25T11:06:00+05:30,113.61,-0.5900000000000034,CLOSED,0.0,ZEEL-EQ
SELL,2026-06-25T11:06:00+05:30,113.61,-0.012722964019641923,0.4749280647284032,11,13.178915858502476,1.577037669615653,2026-07-01T09:23:00+05:30,105.33,-8.280000000000001,CLOSED,0.0,ZEEL-EQ
BUY,2026-07-01T09:23:00+05:30,105.33,0.041945096721190324,0.8148183164907911,9,-0.6003129831272146,0.824425895271026,2026-07-01T12:38:00+05:30,107.55,2.219999999999999,CLOSED,1.0,ZEEL-EQ
SELL,2026-07-01T12:38:00+05:30,107.55,-0.011625749467686046,0.07183313998427311,12,-0.015282613147003127,0.7581823381079886,2026-07-01T13:17:00+05:30,108.16,0.6099999999999994,CLOSED,1.0,ZEEL-EQ
BUY,2026-07-01T13:17:00+05:30,108.16,0.011498083470580341,0.18024982662959732,13,-0.6389664168625001,1.043537957165674,2026-07-01T13:32:00+05:30,107.45,-0.7099999999999937,CLOSED,0.0,ZEEL-EQ
SELL,2026-07-01T13:32:00+05:30,107.45,-0.01224079813088846,0.1362228566235,13,-0.20168181147200995,0.8340991614182469,2026-07-01T15:03:00+05:30,108.2,0.75,CLOSED,1.0,ZEEL-EQ
BUY,2026-07-01T15:03:00+05:30,108.2,0.013372606807860192,0.24111085509459312,15,0.3144872569294185,0.547001342260172,2026-07-02T09:16:00+05:30,104.9,-3.299999999999997,CLOSED,0.0,ZEEL-EQ
SELL,2026-07-02T09:16:00+05:30,104.9,-0.11010850397165385,0.8096748318512398,9,1.306224406957021,1.7927906264718063,2026-07-02T13:15:00+05:30,107.6,2.6999999999999886,CLOSED,1.0,ZEEL-EQ
BUY,2026-07-02T13:15:00+05:30,107.6,0.0471724071174146,1.3354520666134828,13,105.2561447948457,1.2189123917964229,2026-07-03T11:37:00+05:30,106.66,-0.9399999999999977,CLOSED,0.0,ZEEL-EQ
SELL,2026-07-03T11:37:00+05:30,106.66,-0.0013810987602148367,0.1423024947075793,11,-0.1744570349288156,2.075214129117475,2026-07-03T12:11:00+05:30,107.05,0.39000000000000057,CLOSED,1.0,ZEEL-EQ
BUY,2026-07-03T12:11:00+05:30,107.05,0.008149367354355213,0.05853773711604019,12,2.6758004398873876,1.13047711220951,2026-07-03T13:01:00+05:30,106.32,-0.730000000000004,CLOSED,0.0,ZEEL-EQ
SELL,2026-07-03T13:01:00+05:30,106.32,-0.0017431359534337495,0.19509541825020424,13,3.9876170198462297,1.9325597510830457,2026-07-07T11:40:00+05:30,103.65,-2.6699999999999875,CLOSED,0.0,ZEEL-EQ
BUY,2026-07-07T11:40:00+05:30,103.65,0.01872473990902495,1.021373802505451,11,0.5137695918503187,0.7222156820255949,2026-07-07T13:44:00+05:30,102.29,-1.3599999999999994,CLOSED,0.0,ZEEL-EQ
SELL,2026-07-07T13:44:00+05:30,102.29,-0.002765208047212569,0.05638163609623744,13,0.6117393599548794,0.6139940720546513,2026-07-08T13:09:00+05:30,101.55,-0.7400000000000091,CLOSED,0.0,ZEEL-EQ
BUY,2026-07-08T13:09:00+05:30,101.55,0.008229128926880979,0.4290571057563304,13,0.5425649538993088,0.302263995594884,2026-07-08T14:04:00+05:30,100.2,-1.3499999999999943,CLOSED,0.0,ZEEL-EQ
SELL,2026-07-08T14:04:00+05:30,100.2,-0.02279461161752463,0.2385511824885121,14,1.0150732021329916,1.0093179449758023,2026-07-09T12:13:00+05:30,100.43,0.23000000000000398,CLOSED,1.0,ZEEL-EQ
BUY,2026-07-09T12:13:00+05:30,100.43,0.00582099786430389,0.29938640954830026,12,0.26490656926950856,1.320332381257452,2026-07-09T15:15:00+05:30,99.64,-0.7900000000000063,CLOSED,0.0,ZEEL-EQ
SELL,2026-07-09T15:15:00+05:30,99.64,-0.012051591519463084,0.0890942073188709,15,-0.2234716063063544,1.3418336930825367,2026-07-10T09:40:00+05:30,100.2,0.5600000000000023,CLOSED,1.0,ZEEL-EQ
BUY,2026-07-10T09:40:00+05:30,100.2,0.000384569727096975,0.055936471902407574,9,-0.42233570281949545,1.1210415432220686,2026-07-10T12:07:00+05:30,100.63,0.4299999999999926,CLOSED,1.0,ZEEL-EQ
SELL,2026-07-10T12:07:00+05:30,100.63,-0.0007073119061464995,0.0421768762343631,12,1.4694402101871784,1.0366414523449319,2026-07-10T12:08:00+05:30,100.7,0.07000000000000739,CLOSED,1.0,ZEEL-EQ
BUY,2026-07-10T12:08:00+05:30,100.7,0.0008071938220560065,0.042804464979976725,12,1.3155206516908975,1.1884315750551455,2026-07-10T12:10:00+05:30,100.65,-0.04999999999999716,CLOSED,0.0,ZEEL-EQ
SELL,2026-07-10T12:10:00+05:30,100.65,-0.00044188256346582375,0.04808557187163559,12,0.5620195720864061,1.546834392323883,2026-07-13T11:17:00+05:30,98.72,-1.9300000000000068,CLOSED,0.0,ZEEL-EQ
BUY,2026-07-13T11:17:00+05:30,98.72,0.0034043352853278326,0.11442610424782311,11,1.316854582212599,0.4068781075425697,2026-07-13T11:28:00+05:30,98.16,-0.5600000000000023,CLOSED,0.0,ZEEL-EQ
SELL,2026-07-13T11:28:00+05:30,98.16,-0.011358711747737452,0.18306040290327869,11,0.27777844382334926,1.6801425227177833,2026-07-13T13:51:00+05:30,99.41,1.25,CLOSED,1.0,ZEEL-EQ
BUY,2026-07-13T13:51:00+05:30,99.41,0.036816504407883116,0.18941136889497015,13,0.5830968484977118,1.8075005054248938,2026-07-14T13:35:00+05:30,103.24,3.8299999999999983,CLOSED,1.0,ZEEL-EQ
SELL,2026-07-14T13:35:00+05:30,103.24,-0.007517081673152602,0.04779586221049193,13,-0.4400177913190997,0.8618801770112334,2026-07-15T09:54:00+05:30,103.35,0.10999999999999943,CLOSED,1.0,ZEEL-EQ
BUY,2026-07-15T09:54:00+05:30,103.35,0.0046078447169943075,0.07832269431297778,9,0.12836563256835948,0.33801890927305744,2026-07-15T10:38:00+05:30,103.05,-0.29999999999999716,CLOSED,0.0,ZEEL-EQ
SELL,2026-07-15T10:38:00+05:30,103.05,-0.0026313942930142574,0.056184220797895354,10,0.9017972107460058,1.7446622865153003,2026-07-16T10:10:00+05:30,104.69,1.6400000000000006,CLOSED,1.0,ZEEL-EQ
BUY,2026-07-16T10:10:00+05:30,104.69,0.05050141873110012,1.8190745510347341,10,4.922581246119122,0.6094414153688903,2026-07-17T09:29:00+05:30,104.09,-0.5999999999999943,CLOSED,0.0,ZEEL-EQ
SELL,2026-07-17T09:29:00+05:30,104.09,-0.029273567824645484,0.14416040448827064,9,-0.29951297133541344,0.6153924617352565,2026-07-17T10:22:00+05:30,105.4,1.3100000000000023,CLOSED,1.0,ZEEL-EQ
BUY,2026-07-17T10:22:00+05:30,105.4,0.007721056409501133,0.3228845682971622,10,-0.5644618071861601,1.0762358761302098,2026-07-20T15:11:00+05:30,107.16,1.759999999999991,CLOSED,1.0,ZEEL-EQ
SELL,2026-07-20T15:11:00+05:30,107.16,-0.0028439535922209053,0.1504216296503467,15,1.5002836492761187,1.492728056541913,2026-07-21T09:20:00+05:30,108.0,0.8400000000000034,CLOSED,1.0,ZEEL-EQ
BUY,2026-07-21T09:20:00+05:30,108.0,0.004886572118004645,0.09786612170601992,9,0.9890314761407927,1.080947917592918,2026-07-21T11:54:00+05:30,107.99,-0.010000000000005116,CLOSED,0.0,ZEEL-EQ
SELL,2026-07-21T11:54:00+05:30,107.99,-0.0006605278497548331,0.04993328882953219,11,-0.4891430582223675,0.8523353540920364,2026-07-21T12:40:00+05:30,108.2,0.21000000000000796,CLOSED,1.0,ZEEL-EQ
BUY,2026-07-21T12:40:00+05:30,108.2,0.0017555317076118268,0.1074140483259898,12,-0.08302853190342431,0.6274717658091084,2026-07-21T13:07:00+05:30,108.07,-0.13000000000000966,CLOSED,0.0,ZEEL-EQ
SELL,2026-07-21T13:07:00+05:30,108.07,-0.0006792590226855672,0.04189935029991835,13,-0.4231407980419042,0.8334433850136024,2026-07-21T13:19:00+05:30,108.24,0.1700000000000017,CLOSED,1.0,ZEEL-EQ
BUY,2026-07-21T13:19:00+05:30,108.24,0.0006815409017340094,0.044522154285506425,13,-0.500208222864749,1.2698367609741317,2026-07-21T15:14:00+05:30,108.03,-0.20999999999999375,CLOSED,0.0,ZEEL-EQ
SELL,2026-07-21T15:14:00+05:30,108.03,-0.004007016665117122,0.06290204024247996,15,-0.7291883068621322,0.5629504741833509,2026-07-23T13:51:00+05:30,104.52,-3.510000000000005,CLOSED,0.0,ZEEL-EQ
BUY,2026-07-23T13:51:00+05:30,104.52,0.005820287110321677,0.035355339059328715,13,5.9749230985828445,0.19659665083225178,2026-07-23T14:46:00+05:30,104.1,-0.4200000000000017,CLOSED,0.0,ZEEL-EQ
SELL,2026-07-23T14:46:00+05:30,104.1,-0.001622284263807276,0.08866917289690988,14,-0.035591556206992815,1.3863942115405592,2026-07-24T11:56:00+05:30,103.24,-0.8599999999999994,CLOSED,0.0,ZEEL-EQ
BUY,2026-07-24T11:56:00+05:30,103.24,0.011593554889876621,0.12120231020900676,11,0.07307602663801006,0.23472773569821015,2026-07-28T13:21:00+05:30,108.26,5.02000000000001,CLOSED,1.0,ZEEL-EQ
SELL,2026-07-28T13:21:00+05:30,108.26,-0.02635893527999919,0.30390239661224794,13,2.0882044045245363,1.1777422696202762,2026-07-29T11:34:00+05:30,107.83,-0.4300000000000068,CLOSED,0.0,ZEEL-EQ
BUY,2026-07-29T11:34:00+05:30,107.83,0.0014826054147038233,0.05526702854726604,11,-0.18281192174801283,2.162887100707145,2026-07-29T11:43:00+05:30,107.64,-0.18999999999999773,CLOSED,0.0,ZEEL-EQ
SELL,2026-07-29T11:43:00+05:30,107.64,-0.0007918161067416303,0.056332347131404996,11,-0.5802215033845892,1.3065219083197135,2026-07-29T13:31:00+05:30,107.93,0.29000000000000625,CLOSED,1.0,ZEEL-EQ
BUY,2026-07-29T13:31:00+05:30,107.93,0.000816164687618843,0.11282237760696587,13,8.255647005304894,1.6575233013733435,2026-07-30T09:27:00+05:30,107.3,-0.6300000000000097,CLOSED,0.0,ZEEL-EQ
SELL,2026-07-30T09:27:00+05:30,107.3,-0.018525241026607547,0.18470396735196565,9,-0.3593597316542034,1.007767172338193,2026-07-30T12:12:00+05:30,108.19,0.8900000000000006,CLOSED,1.0,ZEEL-EQ
BUY,2026-07-30T12:12:00+05:30,108.19,0.0042593716560686825,0.2803747492196856,12,22.891479988656567,2.410872131758378,2026-07-31T14:30:00+05:30,114.72,6.530000000000001,CLOSED,1.0,ZEEL-EQ
SELL,2026-07-31T14:30:00+05:30,114.72,-0.0036458939619744128,0.07438637868140131,14,1.0121798657226262,0.7834670394869723,2026-08-04T15:06:00+05:30,99.54,-15.179999999999993,CLOSED,0.0,ZEEL-EQ
BUY,2026-08-04T15:06:00+05:30,99.54,0.00594310050897765,0.06972963661329418,15,0.23035670826770574,0.8711808131115114,2026-08-05T11:03:00+05:30,98.99,-0.5500000000000114,CLOSED,0.0,ZEEL-EQ
SELL,2026-08-05T11:03:00+05:30,98.99,-0.01193091786553603,0.38407319904182474,11,14.06689443294824,2.065056464000946,2026-08-07T09:38:00+05:30,92.88,-6.109999999999999,CLOSED,0.0,ZEEL-EQ
BUY,2026-08-07T09:38:00+05:30,92.88,0.00189426693705502,0.08469553313683623,9,-0.13260070191197357,0.7367113931909903,2026-08-07T09:40:00+05:30,92.76,-0.11999999999999034,CLOSED,0.0,ZEEL-EQ
SELL,2026-08-07T09:40:00+05:30,92.76,-0.0017720618792122405,0.10108302418199315,9,-0.42568379477888363,0.9437950758517782,2026-08-07T09:45:00+05:30,92.91,0.14999999999999147,CLOSED,1.0,ZEEL-EQ
BUY,2026-08-07T09:45:00+05:30,92.91,0.0013357192117469632,0.12587471725665914,9,-0.38766043488025737,0.4560443926471367,2026-08-07T09:46:00+05:30,92.79,-0.11999999999999034,CLOSED,0.0,ZEEL-EQ
SELL,2026-08-07T09:46:00+05:30,92.79,-0.0006864850586048968,0.10082437976776872,9,-0.328711104923174,0.6495590798488274,2026-08-07T09:50:00+05:30,92.89,0.09999999999999432,CLOSED,1.0,ZEEL-EQ
BUY,2026-08-07T09:50:00+05:30,92.89,8.007185089534736e-05,0.08937436868463783,9,0.11597888081986978,1.6267069099194609,2026-08-07T12:58:00+05:30,93.3,0.4099999999999966,CLOSED,1.0,ZEEL-EQ
SELL,2026-08-07T12:58:00+05:30,93.3,-0.002728552902295486,0.21014545227320705,12,4.05246338337999,1.2995098323711305,2026-08-07T14:40:00+05:30,94.1,0.7999999999999972,CLOSED,1.0,ZEEL-EQ
BUY,2026-08-07T14:40:00+05:30,94.1,0.0012881877925168162,0.11096045341572097,14,-0.11036728088582883,1.3843534468757783,,,,OPEN,,ZEEL-EQ
SELL,2026-06-25T13:00:00+05:30,30.55,-0.0013703764305451943,0.029514591494904832,13,-0.5026359139187513,1.5013249420337862,2026-07-02T09:21:00+05:30,29.49,-1.0600000000000023,CLOSED,0.0,IT-EQ
BUY,2026-07-02T09:21:00+05:30,29.49,0.03537565371909799,0.33947835800762866,9,0.5362180475660535,0.7784339534246314,2026-07-06T09:17:00+05:30,30.31,0.8200000000000003,CLOSED,1.0,IT-EQ
SELL,2026-07-06T09:17:00+05:30,30.31,-0.009183765433585228,0.030276503540975153,9,0.5488780851628873,1.7746939662457446,2026-07-06T15:29:00+05:30,30.35,0.0400000000000027,CLOSED,1.0,IT-EQ
BUY,2026-07-06T15:29:00+05:30,30.35,0.01579414434879631,0.0031622776601688734,15,1.5246329502045137,2.1287800465236497,2026-07-08T09:55:00+05:30,30.88,0.5299999999999976,CLOSED,1.0,IT-EQ
SELL,2026-07-08T09:55:00+05:30,30.88,-0.0027952301385725476,0.048534065928536894,9,-0.8210761359860707,0.10466988727858292,2026-07-09T12:47:00+05:30,30.52,-0.35999999999999943,CLOSED,0.0,IT-EQ
BUY,2026-07-09T12:47:00+05:30,30.52,0.004757081259351481,0.026246692913373497,12,4.739211985275741,2.0533671134357636,2026-07-14T11:58:00+05:30,32.02,1.5000000000000036,CLOSED,1.0,IT-EQ
SELL,2026-07-14T11:58:00+05:30,32.02,-0.005424070567365473,0.022705848487903055,11,3.671332291768621,2.36266785040506,2026-07-16T09:16:00+05:30,32.19,0.1699999999999946,CLOSED,1.0,IT-EQ
BUY,2026-07-16T09:16:00+05:30,32.19,0.014865221805469234,0.10954958288880437,9,4.745121326365925,1.9530511578449905,2026-07-16T14:19:00+05:30,31.97,-0.21999999999999886,CLOSED,0.0,IT-EQ
SELL,2026-07-16T14:19:00+05:30,31.97,-0.002702071732615368,0.035916569992136126,14,0.0,0.38207547169811323,2026-07-17T09:18:00+05:30,32.5,0.5300000000000011,CLOSED,1.0,IT-EQ
BUY,2026-07-17T09:18:00+05:30,32.5,0.016929960008508153,0.3078311225331188,9,12.778401930857918,0.5358598923113691,2026-07-20T12:22:00+05:30,32.37,-0.13000000000000256,CLOSED,0.0,IT-EQ
SELL,2026-07-20T12:22:00+05:30,32.37,-0.006586658937577867,0.020110804171996947,12,-0.9884728262541617,0.9114811568799299,2026-07-20T13:21:00+05:30,32.48,0.10999999999999943,CLOSED,1.0,IT-EQ
BUY,2026-07-20T13:21:00+05:30,32.48,0.0021620309445227488,0.023475755815545382,13,1.3600792437838554,0.00944386149003148,2026-07-21T09:17:00+05:30,32.35,-0.12999999999999545,CLOSED,0.0,IT-EQ
SELL,2026-07-21T09:17:00+05:30,32.35,-0.003227349160408469,0.015055453054181352,9,-0.503157894663281,0.4684557438794727,2026-07-21T09:22:00+05:30,32.52,0.1700000000000017,CLOSED,1.0,IT-EQ
BUY,2026-07-21T09:22:00+05:30,32.52,0.0032494466245287634,0.03772709017845609,9,-0.6520365368380432,0.020224533597490504,2026-07-21T10:01:00+05:30,32.39,-0.13000000000000256,CLOSED,0.0,IT-EQ
SELL,2026-07-21T10:01:00+05:30,32.39,-0.006251596257926036,0.03910100879630736,10,-0.6127735582564234,1.2802768166089964,2026-07-23T12:12:00+05:30,31.83,-0.5600000000000023,CLOSED,0.0,IT-EQ
BUY,2026-07-23T12:12:00+05:30,31.83,0.005588895493341362,0.021081851067788933,12,1.2297244834502825,1.8430212321615036,2026-07-23T12:40:00+05:30,31.66,-0.16999999999999815,CLOSED,0.0,IT-EQ
SELL,2026-07-23T12:40:00+05:30,31.66,-0.0011864610309380431,0.015951314818673488,12,0.09865330394824098,1.4010832383124288,2026-07-23T14:28:00+05:30,31.8,0.14000000000000057,CLOSED,1.0,IT-EQ
BUY,2026-07-23T14:28:00+05:30,31.8,0.001540889354231202,0.027080128015453647,14,-0.39773371048479644,0.14698965192850424,2026-07-24T10:01:00+05:30,31.65,-0.15000000000000213,CLOSED,0.0,IT-EQ
SELL,2026-07-24T10:01:00+05:30,31.65,-0.0028691577608408233,0.03071373199943869,10,-0.5457952326894054,0.49834983498349833,2026-07-24T12:45:00+05:30,31.78,0.13000000000000256,CLOSED,1.0,IT-EQ
BUY,2026-07-24T12:45:00+05:30,31.78,0.009182176836012699,0.025144029554194394,12,0.14858959048750592,0.5984088550674507,2026-07-30T13:47:00+05:30,34.91,3.1299999999999955,CLOSED,1.0,IT-EQ
SELL,2026-07-30T13:47:00+05:30,34.91,-0.006667537447131628,0.025495097567965974,13,0.4411335692638397,0.07554945054945054,2026-07-31T13:09:00+05:30,34.36,-0.5499999999999972,CLOSED,0.0,IT-EQ
BUY,2026-07-31T13:09:00+05:30,34.36,0.007195440125763639,0.036147844564602793,13,-0.328322784160754,0.3165488810365135,2026-07-31T13:24:00+05:30,34.21,-0.14999999999999858,CLOSED,0.0,IT-EQ
SELL,2026-07-31T13:24:00+05:30,34.21,-0.007504642570496439,0.03438345855527271,13,-0.8073612343883638,1.4766307139188497,2026-08-03T09:22:00+05:30,34.35,0.14000000000000057,CLOSED,1.0,IT-EQ
BUY,2026-08-03T09:22:00+05:30,34.35,0.009159397949577193,0.11199702376998047,9,-0.2105849908744667,0.6377285565631039,2026-08-04T12:19:00+05:30,34.79,0.4399999999999977,CLOSED,1.0,IT-EQ
SELL,2026-08-04T12:19:00+05:30,34.79,-4.519943206142537e-05,0.03852848873813214,12,5.523648601996211,2.266312791299845,2026-08-04T14:14:00+05:30,34.83,0.03999999999999915,CLOSED,1.0,IT-EQ
BUY,2026-08-04T14:14:00+05:30,34.83,0.0007355727603595209,0.022705848487902636,14,-0.8197855399173547,1.7178502879078694,2026-08-04T14:38:00+05:30,34.73,-0.10000000000000142,CLOSED,0.0,IT-EQ
SELL,2026-08-04T14:38:00+05:30,34.73,-0.00510701295137069,0.025495097567963188,14,0.2121475051928985,0.8486936292054403,2026-08-05T09:22:00+05:30,34.98,0.25,CLOSED,1.0,IT-EQ
BUY,2026-08-05T09:22:00+05:30,34.98,0.0029447336125980185,0.16298943387703205,9,-0.6889420043340733,1.412486659551761,2026-08-05T13:20:00+05:30,34.85,-0.12999999999999545,CLOSED,0.0,IT-EQ
SELL,2026-08-05T13:20:00+05:30,34.85,-0.003729241585823343,0.02110818693198367,13,1.4743852421250379,2.1030020703933747,2026-08-06T09:23:00+05:30,35.03,0.17999999999999972,CLOSED,1.0,IT-EQ
BUY,2026-08-06T09:23:00+05:30,35.03,0.018837415738854207,0.2882822690813061,9,-0.5673948198568427,0.2557408176585771,2026-08-06T09:39:00+05:30,34.77,-0.259999999999998,CLOSED,0.0,IT-EQ
SELL,2026-08-06T09:39:00+05:30,34.77,-0.002898395215489757,0.025385910352878998,9,-0.3672727266656649,0.14367816091954022,2026-08-06T09:41:00+05:30,34.94,0.1699999999999946,CLOSED,1.0,IT-EQ
BUY,2026-08-06T09:41:00+05:30,34.94,0.010645862578215431,0.03326659986633166,9,1.722640669644128,2.1082180634662326,2026-08-06T10:03:00+05:30,34.79,-0.14999999999999858,CLOSED,0.0,IT-EQ
SELL,2026-08-06T10:03:00+05:30,34.79,-0.0008820716838856718,0.04467164151400299,10,-0.9234572775677836,0.47157622739018085,2026-08-07T09:24:00+05:30,35.05,0.259999999999998,CLOSED,1.0,IT-EQ
BUY,2026-08-07T09:24:00+05:30,35.05,0.02652232842763409,0.2323790007724442,9,-0.38186142767400905,2.1112138323921843,,,,OPEN,,IT-EQ
BUY,2026-06-29T09:30:00+05:30,236.3,0.012357460206866715,0.24272755646334734,9,-0.02846019055483822,1.211934194881952,2026-06-29T11:02:00+05:30,234.65,-1.6500000000000057,CLOSED,0.0,ONGC-EQ
SELL,2026-06-29T11:02:00+05:30,234.65,-0.002923439104917001,0.2251542681017716,11,-0.5150347422320747,1.075189263592567,2026-06-29T11:57:00+05:30,235.55,0.9000000000000057,CLOSED,1.0,ONGC-EQ
BUY,2026-06-29T11:57:00+05:30,235.55,0.00246288391985295,0.13343745934165235,11,0.7857548194308351,1.0258307608498274,2026-06-29T12:56:00+05:30,235.1,-0.45000000000001705,CLOSED,0.0,ONGC-EQ
SELL,2026-06-29T12:56:00+05:30,235.1,-0.000587345075586879,0.06258327785172393,12,0.5456329184695021,2.136291302455479,2026-06-29T15:23:00+05:30,235.2,0.09999999999999432,CLOSED,1.0,ONGC-EQ
BUY,2026-06-29T15:23:00+05:30,235.2,0.02637621505993408,1.477281662754637,15,0.6599922576305941,1.1828721501713924,2026-06-30T10:02:00+05:30,230.85,-4.349999999999994,CLOSED,0.0,ONGC-EQ
SELL,2026-06-30T10:02:00+05:30,230.85,-0.033014563201675465,1.1937452734054186,10,4.541775191625195,2.1707453396732244,2026-06-30T11:15:00+05:30,234.05,3.200000000000017,CLOSED,1.0,ONGC-EQ
BUY,2026-06-30T11:15:00+05:30,234.05,0.012489416904660657,0.5865151319446087,11,-0.4361309344946955,1.0213075998125012,2026-07-01T09:51:00+05:30,234.27,0.21999999999999886,CLOSED,1.0,ONGC-EQ
SELL,2026-07-01T09:51:00+05:30,234.27,-0.0018267902136257536,0.12347289401141963,9,-0.5965712237466789,1.3166099073754174,2026-07-01T11:27:00+05:30,234.8,0.5300000000000011,CLOSED,1.0,ONGC-EQ
BUY,2026-07-01T11:27:00+05:30,234.8,0.0032296808080335953,0.13318742016005022,11,-0.5810607206431773,1.3047042001271014,2026-07-01T13:13:00+05:30,234.16,-0.6400000000000148,CLOSED,0.0,ONGC-EQ
SELL,2026-07-01T13:13:00+05:30,234.16,-0.010989863650353546,0.05517648452415405,13,-0.5495085578445625,1.110988031304385,2026-07-01T15:05:00+05:30,235.25,1.0900000000000034,CLOSED,1.0,ONGC-EQ
BUY,2026-07-01T15:05:00+05:30,235.25,0.008395817201540885,0.2951760303427246,15,0.321172486367242,0.5952735184995769,2026-07-02T09:17:00+05:30,232.77,-2.4799999999999898,CLOSED,0.0,ONGC-EQ
SELL,2026-07-02T09:17:00+05:30,232.77,-0.022998844082834518,0.9768520870633375,9,0.44129380978380206,1.5275637905617632,2026-07-02T10:34:00+05:30,234.61,1.8400000000000034,CLOSED,1.0,ONGC-EQ
BUY,2026-07-02T10:34:00+05:30,234.61,0.0017044648051379187,0.1538975127948653,10,1.0810118654267544,0.48232768349437344,2026-07-02T10:40:00+05:30,234.0,-0.6100000000000136,CLOSED,0.0,ONGC-EQ
SELL,2026-07-02T10:40:00+05:30,234.0,-0.004770057074074661,0.2951835587110701,10,2.50281652941576,2.230357206423392,2026-07-02T10:55:00+05:30,235.85,1.8499999999999943,CLOSED,1.0,ONGC-EQ
BUY,2026-07-02T10:55:00+05:30,235.85,0.0018631431637306168,0.3797660098300314,10,-0.6523603127497068,1.1154134557948205,2026-07-02T12:08:00+05:30,234.14,-1.710000000000008,CLOSED,0.0,ONGC-EQ
SELL,2026-07-02T12:08:00+05:30,234.14,-0.003768445414194905,0.2268234751715249,12,0.9817989006348327,0.8212117915029404,2026-07-02T12:30:00+05:30,235.08,0.9400000000000261,CLOSED,1.0,ONGC-EQ
BUY,2026-07-02T12:30:00+05:30,235.08,0.0017411598266107448,0.13201010062365434,12,-0.3308074125618127,1.1474722298778954,2026-07-03T14:22:00+05:30,237.17,2.089999999999975,CLOSED,1.0,ONGC-EQ
SELL,2026-07-03T14:22:00+05:30,237.17,-0.01583386654062907,0.33850816500902203,14,-0.1231269730676304,0.8056487530318523,2026-07-06T09:42:00+05:30,238.23,1.0600000000000023,CLOSED,1.0,ONGC-EQ
BUY,2026-07-06T09:42:00+05:30,238.23,0.00022998584323046005,0.14140564188021393,9,6.031796897244928,0.3556506724863038,2026-07-07T12:30:00+05:30,243.27,5.0400000000000205,CLOSED,1.0,ONGC-EQ
SELL,2026-07-07T12:30:00+05:30,243.27,-0.0011389849150969735,0.459777724074967,12,-0.14758306518229203,0.5167818919568505,2026-07-07T13:56:00+05:30,244.12,0.8499999999999943,CLOSED,1.0,ONGC-EQ
BUY,2026-07-07T13:56:00+05:30,244.12,0.0020475501930746817,0.30848194616721414,13,-0.00670707939600302,0.7450270635994587,2026-07-08T10:43:00+05:30,243.65,-0.46999999999999886,CLOSED,0.0,ONGC-EQ
SELL,2026-07-08T10:43:00+05:30,243.65,-0.015512533699119327,0.2945731374944652,10,0.15604553819263625,1.451350876311957,2026-07-08T14:04:00+05:30,244.43,0.7800000000000011,CLOSED,1.0,ONGC-EQ
BUY,2026-07-08T14:04:00+05:30,244.43,0.019604015565654796,0.426308443370396,14,0.28385336033059505,1.3126999558203019,2026-07-09T11:13:00+05:30,244.93,0.5,CLOSED,1.0,ONGC-EQ
SELL,2026-07-09T11:13:00+05:30,244.93,-0.007738453563804426,0.15273797461302555,11,0.016405986960285623,1.098714126539585,2026-07-10T09:55:00+05:30,245.17,0.23999999999998067,CLOSED,1.0,ONGC-EQ
BUY,2026-07-10T09:55:00+05:30,245.17,0.008879047038892038,0.27330081107332155,9,0.06084819286248714,0.859678595493691,2026-07-10T11:16:00+05:30,244.11,-1.0599999999999739,CLOSED,0.0,ONGC-EQ
SELL,2026-07-10T11:16:00+05:30,244.11,-0.00418573201650176,0.16660332129542532,11,0.3629056178173083,1.2540806111123204,2026-07-10T12:34:00+05:30,244.67,0.5599999999999739,CLOSED,1.0,ONGC-EQ
BUY,2026-07-10T12:34:00+05:30,244.67,0.000488411561403034,0.13664227424597217,12,1.005126584324392,0.9503712524516672,2026-07-10T13:23:00+05:30,244.14,-0.5300000000000011,CLOSED,0.0,ONGC-EQ
SELL,2026-07-10T13:23:00+05:30,244.14,-0.0014709507894089583,0.1362024636748965,13,0.01895254132281589,0.38110655806816074,2026-07-10T13:40:00+05:30,244.6,0.46000000000000796,CLOSED,1.0,ONGC-EQ
BUY,2026-07-10T13:40:00+05:30,244.6,0.0009963072156673142,0.3117049887313351,13,13.116306066294404,0.20578508483362243,2026-07-14T11:09:00+05:30,248.38,3.780000000000001,CLOSED,1.0,ONGC-EQ
SELL,2026-07-14T11:09:00+05:30,248.38,-0.0009049813219858516,0.0928619046398086,11,0.16308599749303226,1.4131449198802606,2026-07-14T14:55:00+05:30,248.6,0.21999999999999886,CLOSED,1.0,ONGC-EQ
BUY,2026-07-14T14:55:00+05:30,248.6,0.0009331465587123159,0.028303906287136617,14,0.23122943463405565,0.8869953877242507,2026-07-15T11:09:00+05:30,248.06,-0.539999999999992,CLOSED,0.0,ONGC-EQ
SELL,2026-07-15T11:09:00+05:30,248.06,-0.0020016759511620897,0.29092954473549365,11,-0.6593178416695327,1.051005608604891,2026-07-15T13:40:00+05:30,248.46,0.4000000000000057,CLOSED,1.0,ONGC-EQ
BUY,2026-07-15T13:40:00+05:30,248.46,0.011978967833250557,0.17757940321007312,13,-0.31223331926299724,1.644344832287974,2026-07-15T14:13:00+05:30,247.4,-1.0600000000000023,CLOSED,0.0,ONGC-EQ
SELL,2026-07-15T14:13:00+05:30,247.4,-4.251937197377248e-05,0.12670613420211044,14,-0.07044493507135964,0.642423662969747,2026-07-16T12:41:00+05:30,247.21,-0.18999999999999773,CLOSED,0.0,ONGC-EQ
BUY,2026-07-16T12:41:00+05:30,247.21,0.002418770093004939,0.31416379309030806,12,5.30896712484552,2.263931147822299,2026-07-16T13:28:00+05:30,246.31,-0.9000000000000057,CLOSED,0.0,ONGC-EQ
SELL,2026-07-16T13:28:00+05:30,246.31,-0.0004708349856984067,0.06811754546370559,13,-0.03672633975659054,0.8033817147987431,2026-07-16T13:39:00+05:30,247.06,0.75,CLOSED,1.0,ONGC-EQ
BUY,2026-07-16T13:39:00+05:30,247.06,0.006478937001576531,0.33490297102294986,13,1.704755039832912,1.0694117199165825,2026-07-16T15:04:00+05:30,246.48,-0.5800000000000125,CLOSED,0.0,ONGC-EQ
SELL,2026-07-16T15:04:00+05:30,246.48,-0.0015928975217754384,0.07513691207093688,15,3.4596440917327693,0.8237121298082378,2026-07-16T15:08:00+05:30,246.83,0.35000000000002274,CLOSED,1.0,ONGC-EQ
BUY,2026-07-16T15:08:00+05:30,246.83,0.001634901964129205,0.08844332774281057,15,0.26160518588298654,1.4165044764499806,2026-07-16T15:21:00+05:30,246.58,-0.25,CLOSED,0.0,ONGC-EQ
SELL,2026-07-16T15:21:00+05:30,246.58,-0.0008504700705660224,0.08900062421753999,15,0.17098024919994426,0.9543872309716858,2026-07-16T15:25:00+05:30,246.85,0.2699999999999818,CLOSED,1.0,ONGC-EQ
BUY,2026-07-16T15:25:00+05:30,246.85,0.0020357586579759696,0.11215564581816286,15,0.03564344533186825,1.2096857002544756,2026-07-17T11:01:00+05:30,246.8,-0.04999999999998295,CLOSED,0.0,ONGC-EQ
SELL,2026-07-17T11:01:00+05:30,246.8,-0.0024106876561436974,0.07633260552782964,11,0.8938025166882713,0.979721284839395,2026-07-17T12:57:00+05:30,247.1,0.29999999999998295,CLOSED,1.0,ONGC-EQ
BUY,2026-07-17T12:57:00+05:30,247.1,0.004219540918335507,0.19727026019032237,12,-0.8283648279354116,0.7759884245339747,2026-07-17T13:22:00+05:30,246.66,-0.4399999999999977,CLOSED,0.0,ONGC-EQ
SELL,2026-07-17T13:22:00+05:30,246.66,-0.001079700190337622,0.11644741302407577,13,0.5589836659348948,0.5780704307334109,2026-07-17T14:16:00+05:30,247.0,0.3400000000000034,CLOSED,1.0,ONGC-EQ
BUY,2026-07-17T14:16:00+05:30,247.0,0.0024570230335199954,0.1199259030494376,14,3.697261936252822,2.357360267619991,2026-07-20T14:21:00+05:30,250.13,3.1299999999999955,CLOSED,1.0,ONGC-EQ
SELL,2026-07-20T14:21:00+05:30,250.13,-0.0018136551957017894,0.06957010852370299,14,0.502356002487661,1.1106754985488252,2026-07-20T14:51:00+05:30,250.34,0.21000000000000796,CLOSED,1.0,ONGC-EQ
BUY,2026-07-20T14:51:00+05:30,250.34,0.0005536308847776847,0.0564210362660324,14,-0.3445733268711468,1.0158830004717723,2026-07-20T15:05:00+05:30,249.85,-0.4900000000000091,CLOSED,0.0,ONGC-EQ
SELL,2026-07-20T15:05:00+05:30,249.85,-0.003169107886100589,0.2070990101376658,15,0.490436817756299,1.1325812181434383,2026-07-21T09:26:00+05:30,250.66,0.8100000000000023,CLOSED,1.0,ONGC-EQ
BUY,2026-07-21T09:26:00+05:30,250.66,0.0004461820733768626,0.16400880735158377,9,-0.6825781624326636,0.6944383657570519,2026-07-21T10:38:00+05:30,249.98,-0.6800000000000068,CLOSED,0.0,ONGC-EQ
SELL,2026-07-21T10:38:00+05:30,249.98,-0.0021306601222350423,0.08491171886141331,10,-0.6892533703966917,1.3053801904035705,2026-07-21T13:51:00+05:30,250.2,0.21999999999999886,CLOSED,1.0,ONGC-EQ
BUY,2026-07-21T13:51:00+05:30,250.2,0.0013967385598642394,0.3323920041824764,13,-0.9005646316277841,0.8025479534596789,2026-07-21T15:22:00+05:30,249.76,-0.4399999999999977,CLOSED,0.0,ONGC-EQ
SELL,2026-07-21T15:22:00+05:30,249.76,-6.248963002637268e-05,0.07645623294118208,15,-0.09818050098824917,0.8679330396040216,2026-07-22T09:15:00+05:30,251.78,2.0200000000000102,CLOSED,1.0,ONGC-EQ
BUY,2026-07-22T09:15:00+05:30,251.78,0.02755944266613775,0.07336363010526148,9,0.03418575872720194,0.9450247179012905,2026-07-22T11:33:00+05:30,250.6,-1.1800000000000068,CLOSED,0.0,ONGC-EQ
SELL,2026-07-22T11:33:00+05:30,250.6,-0.0022981340763829844,0.07439384681843234,11,-0.32377149498777824,0.8472658989615619,2026-07-22T12:02:00+05:30,251.42,0.8199999999999932,CLOSED,1.0,ONGC-EQ
BUY,2026-07-22T12:02:00+05:30,251.42,0.005026438165450017,0.46411684352589927,12,0.013531504583109956,1.3935244057517362,2026-07-23T14:14:00+05:30,252.54,1.1200000000000045,CLOSED,1.0,ONGC-EQ
SELL,2026-07-23T14:14:00+05:30,252.54,-0.002915696628232563,0.08708233651741965,14,-0.06067394053392889,0.7898985634577423,2026-07-28T13:34:00+05:30,238.82,-13.719999999999999,CLOSED,0.0,ONGC-EQ
BUY,2026-07-28T13:34:00+05:30,238.82,0.008755619623017394,0.23344045160263724,13,2.0733865192055,1.9901021126955867,2026-07-29T09:39:00+05:30,238.38,-0.4399999999999977,CLOSED,0.0,ONGC-EQ
SELL,2026-07-29T09:39:00+05:30,238.38,-0.0022623666569241137,0.1736023553347621,9,-0.4780191325441264,0.7025878105579363,2026-07-29T09:46:00+05:30,238.85,0.46999999999999886,CLOSED,1.0,ONGC-EQ
BUY,2026-07-29T09:46:00+05:30,238.85,0.0015114087879180946,0.24847087913431237,9,0.2820219444726557,1.1629270692693197,2026-07-29T14:49:00+05:30,239.0,0.15000000000000568,CLOSED,1.0,ONGC-EQ
SELL,2026-07-29T14:49:00+05:30,239.0,-0.005278964296798898,0.2732032210644641,14,-0.35488661664953636,0.7670594053543877,2026-07-30T09:20:00+05:30,241.4,2.4000000000000057,CLOSED,1.0,ONGC-EQ
BUY,2026-07-30T09:20:00+05:30,241.4,0.022138051099174525,1.4570918525153669,9,-0.4286102995627153,0.5942228347578843,2026-07-30T13:18:00+05:30,241.82,0.4199999999999875,CLOSED,1.0,ONGC-EQ
SELL,2026-07-30T13:18:00+05:30,241.82,-0.0013539621351096225,0.16233025322197703,13,-0.1982826465654139,1.4545900748505618,2026-07-30T13:36:00+05:30,242.4,0.5800000000000125,CLOSED,1.0,ONGC-EQ
BUY,2026-07-30T13:36:00+05:30,242.4,0.005138582943529575,0.19055766114806727,13,-0.7034815236364689,0.7739207071637157,2026-07-30T14:49:00+05:30,241.91,-0.4900000000000091,CLOSED,0.0,ONGC-EQ
SELL,2026-07-30T14:49:00+05:30,241.91,-0.002925799166477546,0.12211561006776347,14,-0.35284366065498685,0.447854895316471,2026-07-31T11:58:00+05:30,240.8,-1.1099999999999852,CLOSED,0.0,ONGC-EQ
BUY,2026-07-31T11:58:00+05:30,240.8,0.0005573928294134228,0.10996969279457856,11,-0.13912744760294554,0.7942537909018356,2026-08-03T09:55:00+05:30,241.5,0.6999999999999886,CLOSED,1.0,ONGC-EQ
SELL,2026-08-03T09:55:00+05:30,241.5,-0.000526220533568065,0.0689283041363338,9,0.5844254630853981,1.1247024464403592,2026-08-03T10:00:00+05:30,242.24,0.7400000000000091,CLOSED,1.0,ONGC-EQ
BUY,2026-08-03T10:00:00+05:30,242.24,0.01124540053954872,0.2426726189746203,10,1.0694124941954846,2.091936356957816,2026-08-03T12:14:00+05:30,241.67,-0.5700000000000216,CLOSED,0.0,ONGC-EQ
SELL,2026-08-03T12:14:00+05:30,241.67,-0.0041652757029986024,0.15093780912091684,12,3.3357916268787204,0.6048137332979383,2026-08-04T09:21:00+05:30,242.5,0.8300000000000125,CLOSED,1.0,ONGC-EQ
BUY,2026-08-04T09:21:00+05:30,242.5,0.011509562343534627,0.7619601914360984,9,-0.4612471535042172,0.5936465016096533,2026-08-04T11:48:00+05:30,241.35,-1.1500000000000057,CLOSED,0.0,ONGC-EQ
SELL,2026-08-04T11:48:00+05:30,241.35,-0.0008449694190169634,0.190511008722443,11,0.043366294969772026,1.8564584039103713,2026-08-06T14:38:00+05:30,237.77,-3.579999999999984,CLOSED,0.0,ONGC-EQ
BUY,2026-08-06T14:38:00+05:30,237.77,0.002128960964231716,0.11500724614852319,14,-0.1043075428675162,0.9199687174139729,2026-08-06T15:07:00+05:30,237.4,-0.37000000000000455,CLOSED,0.0,ONGC-EQ
SELL,2026-08-06T15:07:00+05:30,237.4,-0.0014635866783634097,0.12875903420300078,15,1.8072060857804495,1.5014390853197463,2026-08-07T09:15:00+05:30,238.93,1.5300000000000011,CLOSED,1.0,ONGC-EQ
BUY,2026-08-07T09:15:00+05:30,238.93,0.00903398721363991,0.17315696155030683,9,0.470316361974626,1.8962743072927988,2026-08-07T12:16:00+05:30,238.96,0.030000000000001137,CLOSED,1.0,ONGC-EQ
SELL,2026-08-07T12:16:00+05:30,238.96,-0.0009735657421494454,0.3069853416695951,12,-0.5109330237346229,1.3392209100767647,,,,OPEN,,ONGC-EQ
SELL,2026-06-29T09:16:00+05:30,206.77,-0.038596025082319275,2.216756639778031,9,49.5644069804549,2.4640366619979868,2026-06-29T11:52:00+05:30,209.44,2.6699999999999875,CLOSED,1.0,HFCL-EQ
BUY,2026-06-29T11:52:00+05:30,209.44,0.0046429049394156085,0.2737882393383598,11,0.31788246482599275,1.350894746338183,2026-06-29T12:43:00+05:30,208.29,-1.1500000000000057,CLOSED,0.0,HFCL-EQ
SELL,2026-06-29T12:43:00+05:30,208.29,-0.014522576404585446,0.5111816376462124,12,0.991382674473928,0.6288811644858792,2026-06-29T15:12:00+05:30,209.38,1.0900000000000034,CLOSED,1.0,HFCL-EQ
BUY,2026-06-29T15:12:00+05:30,209.38,0.019342362323342573,0.29390852696412667,15,-0.1905085794678992,0.9237284875760755,2026-06-30T11:52:00+05:30,211.25,1.8700000000000045,CLOSED,1.0,HFCL-EQ
SELL,2026-06-30T11:52:00+05:30,211.25,-0.005628453156162466,0.25389411616306146,11,6.987011095054219,0.9433347645247975,2026-06-30T14:24:00+05:30,212.0,0.75,CLOSED,1.0,HFCL-EQ
BUY,2026-06-30T14:24:00+05:30,212.0,0.008102514737081422,0.17140270968946186,14,3.1855774528023133,2.0489924621506,2026-07-01T13:07:00+05:30,212.9,0.9000000000000057,CLOSED,1.0,HFCL-EQ
SELL,2026-07-01T13:07:00+05:30,212.9,-0.011305331011333533,0.40426751319172394,13,-0.6512064730306243,0.5713693928275536,2026-07-01T13:37:00+05:30,214.07,1.1699999999999875,CLOSED,1.0,HFCL-EQ
BUY,2026-07-01T13:37:00+05:30,214.07,0.0023316381200048906,0.21678458329769482,13,0.4350492962637305,1.07188278484332,2026-07-01T13:39:00+05:30,213.49,-0.5799999999999841,CLOSED,0.0,HFCL-EQ
SELL,2026-07-01T13:39:00+05:30,213.49,-0.0030868062461631043,0.16298943387703022,13,1.3369517269196072,1.135936512626076,2026-07-02T15:23:00+05:30,205.01,-8.480000000000018,CLOSED,0.0,HFCL-EQ
BUY,2026-07-02T15:23:00+05:30,205.01,0.016486632479366128,0.28843639776483665,15,0.5036612983426989,0.7656450297168162,2026-07-07T09:33:00+05:30,221.5,16.49000000000001,CLOSED,1.0,HFCL-EQ
SELL,2026-07-07T09:33:00+05:30,221.5,-0.022087487600548003,0.9174215073902616,9,-0.5084659352902821,0.5649881023439319,2026-07-07T13:33:00+05:30,223.14,1.6399999999999864,CLOSED,1.0,HFCL-EQ
BUY,2026-07-07T13:33:00+05:30,223.14,0.001513552142664659,0.8190570459036675,13,-0.2361833724683652,0.3071518512564968,2026-07-08T09:32:00+05:30,221.9,-1.2399999999999807,CLOSED,0.0,HFCL-EQ
SELL,2026-07-08T09:32:00+05:30,221.9,-0.01281628568500068,0.34677081768799434,9,-0.44702117838660616,1.1355820932849818,2026-07-08T13:24:00+05:30,221.49,-0.4099999999999966,CLOSED,0.0,HFCL-EQ
BUY,2026-07-08T13:24:00+05:30,221.49,0.002086711568692772,0.30430978368176836,13,-0.6376689144782652,1.0491317131104803,2026-07-08T13:49:00+05:30,219.15,-2.3400000000000034,CLOSED,0.0,HFCL-EQ
SELL,2026-07-08T13:49:00+05:30,219.15,-0.013861009287051158,0.5425751356059137,13,0.6104458462199056,1.9798340248962656,2026-07-09T13:33:00+05:30,213.7,-5.450000000000017,CLOSED,0.0,HFCL-EQ
BUY,2026-07-09T13:33:00+05:30,213.7,0.001413797776220032,0.13377011790547602,13,-0.22466265955685308,0.7643372578807444,2026-07-09T14:24:00+05:30,212.82,-0.8799999999999955,CLOSED,0.0,HFCL-EQ
SELL,2026-07-09T14:24:00+05:30,212.82,-0.00017296070409762346,0.45295204553634444,14,1.1142919867665044,0.9061740701513924,2026-07-09T14:40:00+05:30,214.24,1.420000000000016,CLOSED,1.0,HFCL-EQ
BUY,2026-07-09T14:40:00+05:30,214.24,0.007373321021123425,0.8105313757721598,14,0.9083613499217285,0.3831275274923805,2026-07-09T14:46:00+05:30,213.31,-0.9300000000000068,CLOSED,0.0,HFCL-EQ
SELL,2026-07-09T14:46:00+05:30,213.31,-0.0012030166195543884,0.46358026992815854,14,-0.04188155048967837,0.6975192082302384,2026-07-09T14:55:00+05:30,214.54,1.2299999999999898,CLOSED,1.0,HFCL-EQ
BUY,2026-07-09T14:55:00+05:30,214.54,0.006986957586900406,0.17510631691124492,14,-0.24205799486565152,1.5000176589526475,2026-07-10T13:05:00+05:30,217.63,3.0900000000000034,CLOSED,1.0,HFCL-EQ
SELL,2026-07-10T13:05:00+05:30,217.63,-0.0027026753302186964,0.27407217216557334,13,-0.6618898463218745,0.9908651743469445,2026-07-10T15:18:00+05:30,217.24,-0.38999999999998636,CLOSED,0.0,HFCL-EQ
BUY,2026-07-10T15:18:00+05:30,217.24,0.002573943218823596,0.12410121317340374,15,0.06394744708297248,1.2110093584229151,2026-07-13T09:15:00+05:30,214.02,-3.219999999999999,CLOSED,0.0,HFCL-EQ
SELL,2026-07-13T09:15:00+05:30,214.02,-0.04597096576522797,0.6987361606659684,9,2.015706916852707,1.5835236413988927,2026-07-13T12:53:00+05:30,215.67,1.6499999999999773,CLOSED,1.0,HFCL-EQ
BUY,2026-07-13T12:53:00+05:30,215.67,0.0038338037961601,0.8966759602988017,12,0.2796426075241383,0.9828174128692263,2026-07-13T15:21:00+05:30,214.35,-1.3199999999999932,CLOSED,0.0,HFCL-EQ
SELL,2026-07-13T15:21:00+05:30,214.35,-0.012720892028237257,0.5489545619731346,15,1.8493866437004165,1.1708492595822364,2026-07-14T12:46:00+05:30,212.5,-1.8499999999999943,CLOSED,0.0,HFCL-EQ
BUY,2026-07-14T12:46:00+05:30,212.5,0.003354173638537251,0.2239543604298793,12,0.970446592355187,0.35640813742900845,2026-07-14T13:47:00+05:30,211.3,-1.1999999999999886,CLOSED,0.0,HFCL-EQ
SELL,2026-07-14T13:47:00+05:30,211.3,-0.011338551921386228,0.3544714374953197,13,-0.18656557567194598,1.6850257317665822,2026-07-14T14:59:00+05:30,214.2,2.8999999999999773,CLOSED,1.0,HFCL-EQ
BUY,2026-07-14T14:59:00+05:30,214.2,0.030338553770556154,0.845064757544918,14,3.020609707327388,1.60613892644804,2026-07-16T10:29:00+05:30,222.0,7.800000000000011,CLOSED,1.0,HFCL-EQ
SELL,2026-07-16T10:29:00+05:30,222.0,-0.0030644279126465384,0.5767042376970887,10,0.6772251127063051,1.9318200618764787,2026-07-16T11:19:00+05:30,223.84,1.8400000000000034,CLOSED,1.0,HFCL-EQ
BUY,2026-07-16T11:19:00+05:30,223.84,0.005720862021169144,0.32168998188386605,11,0.10256165738264161,1.2212281744959188,2026-07-16T14:11:00+05:30,224.14,0.29999999999998295,CLOSED,1.0,HFCL-EQ
SELL,2026-07-16T14:11:00+05:30,224.14,-0.0012714094805248138,0.45590447342495405,14,0.3726475493424089,1.5400730596470873,2026-07-20T13:24:00+05:30,207.31,-16.829999999999984,CLOSED,0.0,HFCL-EQ
BUY,2026-07-20T13:24:00+05:30,207.31,0.013250715683928176,0.1943907862471279,13,-0.1816069057062453,1.2535068422706626,2026-07-20T14:41:00+05:30,205.5,-1.8100000000000023,CLOSED,0.0,HFCL-EQ
SELL,2026-07-20T14:41:00+05:30,205.5,-0.0010533563764280923,0.36001388862098016,14,-0.5896837755659814,1.5637096286440062,2026-07-20T15:27:00+05:30,208.4,2.9000000000000057,CLOSED,1.0,HFCL-EQ
BUY,2026-07-20T15:27:00+05:30,208.4,0.03204444687639445,1.7331999948714045,15,7.0502046511314465,0.7966867797246379,2026-07-22T13:34:00+05:30,217.95,9.549999999999983,CLOSED,1.0,HFCL-EQ
SELL,2026-07-22T13:34:00+05:30,217.95,-0.007161469148616278,3.8979511712351282,13,0.0695207953469464,0.6526433219873133,2026-07-22T13:37:00+05:30,223.43,5.480000000000018,CLOSED,1.0,HFCL-EQ
BUY,2026-07-22T13:37:00+05:30,223.43,0.040343001593139506,2.873800426071526,13,-0.4460378922746075,1.2595294542047681,2026-07-22T14:44:00+05:30,220.0,-3.430000000000007,CLOSED,0.0,HFCL-EQ
SELL,2026-07-22T14:44:00+05:30,220.0,-0.010849323332111227,0.8602641713127673,14,0.3050762532142177,1.0756276185707332,2026-07-28T15:09:00+05:30,190.0,-30.0,CLOSED,0.0,HFCL-EQ
BUY,2026-07-28T15:09:00+05:30,190.0,0.1019367414602409,2.330113254281386,15,-0.20161817149249361,0.8937580437749906,2026-07-29T09:43:00+05:30,183.07,-6.930000000000007,CLOSED,0.0,HFCL-EQ
SELL,2026-07-29T09:43:00+05:30,183.07,-0.02129045059742532,0.6375029411696864,9,-0.0334535936316971,0.6569799536413504,2026-07-29T10:46:00+05:30,184.89,1.8199999999999932,CLOSED,1.0,HFCL-EQ
BUY,2026-07-29T10:46:00+05:30,184.89,0.003323605632368518,0.2589830539286719,10,0.5661897149388091,1.3798550188144896,2026-07-30T09:34:00+05:30,190.65,5.760000000000019,CLOSED,1.0,HFCL-EQ
SELL,2026-07-30T09:34:00+05:30,190.65,-0.006937178903544875,0.6817534582074232,9,-0.4207639731560785,0.7007925053985625,2026-07-31T09:18:00+05:30,192.16,1.509999999999991,CLOSED,1.0,HFCL-EQ
BUY,2026-07-31T09:18:00+05:30,192.16,0.07389934027456514,3.7184411309639533,9,2.349981807481609,0.7867195735146886,2026-08-04T11:33:00+05:30,202.1,9.939999999999998,CLOSED,1.0,HFCL-EQ
SELL,2026-08-04T11:33:00+05:30,202.1,-0.002442177619082091,0.4034793124257477,11,-0.3788910265803638,1.0127675628450021,2026-08-04T12:14:00+05:30,203.09,0.9900000000000091,CLOSED,1.0,HFCL-EQ
BUY,2026-08-04T12:14:00+05:30,203.09,0.0025958282181340105,0.19978877735136902,12,0.2414525550328233,0.7591471439852593,2026-08-04T14:48:00+05:30,203.28,0.18999999999999773,CLOSED,1.0,HFCL-EQ
SELL,2026-08-04T14:48:00+05:30,203.28,-0.028417233923229878,0.2486429836800848,14,0.9311783296931815,0.5816149906143586,2026-08-05T09:21:00+05:30,209.6,6.319999999999993,CLOSED,1.0,HFCL-EQ
BUY,2026-08-05T09:21:00+05:30,209.6,0.09670987271602777,3.026521472288312,9,1.5610736812893495,0.5960344711640577,2026-08-06T09:29:00+05:30,210.58,0.9800000000000182,CLOSED,1.0,HFCL-EQ
SELL,2026-08-06T09:29:00+05:30,210.58,-0.016593724538128577,0.41256514637085145,9,-0.5881488463403041,0.9437168291964136,2026-08-06T10:06:00+05:30,213.2,2.619999999999976,CLOSED,1.0,HFCL-EQ
BUY,2026-08-06T10:06:00+05:30,213.2,0.01810259607708031,0.6451907555995461,10,-0.708705797591936,0.9034224715627529,2026-08-06T10:54:00+05:30,209.8,-3.3999999999999773,CLOSED,0.0,HFCL-EQ
SELL,2026-08-06T10:54:00+05:30,209.8,-0.032273543676282886,0.9167630252384988,10,2.1140262410614596,0.553136296453876,2026-08-07T12:44:00+05:30,206.76,-3.0400000000000205,CLOSED,0.0,HFCL-EQ
BUY,2026-08-07T12:44:00+05:30,206.76,0.004084347779524043,1.185216342183057,12,33.27413600273613,1.0795962776355634,,,,OPEN,,HFCL-EQ
SELL,2026-06-25T13:16:00+05:30,29.71,-0.00998697793412834,0.016465452046971373,13,-0.887563293180349,0.7950339296730413,2026-06-30T09:35:00+05:30,29.4,-0.3100000000000023,CLOSED,0.0,CHEMICAL-EQ
BUY,2026-06-30T09:35:00+05:30,29.4,0.0016389589096821307,0.02213594362117869,9,-0.5769679291880934,0.8855961405926948,2026-07-01T10:04:00+05:30,29.53,0.13000000000000256,CLOSED,1.0,CHEMICAL-EQ
SELL,2026-07-01T10:04:00+05:30,29.53,-0.004634888325083701,0.020439612955674473,10,-0.763585877105145,0.30201342281879195,2026-07-01T13:15:00+05:30,29.6,0.07000000000000028,CLOSED,1.0,CHEMICAL-EQ
BUY,2026-07-01T13:15:00+05:30,29.6,0.0024910968017931748,0.02118699810942734,13,-0.6425811431196086,1.1986486486486487,2026-07-01T13:33:00+05:30,29.54,-0.060000000000002274,CLOSED,0.0,CHEMICAL-EQ
SELL,2026-07-01T13:33:00+05:30,29.54,-0.0027160020751029685,0.017763883459299083,13,287.59999512542385,0.0038467411348767277,2026-07-02T09:22:00+05:30,29.68,0.14000000000000057,CLOSED,1.0,CHEMICAL-EQ
BUY,2026-07-02T09:22:00+05:30,29.68,0.003506704079687556,0.15048440303086438,9,-0.7910714281996846,0.44646873594242015,2026-07-03T13:30:00+05:30,29.97,0.28999999999999915,CLOSED,1.0,CHEMICAL-EQ
SELL,2026-07-03T13:30:00+05:30,29.97,-0.00019148616557236906,0.02915475947422585,13,-0.9516991208937579,0.6620553359683794,2026-07-03T14:07:00+05:30,30.04,0.07000000000000028,CLOSED,1.0,CHEMICAL-EQ
BUY,2026-07-03T14:07:00+05:30,30.04,0.0033316373748424684,0.04653553003411016,14,-0.45485420799062826,0.5702020969457529,2026-07-06T13:21:00+05:30,30.12,0.08000000000000185,CLOSED,1.0,CHEMICAL-EQ
SELL,2026-07-06T13:21:00+05:30,30.12,-0.006408031629900157,0.00994428926011734,13,-0.3192411915467719,1.6580414012738853,2026-07-06T15:16:00+05:30,30.23,0.10999999999999943,CLOSED,1.0,CHEMICAL-EQ
BUY,2026-07-06T15:16:00+05:30,30.23,0.00225810600307433,0.032128215360057326,15,0.8165870984697529,0.5653343112088987,2026-07-07T09:31:00+05:30,30.09,-0.14000000000000057,CLOSED,0.0,CHEMICAL-EQ
SELL,2026-07-07T09:31:00+05:30,30.09,-0.01126445747510051,0.035213633723318725,9,5.808991676443617,0.1378764169306515,2026-07-09T13:14:00+05:30,29.47,-0.620000000000001,CLOSED,0.0,CHEMICAL-EQ
BUY,2026-07-09T13:14:00+05:30,29.47,0.0022687812133642886,0.05078276172963489,13,0.19359331457063927,0.008334722453742291,2026-07-13T09:28:00+05:30,29.61,0.14000000000000057,CLOSED,1.0,CHEMICAL-EQ
SELL,2026-07-13T09:28:00+05:30,29.61,-0.0038886039720495117,0.02820559440174181,9,0.5137648799967169,1.386704349963136,2026-07-13T12:38:00+05:30,29.75,0.14000000000000057,CLOSED,1.0,CHEMICAL-EQ
BUY,2026-07-13T12:38:00+05:30,29.75,0.004733044999734784,0.016633299933166614,12,37.60017164154491,0.12709810270140454,2026-07-13T14:43:00+05:30,29.68,-0.07000000000000028,CLOSED,0.0,CHEMICAL-EQ
SELL,2026-07-13T14:43:00+05:30,29.68,-0.0007379972087211878,0.01888562063228652,14,-0.4575541501025466,0.5555555555555556,2026-07-13T14:45:00+05:30,29.7,0.019999999999999574,CLOSED,1.0,CHEMICAL-EQ
BUY,2026-07-13T14:45:00+05:30,29.7,0.000559553280773292,0.01728840330651947,14,-0.5831698022722094,1.876211575740792,2026-07-13T14:47:00+05:30,29.68,-0.019999999999999574,CLOSED,0.0,CHEMICAL-EQ
SELL,2026-07-13T14:47:00+05:30,29.68,-0.0016539547845899466,0.01728840330651947,14,-0.4634828186001847,0.5481980026052974,2026-07-13T14:49:00+05:30,29.71,0.030000000000001137,CLOSED,1.0,CHEMICAL-EQ
BUY,2026-07-13T14:49:00+05:30,29.71,0.0004708206887821368,0.016193277068654578,14,-0.2282188246194337,0.8681384248210023,2026-07-13T15:20:00+05:30,29.68,-0.030000000000001137,CLOSED,0.0,CHEMICAL-EQ
SELL,2026-07-13T15:20:00+05:30,29.68,-0.0005623301374797293,0.012649110640673247,15,-0.8344857371769971,0.9856396866840732,2026-07-14T13:59:00+05:30,29.61,-0.07000000000000028,CLOSED,0.0,CHEMICAL-EQ
BUY,2026-07-14T13:59:00+05:30,29.61,0.000649164073753685,0.006992058987801313,13,-0.9294457247398691,2.305432880593284,2026-07-14T14:05:00+05:30,29.56,-0.05000000000000071,CLOSED,0.0,CHEMICAL-EQ
SELL,2026-07-14T14:05:00+05:30,29.56,-0.0017920812295806846,0.02250925735484577,14,-0.892437534224346,0.23211359912616059,2026-07-14T14:10:00+05:30,29.61,0.05000000000000071,CLOSED,1.0,CHEMICAL-EQ
BUY,2026-07-14T14:10:00+05:30,29.61,0.0010706704738336211,0.027487370837451345,14,-0.7399383381635121,2.4030759371996155,2026-07-14T14:20:00+05:30,29.54,-0.07000000000000028,CLOSED,0.0,CHEMICAL-EQ
SELL,2026-07-14T14:20:00+05:30,29.54,-0.0024877544326090363,0.025033311140691704,14,-0.705219878126019,0.2107337780473014,2026-07-14T15:07:00+05:30,29.64,0.10000000000000142,CLOSED,1.0,CHEMICAL-EQ
BUY,2026-07-14T15:07:00+05:30,29.64,0.00476363829476377,0.02983286778035264,15,-0.5400213442369073,0.4147331786542923,2026-07-17T09:51:00+05:30,30.2,0.5599999999999987,CLOSED,1.0,CHEMICAL-EQ
SELL,2026-07-17T09:51:00+05:30,30.2,-0.005964051209002593,0.03224903099319484,9,1.1912761550379072,1.2437794216543376,2026-07-17T10:48:00+05:30,30.32,0.120000000000001,CLOSED,1.0,CHEMICAL-EQ
BUY,2026-07-17T10:48:00+05:30,30.32,0.0011858977913179237,0.018287822299126535,10,-0.3504103783754233,0.16507030772366008,2026-07-17T11:24:00+05:30,30.23,-0.08999999999999986,CLOSED,0.0,CHEMICAL-EQ
SELL,2026-07-17T11:24:00+05:30,30.23,-0.0013849794343050769,0.04341018825626603,11,0.8350486775590423,0.026527209337577684,2026-07-17T14:18:00+05:30,30.3,0.07000000000000028,CLOSED,1.0,CHEMICAL-EQ
BUY,2026-07-17T14:18:00+05:30,30.3,0.005675243665282978,0.03596294389136351,14,-0.8715286443308932,1.7633726201269264,2026-07-22T09:39:00+05:30,30.8,0.5,CLOSED,1.0,CHEMICAL-EQ
SELL,2026-07-22T09:39:00+05:30,30.8,-0.003588657875768656,0.02424412872795811,9,-0.7263148248290464,0.5854536324070975,2026-07-24T12:33:00+05:30,30.19,-0.6099999999999994,CLOSED,0.0,CHEMICAL-EQ
BUY,2026-07-24T12:33:00+05:30,30.19,0.004328172896190702,0.036953424138441986,12,0.2843164661138408,1.5604592947322595,2026-07-28T09:40:00+05:30,30.33,0.13999999999999702,CLOSED,1.0,CHEMICAL-EQ
SELL,2026-07-28T09:40:00+05:30,30.33,-0.014756872305327795,0.03973523485382799,9,-0.9618586086197666,0.26905829596412556,2026-07-29T09:17:00+05:30,30.54,0.21000000000000085,CLOSED,1.0,CHEMICAL-EQ
BUY,2026-07-29T09:17:00+05:30,30.54,0.03505681539445698,0.11282237760696591,9,0.788981551182094,0.40913264585393416,2026-07-30T09:28:00+05:30,30.27,-0.2699999999999996,CLOSED,0.0,CHEMICAL-EQ
SELL,2026-07-30T09:28:00+05:30,30.27,-0.010391738152289337,0.03956710193526374,9,4.676772174903285,0.009227990261525171,2026-07-31T09:24:00+05:30,30.35,0.08000000000000185,CLOSED,1.0,CHEMICAL-EQ
BUY,2026-07-31T09:24:00+05:30,30.35,0.025220946776786598,0.06522610247779957,9,-0.3108979277394866,0.28149014366855996,2026-07-31T15:08:00+05:30,30.21,-0.14000000000000057,CLOSED,0.0,CHEMICAL-EQ
SELL,2026-07-31T15:08:00+05:30,30.21,-0.0003705699969666357,0.01370320319406293,15,2.351498633597584,0.1951219512195122,2026-08-03T09:20:00+05:30,30.4,0.18999999999999773,CLOSED,1.0,CHEMICAL-EQ
BUY,2026-08-03T09:20:00+05:30,30.4,0.007423748139218152,0.16394104631441955,9,-0.08374456798860408,0.2108118971061093,2026-08-04T12:02:00+05:30,30.58,0.17999999999999972,CLOSED,1.0,CHEMICAL-EQ
SELL,2026-08-04T12:02:00+05:30,30.58,-0.004359508233622652,0.01852925614625009,12,0.016679302438668213,0.6357196122296793,2026-08-05T09:20:00+05:30,30.7,0.120000000000001,CLOSED,1.0,CHEMICAL-EQ
BUY,2026-08-05T09:20:00+05:30,30.7,0.0014790235353521902,0.05316640543300442,9,-0.25094115303599107,0.46058722391218093,2026-08-05T10:39:00+05:30,30.6,-0.09999999999999787,CLOSED,0.0,CHEMICAL-EQ
SELL,2026-08-05T10:39:00+05:30,30.6,-0.0031334606100131314,0.029514591494904485,10,-0.8894403081820785,0.19638403990024936,2026-08-06T09:29:00+05:30,30.66,0.05999999999999872,CLOSED,1.0,CHEMICAL-EQ
BUY,2026-08-06T09:29:00+05:30,30.66,0.01485284303213867,0.028693785622209887,9,-0.6832799086530451,0.9729023832843617,2026-08-07T10:30:00+05:30,30.78,0.120000000000001,CLOSED,1.0,CHEMICAL-EQ
SELL,2026-08-07T10:30:00+05:30,30.78,-0.008346629620268492,0.00316227766016775,10,2.8204724187364376,2.448474855729596,,,,OPEN,,CHEMICAL-EQ
BUY,2026-06-30T12:32:00+05:30,117.91,0.003348120282588349,0.06783149055646133,12,1.3461798466998651,0.9517291066282421,2026-06-30T13:55:00+05:30,117.6,-0.3100000000000023,CLOSED,0.0,PRSMJOHNSN-EQ
SELL,2026-06-30T13:55:00+05:30,117.6,-0.0010523925533223138,0.08524474568362826,13,13.548961223309181,1.7468896593922087,2026-07-01T09:20:00+05:30,118.02,0.4200000000000017,CLOSED,1.0,PRSMJOHNSN-EQ
BUY,2026-07-01T09:20:00+05:30,118.02,0.0042659990650598225,0.27413702980646637,9,-0.7124473206229502,0.24339178225595393,2026-07-01T12:13:00+05:30,117.66,-0.35999999999999943,CLOSED,0.0,PRSMJOHNSN-EQ
SELL,2026-07-01T12:13:00+05:30,117.66,-0.0011336497577613546,0.09638464608017079,12,-0.5190751430084534,1.697716346153846,2026-07-02T09:53:00+05:30,117.42,-0.23999999999999488,CLOSED,0.0,PRSMJOHNSN-EQ
BUY,2026-07-02T09:53:00+05:30,117.42,0.000833657060262423,0.14578904089280786,9,6.701894283639611,2.421359223300971,2026-07-02T11:04:00+05:30,116.87,-0.5499999999999972,CLOSED,0.0,PRSMJOHNSN-EQ
SELL,2026-07-02T11:04:00+05:30,116.87,-0.0025676964840364424,0.06092800852007241,11,2.9775943220660714,0.10895345389860658,2026-07-03T09:37:00+05:30,116.75,-0.12000000000000455,CLOSED,0.0,PRSMJOHNSN-EQ
BUY,2026-07-03T09:37:00+05:30,116.75,0.0034819896110367637,0.10952422360170293,9,0.9138349459111954,0.7815472415979708,2026-07-03T11:17:00+05:30,116.11,-0.6400000000000006,CLOSED,0.0,PRSMJOHNSN-EQ
SELL,2026-07-03T11:17:00+05:30,116.11,-0.006142262876515224,0.1678491386136173,11,0.9757738830701626,0.39850136239782014,2026-07-06T12:53:00+05:30,116.04,-0.06999999999999318,CLOSED,0.0,PRSMJOHNSN-EQ
BUY,2026-07-06T12:53:00+05:30,116.04,0.0006661930657986327,0.1693287400951836,12,-0.9847202923445382,2.31404958677686,2026-07-06T13:52:00+05:30,115.51,-0.5300000000000011,CLOSED,0.0,PRSMJOHNSN-EQ
SELL,2026-07-06T13:52:00+05:30,115.51,-0.0071093262439313205,0.16497811302647872,13,42.99999834615391,0.1791958041958042,2026-07-07T09:22:00+05:30,115.81,0.29999999999999716,CLOSED,1.0,PRSMJOHNSN-EQ
BUY,2026-07-07T09:22:00+05:30,115.81,0.0004482846920191656,0.21823789262586352,9,-0.3051724133546373,0.5272952853598014,2026-07-07T09:34:00+05:30,115.42,-0.39000000000000057,CLOSED,0.0,PRSMJOHNSN-EQ
SELL,2026-07-07T09:34:00+05:30,115.42,-0.00027866972409864996,0.14662499407975824,9,-0.8367516046853619,0.8819796954314721,2026-07-10T09:31:00+05:30,112.87,-2.549999999999997,CLOSED,0.0,PRSMJOHNSN-EQ
BUY,2026-07-10T09:31:00+05:30,112.87,0.01024936191170885,0.1681302405213813,9,-0.6551535078739672,0.02384737678855326,2026-07-10T12:43:00+05:30,112.41,-0.46000000000000796,CLOSED,0.0,PRSMJOHNSN-EQ
SELL,2026-07-10T12:43:00+05:30,112.41,-0.007351853582345399,0.20914906964491534,12,4.087250987874002,1.540253739525413,2026-07-13T10:15:00+05:30,112.67,0.2600000000000051,CLOSED,1.0,PRSMJOHNSN-EQ
BUY,2026-07-13T10:15:00+05:30,112.67,0.002120611604781155,0.10883728936148529,10,0.4229764957835968,0.1926605504587156,2026-07-13T10:18:00+05:30,112.52,-0.15000000000000568,CLOSED,0.0,PRSMJOHNSN-EQ
SELL,2026-07-13T10:18:00+05:30,112.52,-0.00046432569802123735,0.10422198531126867,10,3.0349649288473803,0.22963604852686306,2026-07-13T10:22:00+05:30,112.67,0.15000000000000568,CLOSED,1.0,PRSMJOHNSN-EQ
BUY,2026-07-13T10:22:00+05:30,112.67,1.0619623752913721e-05,0.10674996747332349,10,-0.4880136944519376,1.7976588628762542,2026-07-13T13:00:00+05:30,112.47,-0.20000000000000284,CLOSED,0.0,PRSMJOHNSN-EQ
SELL,2026-07-13T13:00:00+05:30,112.47,-0.0008779067069248635,0.12927576038152808,13,19.51412374253888,0.011704764527678324,2026-07-14T15:10:00+05:30,111.95,-0.519999999999996,CLOSED,0.0,PRSMJOHNSN-EQ
BUY,2026-07-14T15:10:00+05:30,111.95,0.0023882183602959347,0.11711343029540007,15,47.92765855473067,2.2910506174986955,2026-07-14T15:26:00+05:30,111.51,-0.4399999999999977,CLOSED,0.0,PRSMJOHNSN-EQ
SELL,2026-07-14T15:26:00+05:30,111.51,-0.0075712190617551875,0.14802777517149107,15,0.019496344415621144,1.1050796812749004,2026-07-15T09:16:00+05:30,112.34,0.8299999999999983,CLOSED,1.0,PRSMJOHNSN-EQ
BUY,2026-07-15T09:16:00+05:30,112.34,0.004641645946823433,0.2836194633659694,9,-0.3370517924929763,0.4777644230769231,2026-07-15T14:53:00+05:30,112.2,-0.14000000000000057,CLOSED,0.0,PRSMJOHNSN-EQ
SELL,2026-07-15T14:53:00+05:30,112.2,-0.00016316437474286525,0.04762119042797785,14,2.8840577620247996,0.9701492537313433,2026-07-21T09:16:00+05:30,110.4,-1.7999999999999972,CLOSED,0.0,PRSMJOHNSN-EQ
BUY,2026-07-21T09:16:00+05:30,110.4,0.004498172128339787,0.18154889148656236,9,2.2047244027718826,0.8013608013608013,2026-07-22T09:17:00+05:30,110.98,0.5799999999999983,CLOSED,1.0,PRSMJOHNSN-EQ
SELL,2026-07-22T09:17:00+05:30,110.98,-0.02276522086862976,0.5455109735121936,9,1.2248793316971485,1.0538901489005028,2026-07-24T13:52:00+05:30,107.3,-3.680000000000007,CLOSED,0.0,PRSMJOHNSN-EQ
BUY,2026-07-24T13:52:00+05:30,107.3,0.00044909215025546573,0.06349978127696469,13,-0.9016536079127345,0.24336283185840707,2026-07-28T09:57:00+05:30,107.95,0.6500000000000057,CLOSED,1.0,PRSMJOHNSN-EQ
SELL,2026-07-28T09:57:00+05:30,107.95,-0.006202924116646734,0.16886549545586926,9,10.191037615671727,2.122760800842993,2026-07-29T09:44:00+05:30,107.98,0.030000000000001137,CLOSED,1.0,PRSMJOHNSN-EQ
BUY,2026-07-29T09:44:00+05:30,107.98,0.009378960521509803,0.08784455968736364,9,-0.9755768902747276,1.4224137931034482,2026-07-29T15:17:00+05:30,107.82,-0.1600000000000108,CLOSED,0.0,PRSMJOHNSN-EQ
SELL,2026-07-29T15:17:00+05:30,107.82,-0.000564919722079332,0.17807925825941043,15,0.29662698265562004,1.6048201989288449,2026-07-29T15:25:00+05:30,108.2,0.38000000000000966,CLOSED,1.0,PRSMJOHNSN-EQ
BUY,2026-07-29T15:25:00+05:30,108.2,0.003515132007740668,0.12393546707863765,15,1.2779519264474821,1.0,2026-07-29T15:29:00+05:30,107.55,-0.6500000000000057,CLOSED,0.0,PRSMJOHNSN-EQ
SELL,2026-07-29T15:29:00+05:30,107.55,-0.015758983837935843,0.16926310879810783,15,0.5276575263885102,2.1875,2026-07-31T11:27:00+05:30,105.78,-1.769999999999996,CLOSED,0.0,PRSMJOHNSN-EQ
BUY,2026-07-31T11:27:00+05:30,105.78,0.011634253777019689,0.13469719126000085,11,11.56533317912889,0.21540747028862478,2026-08-04T09:25:00+05:30,108.06,2.280000000000001,CLOSED,1.0,PRSMJOHNSN-EQ
SELL,2026-08-04T09:25:00+05:30,108.06,-0.01893087631027152,0.3125237768732349,9,1.7710481061618382,1.482328321190513,2026-08-04T10:41:00+05:30,108.76,0.7000000000000028,CLOSED,1.0,PRSMJOHNSN-EQ
BUY,2026-08-04T10:41:00+05:30,108.76,0.003352463479926274,0.04402019738458275,10,1.5349999616250012,0.07396449704142011,2026-08-04T12:00:00+05:30,108.53,-0.23000000000000398,CLOSED,0.0,PRSMJOHNSN-EQ
SELL,2026-08-04T12:00:00+05:30,108.53,-0.004317205824950752,0.08932462644136394,12,18.937497041016083,1.8887147335423198,2026-08-04T14:26:00+05:30,109.05,0.519999999999996,CLOSED,1.0,PRSMJOHNSN-EQ
BUY,2026-08-04T14:26:00+05:30,109.05,0.010783079393206704,0.10480139948174666,14,8.519047416213157,1.7058529264632316,2026-08-07T09:17:00+05:30,112.0,2.950000000000003,CLOSED,1.0,PRSMJOHNSN-EQ
SELL,2026-08-07T09:17:00+05:30,112.0,-0.029060818623627523,0.3665893857953023,9,0.8676009580789222,1.18211887835703,2026-08-07T09:35:00+05:30,114.02,2.019999999999996,CLOSED,1.0,PRSMJOHNSN-EQ
BUY,2026-08-07T09:35:00+05:30,114.02,0.0024961365062350542,0.47611389860456876,9,0.30523141451079616,1.1976393771973883,2026-08-07T10:26:00+05:30,112.35,-1.6700000000000017,CLOSED,0.0,PRSMJOHNSN-EQ
SELL,2026-08-07T10:26:00+05:30,112.35,-0.011310923192547012,0.4581908869553067,10,3.2834331255403364,1.2619408201304754,2026-08-07T12:09:00+05:30,117.0,4.650000000000006,CLOSED,1.0,PRSMJOHNSN-EQ
BUY,2026-08-07T12:09:00+05:30,117.0,0.09362635601884102,0.20877686121258113,12,-0.31019428055544956,0.5221518987341772,2026-08-07T14:07:00+05:30,114.68,-2.319999999999993,CLOSED,0.0,PRSMJOHNSN-EQ
SELL,2026-08-07T14:07:00+05:30,114.68,-0.05252983379156553,0.23182608423845197,14,-0.7797784926097764,0.7153744870744635,,,,OPEN,,PRSMJOHNSN-EQ
SELL,2026-06-24T12:09:00+05:30,54.95,-0.001289622347040388,0.04280446497997765,12,0.26841574099794224,0.4842879872712808,2026-06-24T13:23:00+05:30,55.05,0.09999999999999432,CLOSED,1.0,MOCAPITAL-EQ
BUY,2026-06-24T13:23:00+05:30,55.05,0.0025153474599038067,0.028848262031225244,13,3.6171045175597976,1.5444915254237288,2026-06-24T14:09:00+05:30,54.87,-0.17999999999999972,CLOSED,0.0,MOCAPITAL-EQ
SELL,2026-06-24T14:09:00+05:30,54.87,-0.009176784345706044,0.04794672969962516,14,8.969364135926694,0.6263408128949962,2026-06-25T10:35:00+05:30,55.06,0.19000000000000483,CLOSED,1.0,MOCAPITAL-EQ
BUY,2026-06-25T10:35:00+05:30,55.06,0.008723334885478082,0.06261877602693329,10,0.9893811781495957,0.43898398674765327,2026-06-25T12:48:00+05:30,54.95,-0.10999999999999943,CLOSED,0.0,MOCAPITAL-EQ
SELL,2026-06-25T12:48:00+05:30,54.95,-0.003129761991140924,0.05300943312279422,12,4.511500522938113,1.5620031796502385,2026-06-25T13:53:00+05:30,55.05,0.09999999999999432,CLOSED,1.0,MOCAPITAL-EQ
BUY,2026-06-25T13:53:00+05:30,55.05,6.83913184128298e-06,0.029439202887759534,13,1.0315380858041288,0.3469070933842847,2026-06-25T13:54:00+05:30,55.03,-0.01999999999999602,CLOSED,0.0,MOCAPITAL-EQ
SELL,2026-06-25T13:54:00+05:30,55.03,-0.0006423095280054835,0.029363620727393673,13,-0.6927362766273873,0.9066487575554063,2026-06-29T14:06:00+05:30,54.79,-0.240000000000002,CLOSED,0.0,MOCAPITAL-EQ
BUY,2026-06-29T14:06:00+05:30,54.79,0.0005339497034938875,0.030258148581092853,14,6.9431099434695955,2.3981378322457427,2026-06-29T14:54:00+05:30,54.65,-0.14000000000000057,CLOSED,0.0,MOCAPITAL-EQ
SELL,2026-06-29T14:54:00+05:30,54.65,-0.0010286725754813362,0.08102811583367721,14,0.11534391503877277,0.1933111954459203,2026-06-29T15:05:00+05:30,54.9,0.25,CLOSED,1.0,MOCAPITAL-EQ
BUY,2026-06-29T15:05:00+05:30,54.9,0.003163240690788009,0.07036413227711388,15,-0.17262578856768668,1.0881892843175598,2026-06-29T15:27:00+05:30,54.7,-0.19999999999999574,CLOSED,0.0,MOCAPITAL-EQ
SELL,2026-06-29T15:27:00+05:30,54.7,-0.003477250433854079,0.03565264521898863,15,2.447928329944053,1.927393453863087,2026-06-30T09:15:00+05:30,55.15,0.44999999999999574,CLOSED,1.0,MOCAPITAL-EQ
BUY,2026-06-30T09:15:00+05:30,55.15,0.023893243998733438,0.03071373199943713,9,1.056339131383663,0.3740997599359829,2026-06-30T13:10:00+05:30,54.85,-0.29999999999999716,CLOSED,0.0,MOCAPITAL-EQ
SELL,2026-06-30T13:10:00+05:30,54.85,-0.0010271773872935624,0.010327955589886072,13,3.902438929208807,0.06218905472636816,2026-06-30T14:46:00+05:30,54.93,0.0799999999999983,CLOSED,1.0,MOCAPITAL-EQ
BUY,2026-06-30T14:46:00+05:30,54.93,0.0022670620352995647,0.023094010767585906,14,1.0271844610330854,2.2545498084291187,2026-06-30T15:02:00+05:30,54.72,-0.21000000000000085,CLOSED,0.0,MOCAPITAL-EQ
SELL,2026-06-30T15:02:00+05:30,54.72,-0.007134900267197367,0.08837420438114371,15,32.64853539409762,2.3736321810494903,2026-07-01T09:24:00+05:30,55.06,0.3400000000000034,CLOSED,1.0,MOCAPITAL-EQ
BUY,2026-07-01T09:24:00+05:30,55.06,0.004618435359030713,0.1258040804849613,9,-0.12668510196245336,0.2073379322043482,2026-07-02T12:53:00+05:30,55.6,0.5399999999999991,CLOSED,1.0,MOCAPITAL-EQ
SELL,2026-07-02T12:53:00+05:30,55.6,-0.02574355700779037,0.0639791632747197,12,13.253610591410716,1.0291614315243383,2026-07-03T09:31:00+05:30,55.85,0.25,CLOSED,1.0,MOCAPITAL-EQ
BUY,2026-07-03T09:31:00+05:30,55.85,0.002087160325229601,0.029814239699997885,9,2.1640109860384467,0.8500477554918815,2026-07-03T10:43:00+05:30,55.7,-0.14999999999999858,CLOSED,0.0,MOCAPITAL-EQ
SELL,2026-07-03T10:43:00+05:30,55.7,-0.007073245813166264,0.035418137224372294,10,-0.34891089074365256,0.31630170316301703,2026-07-03T13:29:00+05:30,55.82,0.11999999999999744,CLOSED,1.0,MOCAPITAL-EQ
BUY,2026-07-03T13:29:00+05:30,55.82,0.00351442922933669,0.03915780041490291,13,-0.6041225394936915,1.1581625995041107,2026-07-03T14:25:00+05:30,55.64,-0.17999999999999972,CLOSED,0.0,MOCAPITAL-EQ
SELL,2026-07-03T14:25:00+05:30,55.64,-0.0020381635845096707,0.04599516882842824,14,-0.3286082470697935,1.3891554702495201,2026-07-03T15:10:00+05:30,55.83,0.18999999999999773,CLOSED,1.0,MOCAPITAL-EQ
BUY,2026-07-03T15:10:00+05:30,55.83,0.00409544239359413,0.02875181153712872,15,5.249602501990442,0.24230475705927243,2026-07-03T15:18:00+05:30,55.61,-0.21999999999999886,CLOSED,0.0,MOCAPITAL-EQ
SELL,2026-07-03T15:18:00+05:30,55.61,-0.007493307352742197,0.07615773105863824,15,-0.17865795840163376,1.7330383480825957,2026-07-07T14:25:00+05:30,54.37,-1.240000000000002,CLOSED,0.0,MOCAPITAL-EQ
BUY,2026-07-07T14:25:00+05:30,54.37,0.009395120530926619,0.02068278940998389,14,0.7944640747979502,0.14132753528060388,2026-07-08T11:48:00+05:30,54.31,-0.05999999999999517,CLOSED,0.0,MOCAPITAL-EQ
SELL,2026-07-08T11:48:00+05:30,54.31,-0.00403469473159286,0.06397916327472053,11,0.5622056997755851,1.9626001427778217,2026-07-09T09:27:00+05:30,54.35,0.03999999999999915,CLOSED,1.0,MOCAPITAL-EQ
BUY,2026-07-09T09:27:00+05:30,54.35,0.0007071544680182712,0.08651268372004324,9,-0.43039625375205287,1.951584369634216,2026-07-10T13:28:00+05:30,55.25,0.8999999999999986,CLOSED,1.0,MOCAPITAL-EQ
SELL,2026-07-10T13:28:00+05:30,55.25,-0.0024586537136298903,0.04273952113286583,13,-0.5647231746375682,0.05121566861773976,2026-07-10T13:59:00+05:30,55.4,0.14999999999999858,CLOSED,1.0,MOCAPITAL-EQ
BUY,2026-07-10T13:59:00+05:30,55.4,0.001617658198768834,0.04756282395129835,13,3.016548454442824,0.522366097704532,2026-07-13T09:49:00+05:30,55.3,-0.10000000000000142,CLOSED,0.0,MOCAPITAL-EQ
SELL,2026-07-13T09:49:00+05:30,55.3,-0.007184736197665086,0.026583202716504117,9,0.8289555966002534,1.4699093862198667,2026-07-13T10:01:00+05:30,55.45,0.15000000000000568,CLOSED,1.0,MOCAPITAL-EQ
BUY,2026-07-13T10:01:00+05:30,55.45,0.0022549733044369027,0.04228212125447166,10,-0.4664899654804146,0.45067423704755144,2026-07-13T10:18:00+05:30,55.31,-0.14000000000000057,CLOSED,0.0,MOCAPITAL-EQ
SELL,2026-07-13T10:18:00+05:30,55.31,-0.0011050575505543129,0.05641118880348329,10,0.09755102020907946,1.0608032725920418,2026-07-13T10:48:00+05:30,55.49,0.17999999999999972,CLOSED,1.0,MOCAPITAL-EQ
BUY,2026-07-13T10:48:00+05:30,55.49,0.004241850539119147,0.03425395354310831,10,0.18727915174882653,2.077643557422969,2026-07-13T10:52:00+05:30,55.41,-0.0800000000000054,CLOSED,0.0,MOCAPITAL-EQ
SELL,2026-07-13T10:52:00+05:30,55.41,-0.00026045951420528804,0.04005551702880108,10,4.969395543345848,0.42489105357600615,2026-07-13T12:22:00+05:30,55.54,0.13000000000000256,CLOSED,1.0,MOCAPITAL-EQ
BUY,2026-07-13T12:22:00+05:30,55.54,0.0011394134305904111,0.06429964575675784,12,5.001007024164114,1.0224030877664039,2026-07-14T10:09:00+05:30,55.49,-0.04999999999999716,CLOSED,0.0,MOCAPITAL-EQ
SELL,2026-07-14T10:09:00+05:30,55.49,-0.0010256711366841817,0.02357022603955058,10,6.6588166536990885,2.1348250362125487,2026-07-14T11:33:00+05:30,55.54,0.04999999999999716,CLOSED,1.0,MOCAPITAL-EQ
BUY,2026-07-14T11:33:00+05:30,55.54,0.0002709191790400294,0.021705094128133498,11,1.8743649844916324,0.08004214533342398,2026-07-14T11:45:00+05:30,55.4,-0.14000000000000057,CLOSED,0.0,MOCAPITAL-EQ
SELL,2026-07-14T11:45:00+05:30,55.4,-0.004009817756843198,0.042491829279940246,11,-0.8052604936639846,1.4025974025974026,2026-07-15T09:20:00+05:30,55.57,0.1700000000000017,CLOSED,1.0,MOCAPITAL-EQ
BUY,2026-07-15T09:20:00+05:30,55.57,0.0017026854293880473,0.2323431370480602,9,-0.46662696402340303,2.2008932405737354,2026-07-15T13:03:00+05:30,55.37,-0.20000000000000284,CLOSED,0.0,MOCAPITAL-EQ
SELL,2026-07-15T13:03:00+05:30,55.37,-0.012360604002091644,0.08821690440172003,13,-0.2626339177610951,0.7000700770847933,2026-07-15T15:14:00+05:30,55.56,0.19000000000000483,CLOSED,1.0,MOCAPITAL-EQ
BUY,2026-07-15T15:14:00+05:30,55.56,0.0002156992305243388,0.03204163957519487,15,-0.5597196829068709,2.4524221453287196,2026-07-16T09:18:00+05:30,55.14,-0.4200000000000017,CLOSED,0.0,MOCAPITAL-EQ
SELL,2026-07-16T09:18:00+05:30,55.14,-0.01699758048169633,0.17994134846913062,9,4.311173971999543,0.7650909897913892,2026-07-17T14:45:00+05:30,54.18,-0.9600000000000009,CLOSED,0.0,MOCAPITAL-EQ
BUY,2026-07-17T14:45:00+05:30,54.18,0.0018468010003386394,0.02540778533354527,14,-0.7317661234360396,0.0599250936329588,2026-07-20T09:19:00+05:30,53.9,-0.28000000000000114,CLOSED,0.0,MOCAPITAL-EQ
SELL,2026-07-20T09:19:00+05:30,53.9,-0.013956206933143579,0.15903877933803964,9,-0.6042672151535897,0.76541152949017,2026-07-20T10:03:00+05:30,54.31,0.4100000000000037,CLOSED,1.0,MOCAPITAL-EQ
BUY,2026-07-20T10:03:00+05:30,54.31,0.004977344048303998,0.057744648621707174,10,1.000941397387067,1.5871265584568337,2026-07-20T12:08:00+05:30,54.13,-0.17999999999999972,CLOSED,0.0,MOCAPITAL-EQ
SELL,2026-07-20T12:08:00+05:30,54.13,-0.004533221856135071,0.033349995835415924,12,1.1465295580697106,0.0249500998003992,2026-07-20T12:19:00+05:30,54.35,0.21999999999999886,CLOSED,1.0,MOCAPITAL-EQ
BUY,2026-07-20T12:19:00+05:30,54.35,0.0020013976807730857,0.05440588203494195,12,-0.4448231780519565,0.6792018419033,2026-07-20T12:54:00+05:30,54.2,-0.14999999999999858,CLOSED,0.0,MOCAPITAL-EQ
SELL,2026-07-20T12:54:00+05:30,54.2,-0.0021511860204051878,0.044284434185287554,12,0.9708470820383743,1.4073402176946692,2026-07-20T13:04:00+05:30,54.37,0.1699999999999946,CLOSED,1.0,MOCAPITAL-EQ
BUY,2026-07-20T13:04:00+05:30,54.37,0.0033990396441425444,0.031287200080686486,13,-0.44668674631523086,0.5484485574305934,2026-07-21T10:54:00+05:30,54.47,0.10000000000000142,CLOSED,1.0,MOCAPITAL-EQ
SELL,2026-07-21T10:54:00+05:30,54.47,-0.0005367391057994004,0.0052704627669462505,10,0.7407407373113855,0.04521276595744681,2026-07-22T15:29:00+05:30,53.82,-0.6499999999999986,CLOSED,0.0,MOCAPITAL-EQ
BUY,2026-07-22T15:29:00+05:30,53.82,0.004468435029110968,0.023213980461973847,15,2.003648568298563,0.5624119333365726,2026-07-23T09:15:00+05:30,53.28,-0.5399999999999991,CLOSED,0.0,MOCAPITAL-EQ
SELL,2026-07-23T09:15:00+05:30,53.28,-0.024904010880779547,0.0543241300999028,9,0.18272384880855183,1.6589625064201334,2026-07-24T12:16:00+05:30,52.66,-0.6200000000000045,CLOSED,0.0,MOCAPITAL-EQ
BUY,2026-07-24T12:16:00+05:30,52.66,0.002411253047255249,0.029832867780351182,12,1.4033867532455597,0.058505284348263714,2026-07-28T09:40:00+05:30,53.05,0.39000000000000057,CLOSED,1.0,MOCAPITAL-EQ
SELL,2026-07-28T09:40:00+05:30,53.05,-0.0036696640402587868,0.026436506745197232,9,-0.6475153331784231,2.001953125,2026-07-28T15:29:00+05:30,53.22,0.1700000000000017,CLOSED,1.0,MOCAPITAL-EQ
BUY,2026-07-28T15:29:00+05:30,53.22,0.02466986364239217,0.19443650777453061,15,0.5430987236580683,1.4029680365296804,2026-07-29T12:42:00+05:30,52.9,-0.3200000000000003,CLOSED,0.0,MOCAPITAL-EQ
SELL,2026-07-29T12:42:00+05:30,52.9,-0.002982402072737044,0.018856180831640444,12,-0.91072981698793,2.183348095659876,2026-07-29T13:29:00+05:30,53.03,0.13000000000000256,CLOSED,1.0,MOCAPITAL-EQ
BUY,2026-07-29T13:29:00+05:30,53.03,0.0031603209502771407,0.008498365855989072,13,14.8426551479943,2.297389044072005,2026-07-29T13:43:00+05:30,52.93,-0.10000000000000142,CLOSED,0.0,MOCAPITAL-EQ
SELL,2026-07-29T13:43:00+05:30,52.93,-0.0008391580909381004,0.03705851229250099,13,9.401135244081669,1.385301073312716,2026-07-29T13:54:00+05:30,53.08,0.14999999999999858,CLOSED,1.0,MOCAPITAL-EQ
BUY,2026-07-29T13:54:00+05:30,53.08,0.007526726805503075,0.06069962474714782,13,-0.6406981689792123,0.2251184834123223,2026-07-30T09:25:00+05:30,52.86,-0.21999999999999886,CLOSED,0.0,MOCAPITAL-EQ
SELL,2026-07-30T09:25:00+05:30,52.86,-0.009310310706541357,0.04685675570881533,9,-0.2601857714480759,0.9027678698815809,2026-07-31T09:15:00+05:30,52.87,0.00999999999999801,CLOSED,1.0,MOCAPITAL-EQ
BUY,2026-07-31T09:15:00+05:30,52.87,0.005729351085932875,0.011595018087285632,9,9.193473178166045,0.7209826532945673,2026-08-03T11:28:00+05:30,53.25,0.38000000000000256,CLOSED,1.0,MOCAPITAL-EQ
SELL,2026-08-03T11:28:00+05:30,53.25,-0.0035284757078427108,0.021628170930010716,11,0.5906099153343354,1.923448275862069,2026-08-04T09:39:00+05:30,53.27,0.020000000000003126,CLOSED,1.0,MOCAPITAL-EQ
BUY,2026-08-04T09:39:00+05:30,53.27,0.0030187057522585202,0.07571877794400413,9,-0.5215786188327842,0.9153896315617868,2026-08-04T11:57:00+05:30,53.1,-0.1700000000000017,CLOSED,0.0,MOCAPITAL-EQ
SELL,2026-08-04T11:57:00+05:30,53.1,-0.011450179754022871,0.018287822299127055,11,9.068493116177727,0.9113756613756614,2026-08-05T15:29:00+05:30,52.89,-0.21000000000000085,CLOSED,0.0,MOCAPITAL-EQ
BUY,2026-08-05T15:29:00+05:30,52.89,0.005150905244946756,0.05831904586934702,15,2.6985438777070603,0.4391891891891892,2026-08-06T09:18:00+05:30,52.78,-0.10999999999999943,CLOSED,0.0,MOCAPITAL-EQ
SELL,2026-08-06T09:18:00+05:30,52.78,-0.0013181178879976619,0.06720615051218594,9,-0.0255795842492124,1.0896962990286487,2026-08-06T09:59:00+05:30,52.9,0.11999999999999744,CLOSED,1.0,MOCAPITAL-EQ
BUY,2026-08-06T09:59:00+05:30,52.9,0.0007948906944106591,0.05907622195096826,9,-0.10451537558168761,0.9424581612692893,2026-08-06T10:10:00+05:30,52.76,-0.14000000000000057,CLOSED,0.0,MOCAPITAL-EQ
SELL,2026-08-06T10:10:00+05:30,52.76,-0.0011695359236270073,0.04087922591134887,10,-0.5611695899869361,1.7177505330490406,2026-08-06T11:34:00+05:30,52.84,0.0800000000000054,CLOSED,1.0,MOCAPITAL-EQ
BUY,2026-08-06T11:34:00+05:30,52.84,0.0020387948474420935,0.018885620632288738,11,-0.2670129866662169,0.9806874557051737,2026-08-06T11:46:00+05:30,52.76,-0.0800000000000054,CLOSED,0.0,MOCAPITAL-EQ
SELL,2026-08-06T11:46:00+05:30,52.76,-0.0005152120015561112,0.030623157540950064,11,1.671719620621077,0.20493849575598022,2026-08-07T09:20:00+05:30,52.77,0.010000000000005116,CLOSED,1.0,MOCAPITAL-EQ
BUY,2026-08-07T09:20:00+05:30,52.77,0.0029929802417257775,0.08708233651741965,9,0.12688494109510295,0.6531552174510793,2026-08-07T09:35:00+05:30,52.6,-0.1700000000000017,CLOSED,0.0,MOCAPITAL-EQ
SELL,2026-08-07T09:35:00+05:30,52.6,-0.002504805791151966,0.061653151672166125,9,2.2130266894300594,0.3465256008359457,2026-08-07T15:18:00+05:30,52.48,-0.12000000000000455,CLOSED,0.0,MOCAPITAL-EQ
BUY,2026-08-07T15:18:00+05:30,52.48,0.001224573014366487,0.03888730155490584,15,-0.7933583630499492,1.6309859154929578,,,,OPEN,,MOCAPITAL-EQ
SELL,2026-06-25T10:55:00+05:30,27.16,-0.0027289342089912164,0.15979500757046317,10,-0.28880915920741945,2.3584571308244633,2026-06-29T15:29:00+05:30,26.7,-0.46000000000000085,CLOSED,0.0,RHETAN-EQ
BUY,2026-06-29T15:29:00+05:30,26.7,0.012537145786678387,0.06948221195225321,15,0.18489347915976587,1.7141320506355642,2026-06-30T09:57:00+05:30,26.22,-0.4800000000000004,CLOSED,0.0,RHETAN-EQ
SELL,2026-06-30T09:57:00+05:30,26.22,-0.013701451433209883,0.032249030993194636,9,0.8676422225963326,2.4626947794700236,2026-06-30T11:10:00+05:30,26.41,0.19000000000000128,CLOSED,1.0,RHETAN-EQ
BUY,2026-06-30T11:10:00+05:30,26.41,0.002525702811842343,0.03657564459825381,11,-0.7959767000273653,0.014441272159883143,2026-06-30T15:03:00+05:30,26.36,-0.05000000000000071,CLOSED,0.0,RHETAN-EQ
SELL,2026-06-30T15:03:00+05:30,26.36,-0.010785976773864803,0.048407988321488245,15,257.880279420068,1.0338232093795054,2026-07-01T10:09:00+05:30,26.6,0.240000000000002,CLOSED,1.0,RHETAN-EQ
BUY,2026-07-01T10:09:00+05:30,26.6,0.008658903282986491,0.1348620694553438,10,0.7371760603443142,0.7281381284953574,2026-07-01T11:39:00+05:30,26.36,-0.240000000000002,CLOSED,0.0,RHETAN-EQ
SELL,2026-07-01T11:39:00+05:30,26.36,-0.007865494858204683,0.06750308634919346,11,3.6332924204306085,0.09327876343551944,2026-07-02T11:28:00+05:30,26.42,0.060000000000002274,CLOSED,1.0,RHETAN-EQ
BUY,2026-07-02T11:28:00+05:30,26.42,0.007145882637032914,0.03359894178227749,11,-0.9256157632618178,0.3083609271523179,2026-07-07T10:30:00+05:30,26.91,0.48999999999999844,CLOSED,1.0,RHETAN-EQ
SELL,2026-07-07T10:30:00+05:30,26.91,-0.017126565429244043,0.06497862896539293,10,133.54924115957158,0.8950339235944934,2026-07-07T11:15:00+05:30,27.25,0.33999999999999986,CLOSED,1.0,RHETAN-EQ
BUY,2026-07-07T11:15:00+05:30,27.25,0.0031560248100548512,0.02915475947422605,11,0.2999597908265954,0.1300207679731342,2026-07-08T09:48:00+05:30,27.18,-0.07000000000000028,CLOSED,0.0,RHETAN-EQ
SELL,2026-07-08T09:48:00+05:30,27.18,-0.004068956673812277,0.02057506581601419,9,-0.7287247405461532,2.3187351151098174,2026-07-08T11:19:00+05:30,27.22,0.03999999999999915,CLOSED,1.0,RHETAN-EQ
BUY,2026-07-08T11:19:00+05:30,27.22,0.0011138409891686082,0.022010098692292382,11,-0.9442060018297138,0.7051282051282052,2026-07-08T12:25:00+05:30,27.14,-0.0799999999999983,CLOSED,0.0,RHETAN-EQ
SELL,2026-07-08T12:25:00+05:30,27.14,-0.009186733664403752,0.04403281604540949,12,-0.6934379845334316,1.065793390890146,2026-07-09T11:34:00+05:30,26.89,-0.25,CLOSED,0.0,RHETAN-EQ
BUY,2026-07-09T11:34:00+05:30,26.89,0.004361140518423195,0.03326659986633283,11,0.968655840934272,1.902286817434177,2026-07-09T11:40:00+05:30,26.83,-0.060000000000002274,CLOSED,0.0,RHETAN-EQ
SELL,2026-07-09T11:40:00+05:30,26.83,-0.00043140409541484863,0.04087922591134902,11,-0.6620933929905819,0.05904152890309922,2026-07-09T11:43:00+05:30,27.0,0.1700000000000017,CLOSED,1.0,RHETAN-EQ
BUY,2026-07-09T11:43:00+05:30,27.0,0.016575311396987404,0.025905812303634444,11,-0.989525008301331,0.21236187845303867,2026-07-09T15:13:00+05:30,26.87,-0.129999999999999,CLOSED,0.0,RHETAN-EQ
SELL,2026-07-09T15:13:00+05:30,26.87,-0.005894503565866753,0.044484703987876024,15,0.715420492509215,2.1345957772207824,2026-07-10T09:33:00+05:30,27.13,0.259999999999998,CLOSED,1.0,RHETAN-EQ
BUY,2026-07-10T09:33:00+05:30,27.13,0.017254266076741794,0.14259499757471572,9,-0.7714112486425166,0.7575559121123808,2026-07-10T11:16:00+05:30,26.83,-0.3000000000000007,CLOSED,0.0,RHETAN-EQ
SELL,2026-07-10T11:16:00+05:30,26.83,-0.011098302323274311,0.0646443260378582,11,-0.4546093199380964,2.4384571346786887,2026-07-13T09:49:00+05:30,26.99,0.16000000000000014,CLOSED,1.0,RHETAN-EQ
BUY,2026-07-13T09:49:00+05:30,26.99,0.021156763116140904,0.05147815070493423,9,215.86338208023545,1.2780325555611551,2026-07-13T11:45:00+05:30,26.85,-0.13999999999999702,CLOSED,0.0,RHETAN-EQ
SELL,2026-07-13T11:45:00+05:30,26.85,-0.0042145402519458315,0.01712697677155374,11,140.01685314597273,1.0490219513166805,2026-07-14T09:46:00+05:30,27.01,0.16000000000000014,CLOSED,1.0,RHETAN-EQ
BUY,2026-07-14T09:46:00+05:30,27.01,0.03157004988894156,0.1348620694553425,9,1.3725264284182759,0.8325807660850599,2026-07-14T10:15:00+05:30,26.64,-0.370000000000001,CLOSED,0.0,RHETAN-EQ
SELL,2026-07-14T10:15:00+05:30,26.64,-0.01688036760094818,0.038020462326956765,10,-0.6009229189023574,1.8153104925053534,2026-07-14T12:06:00+05:30,26.8,0.16000000000000014,CLOSED,1.0,RHETAN-EQ
BUY,2026-07-14T12:06:00+05:30,26.8,0.012991454286712473,0.06275171533733451,12,-0.06822718910196185,1.688889322322779,2026-07-17T09:20:00+05:30,30.61,3.8099999999999987,CLOSED,1.0,RHETAN-EQ
SELL,2026-07-17T09:20:00+05:30,30.61,-0.01006803821074723,0.10754327294422247,9,2.264953087377448,0.8784496465350652,2026-07-20T11:31:00+05:30,28.09,-2.5199999999999996,CLOSED,0.0,RHETAN-EQ
BUY,2026-07-20T11:31:00+05:30,28.09,0.028068494479908983,0.1480277751714939,11,-0.901022663780451,1.6180933915803597,2026-07-21T09:54:00+05:30,28.29,0.1999999999999993,CLOSED,1.0,RHETAN-EQ
SELL,2026-07-21T09:54:00+05:30,28.29,-0.00125484369960552,0.03864367132317213,9,1.700848059804764,1.144135436474245,2026-07-21T10:52:00+05:30,28.36,0.07000000000000028,CLOSED,1.0,RHETAN-EQ
BUY,2026-07-21T10:52:00+05:30,28.36,0.009319003822977595,0.0883238988672436,10,-0.6654565127398789,0.06910162567026981,2026-07-21T14:52:00+05:30,28.43,0.07000000000000028,CLOSED,1.0,RHETAN-EQ
SELL,2026-07-21T14:52:00+05:30,28.43,-0.004885796636989243,0.0388730126323028,14,2.8798206234980257,2.118777931884728,2026-07-22T11:01:00+05:30,28.48,0.05000000000000071,CLOSED,1.0,RHETAN-EQ
BUY,2026-07-22T11:01:00+05:30,28.48,0.004323159419403738,0.02915475947422666,11,-0.9610818786959249,2.1805441055234955,2026-07-22T13:17:00+05:30,28.38,-0.10000000000000142,CLOSED,0.0,RHETAN-EQ
SELL,2026-07-22T13:17:00+05:30,28.38,-0.00041667745771066235,0.014757295747452282,13,11.767312856408408,1.2144716858320677,2026-07-22T14:07:00+05:30,28.45,0.07000000000000028,CLOSED,1.0,RHETAN-EQ
BUY,2026-07-22T14:07:00+05:30,28.45,0.0025959840597510296,0.021317702607093033,14,0.9938823506026297,1.9164503186216664,2026-07-22T14:12:00+05:30,28.4,-0.05000000000000071,CLOSED,0.0,RHETAN-EQ
SELL,2026-07-22T14:12:00+05:30,28.4,-0.0014134867999691498,0.020000000000000167,14,5.970495900908676,1.6861041066282418,2026-07-22T14:38:00+05:30,28.51,0.11000000000000298,CLOSED,1.0,RHETAN-EQ
BUY,2026-07-22T14:38:00+05:30,28.51,0.002276760506652044,0.01418136492412259,14,-0.6681903728580393,1.4870340356564018,2026-07-23T13:14:00+05:30,28.51,0.0,CLOSED,0.0,RHETAN-EQ
SELL,2026-07-23T13:14:00+05:30,28.51,-0.00914452907180373,0.026666666666665652,13,4.387198062334302,0.001457203066851993,2026-07-23T14:08:00+05:30,28.7,0.18999999999999773,CLOSED,1.0,RHETAN-EQ
BUY,2026-07-23T14:08:00+05:30,28.7,0.01697679328473388,0.030641293851417145,14,-0.17407137623075133,1.1937830687830686,2026-07-23T15:26:00+05:30,28.51,-0.18999999999999773,CLOSED,0.0,RHETAN-EQ
SELL,2026-07-23T15:26:00+05:30,28.51,-0.0014309214558436954,0.02547329756605745,15,-0.45754169511601966,1.9236349248219466,2026-07-24T11:20:00+05:30,28.62,0.10999999999999943,CLOSED,1.0,RHETAN-EQ
BUY,2026-07-24T11:20:00+05:30,28.62,0.009304945569540476,0.02263232692902338,11,-0.19660755574664027,2.4102687140115164,2026-07-24T15:05:00+05:30,28.27,-0.3500000000000014,CLOSED,0.0,RHETAN-EQ
SELL,2026-07-24T15:05:00+05:30,28.27,-0.02356905871333772,0.01663329993316519,15,-0.8460779473581327,0.5528846153846154,2026-07-27T09:22:00+05:30,28.9,0.629999999999999,CLOSED,1.0,RHETAN-EQ
BUY,2026-07-27T09:22:00+05:30,28.9,0.00872596211506288,0.3111073412470013,9,-0.838130293531859,0.32943986484518367,2026-07-28T13:38:00+05:30,29.52,0.620000000000001,CLOSED,1.0,RHETAN-EQ
SELL,2026-07-28T13:38:00+05:30,29.52,-0.01737369291447663,0.01159501808728393,13,0.3892310298917366,0.3854522531316089,2026-07-29T09:18:00+05:30,30.17,0.6500000000000021,CLOSED,1.0,RHETAN-EQ
BUY,2026-07-29T09:18:00+05:30,30.17,0.07627629162737579,0.20800908099834847,9,7.834760985557382,0.03502481192392963,2026-07-29T13:59:00+05:30,29.92,-0.25,CLOSED,0.0,RHETAN-EQ
SELL,2026-07-29T13:59:00+05:30,29.92,-0.00830554231103152,0.08501633829904487,13,-0.7884540992206983,0.16366812641297646,2026-07-30T09:19:00+05:30,30.48,0.5599999999999987,CLOSED,1.0,RHETAN-EQ
BUY,2026-07-30T09:19:00+05:30,30.48,0.03565184256357698,0.29667790240895564,9,6.359427538586254,0.21539331814494447,2026-07-31T15:01:00+05:30,30.66,0.17999999999999972,CLOSED,1.0,RHETAN-EQ
SELL,2026-07-31T15:01:00+05:30,30.66,-0.011091267812845284,0.043919117578668496,15,-0.9729227112075205,2.0152336689904464,2026-08-03T09:17:00+05:30,31.18,0.5199999999999996,CLOSED,1.0,RHETAN-EQ
BUY,2026-08-03T09:17:00+05:30,31.18,0.051291821366691026,0.23597551662078103,9,0.988843279580432,1.2063021652352728,2026-08-03T15:08:00+05:30,31.12,-0.05999999999999872,CLOSED,0.0,RHETAN-EQ
SELL,2026-08-03T15:08:00+05:30,31.12,-0.006964982305962372,0.04994441354590513,15,-0.858151091966986,1.94866691829942,2026-08-04T09:16:00+05:30,31.86,0.7399999999999984,CLOSED,1.0,RHETAN-EQ
BUY,2026-08-04T09:16:00+05:30,31.86,0.0821769725646664,0.2425077318355019,9,1.8347531901350835,1.332482051979693,2026-08-06T14:35:00+05:30,32.85,0.990000000000002,CLOSED,1.0,RHETAN-EQ
SELL,2026-08-06T14:35:00+05:30,32.85,-0.0033464361328582534,0.0233095116493947,14,-0.4616834169404261,0.20478413068844808,2026-08-07T09:15:00+05:30,33.48,0.6299999999999955,CLOSED,1.0,RHETAN-EQ
BUY,2026-08-07T09:15:00+05:30,33.48,0.007462524132520564,0.029230881691191042,9,3.8344731019595284,1.7751988589161702,,,,OPEN,,RHETAN-EQ
BUY,2026-06-24T11:55:00+05:30,437.2,0.006462692281484896,0.28523869146927305,11,1.7425569174671238,2.0649860255057657,2026-06-24T13:03:00+05:30,435.75,-1.4499999999999886,CLOSED,0.0,LICI-EQ
SELL,2026-06-24T13:03:00+05:30,435.75,-0.0033446104728649686,0.35916569992136405,13,-0.4487091151817058,0.5766615203646522,2026-06-24T13:37:00+05:30,436.55,0.8000000000000114,CLOSED,1.0,LICI-EQ
BUY,2026-06-24T13:37:00+05:30,436.55,0.0009677788589822053,0.21915240764769114,13,0.10435155148657328,1.0425903347373087,2026-06-24T13:54:00+05:30,435.9,-0.6500000000000341,CLOSED,0.0,LICI-EQ
SELL,2026-06-24T13:54:00+05:30,435.9,-4.85610311868944e-05,0.20520991962161217,13,1.3884660764913765,1.5314194321283454,2026-06-24T15:04:00+05:30,436.6,0.7000000000000455,CLOSED,1.0,LICI-EQ
BUY,2026-06-24T15:04:00+05:30,436.6,0.0032771082753034475,0.2582526755804222,15,1.1926329075318183,0.54993469554506,2026-06-25T09:15:00+05:30,428.15,-8.450000000000045,CLOSED,0.0,LICI-EQ
SELL,2026-06-25T09:15:00+05:30,428.15,-0.022638733595115194,0.2810693864511047,9,0.04088613745367927,1.0946920045596538,2026-06-29T09:50:00+05:30,427.45,-0.6999999999999886,CLOSED,0.0,LICI-EQ
BUY,2026-06-29T09:50:00+05:30,427.45,0.0029216568817704964,1.59078073075246,9,-0.07907957000387451,0.7589741928983693,2026-06-30T10:58:00+05:30,429.15,1.6999999999999886,CLOSED,1.0,LICI-EQ
SELL,2026-06-30T10:58:00+05:30,429.15,-0.015939565897267853,0.5002499375312415,10,1.0510093424568299,0.5482460599898322,2026-06-30T12:31:00+05:30,431.5,2.3500000000000227,CLOSED,1.0,LICI-EQ
BUY,2026-06-30T12:31:00+05:30,431.5,0.0020797138763793636,0.46654760385909555,12,0.7238846386967902,1.7988984232332554,2026-06-30T15:19:00+05:30,431.3,-0.19999999999998863,CLOSED,0.0,LICI-EQ
SELL,2026-06-30T15:19:00+05:30,431.3,-0.001690395374301239,0.4472446509213684,15,0.03047577693596932,1.1447391390716517,2026-06-30T15:28:00+05:30,432.7,1.3999999999999773,CLOSED,1.0,LICI-EQ
BUY,2026-06-30T15:28:00+05:30,432.7,0.008476435865791365,0.5652187383856035,15,-0.09776964118727713,0.5779631442647801,2026-07-01T09:24:00+05:30,431.35,-1.349999999999966,CLOSED,0.0,LICI-EQ
SELL,2026-07-01T09:24:00+05:30,431.35,-0.00032248304596792465,0.6693487714023081,9,-0.4672435897186301,0.4871555769462158,2026-07-01T09:25:00+05:30,431.95,0.5999999999999659,CLOSED,1.0,LICI-EQ
BUY,2026-07-01T09:25:00+05:30,431.95,0.0008580156769941396,0.5517900164212983,9,-0.631169588714005,0.5708344316550976,2026-07-01T12:56:00+05:30,434.85,2.900000000000034,CLOSED,1.0,LICI-EQ
SELL,2026-07-01T12:56:00+05:30,434.85,-0.012832115317236046,0.335203089351977,12,0.9757206073883263,0.9066832132695684,2026-07-01T13:57:00+05:30,436.4,1.5499999999999545,CLOSED,1.0,LICI-EQ
BUY,2026-07-01T13:57:00+05:30,436.4,0.002160422470747721,0.07835106182361509,13,0.36210394852340877,1.4704365761430045,2026-07-01T14:55:00+05:30,435.65,-0.75,CLOSED,0.0,LICI-EQ
SELL,2026-07-01T14:55:00+05:30,435.65,-0.0026663955292311197,0.2888675205772324,14,0.011764179635944753,1.160086652814006,2026-07-02T15:23:00+05:30,431.9,-3.75,CLOSED,0.0,LICI-EQ
BUY,2026-07-02T15:23:00+05:30,431.9,0.0001132475065183241,0.18408935028644474,15,0.3985711554527179,0.8128747885808005,2026-07-03T09:19:00+05:30,430.75,-1.1499999999999773,CLOSED,0.0,LICI-EQ
SELL,2026-07-03T09:19:00+05:30,430.75,-0.007512249424732347,0.3813717929323686,9,1.2333698133287292,0.5931417979610751,2026-07-03T09:26:00+05:30,432.45,1.6999999999999886,CLOSED,1.0,LICI-EQ
BUY,2026-07-03T09:26:00+05:30,432.45,0.004537119979118802,0.650832799829065,9,-0.030797864389490538,0.8501303579938886,2026-07-03T11:10:00+05:30,431.3,-1.1499999999999773,CLOSED,0.0,LICI-EQ
SELL,2026-07-03T11:10:00+05:30,431.3,-0.0020935376943233344,0.23428377854407212,11,-0.23081201324118839,0.5558568329718004,2026-07-03T12:00:00+05:30,432.55,1.25,CLOSED,1.0,LICI-EQ
BUY,2026-07-03T12:00:00+05:30,432.55,0.0015808383340359213,0.1732852497409336,12,0.18318756062731553,0.36498973305954824,2026-07-03T13:03:00+05:30,431.5,-1.0500000000000114,CLOSED,0.0,LICI-EQ
SELL,2026-07-03T13:03:00+05:30,431.5,-0.003866412685305753,0.2746715209926998,13,-0.1062025880710605,1.4921367948077882,2026-07-06T09:21:00+05:30,433.35,1.8500000000000227,CLOSED,1.0,LICI-EQ
BUY,2026-07-06T09:21:00+05:30,433.35,0.002744840242004406,1.5524979871162565,9,0.1915846777487607,0.9685373340313138,2026-07-06T09:32:00+05:30,429.65,-3.7000000000000455,CLOSED,0.0,LICI-EQ
SELL,2026-07-06T09:32:00+05:30,429.65,-0.006477192718553181,1.2220656465364035,9,-0.44825562681505143,0.859179332349813,2026-07-06T11:49:00+05:30,430.85,1.2000000000000455,CLOSED,1.0,LICI-EQ
BUY,2026-07-06T11:49:00+05:30,430.85,0.0029543266929756154,0.2472627931753801,11,1.2664329529945517,1.4647138437741687,2026-07-06T11:53:00+05:30,428.8,-2.0500000000000114,CLOSED,0.0,LICI-EQ
SELL,2026-07-06T11:53:00+05:30,428.8,-0.015032615466724662,0.2629427483101417,11,0.8061712589078451,0.906132269014137,2026-07-07T09:17:00+05:30,432.45,3.6499999999999773,CLOSED,1.0,LICI-EQ
BUY,2026-07-07T09:17:00+05:30,432.45,0.013288740124320754,0.9267026371915594,9,0.8825105324746128,1.329505807280907,2026-07-07T13:46:00+05:30,434.3,1.8500000000000227,CLOSED,1.0,LICI-EQ
SELL,2026-07-07T13:46:00+05:30,434.3,-0.001063991966458706,0.13080944580231452,13,1.830500800684248,0.4682866810212242,2026-07-07T14:02:00+05:30,435.55,1.25,CLOSED,1.0,LICI-EQ
BUY,2026-07-07T14:02:00+05:30,435.55,0.0014924320528339858,0.30464004260035643,14,2.0777014385499046,0.1848321591380025,2026-07-08T09:19:00+05:30,432.9,-2.650000000000034,CLOSED,0.0,LICI-EQ
SELL,2026-07-08T09:19:00+05:30,432.9,-0.019368178845841633,1.3443709805456778,9,0.3491364577503098,0.6254843372775775,2026-07-08T09:47:00+05:30,438.45,5.550000000000011,CLOSED,1.0,LICI-EQ
BUY,2026-07-08T09:47:00+05:30,438.45,0.029526647617944036,2.5863101128828303,9,0.08166780483793652,1.1633217119246877,2026-07-08T12:08:00+05:30,436.5,-1.9499999999999886,CLOSED,0.0,LICI-EQ
SELL,2026-07-08T12:08:00+05:30,436.5,-0.0053233594049085925,0.18020050561034237,12,-0.8063538780000067,1.1142154671434956,2026-07-09T09:46:00+05:30,433.7,-2.8000000000000114,CLOSED,0.0,LICI-EQ
BUY,2026-07-09T09:46:00+05:30,433.7,0.014861166558501865,0.28693785622210616,9,1.6067376503495074,0.2628709177523963,2026-07-10T11:12:00+05:30,437.35,3.650000000000034,CLOSED,1.0,LICI-EQ
SELL,2026-07-10T11:12:00+05:30,437.35,-0.003941127166736562,0.4716696112982331,11,-0.6770471070875426,0.35160711372165115,2026-07-10T11:16:00+05:30,439.5,2.1499999999999773,CLOSED,1.0,LICI-EQ
BUY,2026-07-10T11:16:00+05:30,439.5,0.009154928802100365,0.7473843277279361,11,2.580491456476588,2.0127469059523584,2026-07-13T09:22:00+05:30,438.75,-0.75,CLOSED,0.0,LICI-EQ
SELL,2026-07-13T09:22:00+05:30,438.75,-0.007567861033034323,1.9024910570676077,9,-0.6678002741454971,1.3592175224188556,2026-07-13T10:22:00+05:30,442.4,3.6499999999999773,CLOSED,1.0,LICI-EQ
BUY,2026-07-13T10:22:00+05:30,442.4,0.004262852497716669,0.43858991223136107,10,0.5424901183983893,1.0438821268417682,2026-07-13T11:18:00+05:30,440.9,-1.5,CLOSED,0.0,LICI-EQ
SELL,2026-07-13T11:18:00+05:30,440.9,-0.002069437082158641,0.19465068427541404,11,0.2024157410847306,1.5651328580686972,2026-07-13T14:23:00+05:30,441.5,0.6000000000000227,CLOSED,1.0,LICI-EQ
BUY,2026-07-13T14:23:00+05:30,441.5,0.00021293990316363968,0.4412419341409471,14,0.29538381729971314,1.3098098098098099,2026-07-14T09:43:00+05:30,439.3,-2.1999999999999886,CLOSED,0.0,LICI-EQ
SELL,2026-07-14T09:43:00+05:30,439.3,-0.0103561976563595,1.1010600952415464,9,-0.37188553045722167,1.5292426182202443,2026-07-15T09:18:00+05:30,442.75,3.4499999999999886,CLOSED,1.0,LICI-EQ
BUY,2026-07-15T09:18:00+05:30,442.75,0.00035529889236593965,3.569998443821644,9,1.3140075299598142,1.1324444732976815,2026-07-15T12:45:00+05:30,441.8,-0.9499999999999886,CLOSED,0.0,LICI-EQ
SELL,2026-07-15T12:45:00+05:30,441.8,-0.004138895962063176,0.13374935098492133,12,-0.21576390136137263,0.29378441945846717,2026-07-16T11:31:00+05:30,439.2,-2.6000000000000227,CLOSED,0.0,LICI-EQ
BUY,2026-07-16T11:31:00+05:30,439.2,0.001690165947600586,0.2499444382702358,11,0.5443106560673358,0.7179057346692137,2026-07-16T13:48:00+05:30,438.0,-1.1999999999999886,CLOSED,0.0,LICI-EQ
SELL,2026-07-16T13:48:00+05:30,438.0,-0.001338222853349993,0.5063211541216847,13,1.766309204153734,1.0085709093845905,2026-07-17T09:21:00+05:30,441.8,3.8000000000000114,CLOSED,1.0,LICI-EQ
BUY,2026-07-17T09:21:00+05:30,441.8,0.022930637031443556,1.5902917272556687,9,0.3288819434399072,1.105327215012911,2026-07-17T10:42:00+05:30,439.0,-2.8000000000000114,CLOSED,0.0,LICI-EQ
SELL,2026-07-17T10:42:00+05:30,439.0,-0.0003787505008796635,0.4092337012297672,10,-0.9620373469431734,1.8737074126483073,2026-07-20T11:20:00+05:30,433.6,-5.399999999999977,CLOSED,0.0,LICI-EQ
BUY,2026-07-20T11:20:00+05:30,433.6,0.0024258562091085192,0.14567848922274182,11,-0.22104757301652142,1.0695558297347316,2026-07-20T11:28:00+05:30,433.05,-0.5500000000000114,CLOSED,0.0,LICI-EQ
SELL,2026-07-20T11:28:00+05:30,433.05,-0.0017155340637506897,0.22010098692292765,11,-0.034951456288057306,0.4379610999329309,2026-07-20T11:34:00+05:30,433.3,0.25,CLOSED,1.0,LICI-EQ
BUY,2026-07-20T11:34:00+05:30,433.3,5.134758275546626e-05,0.1116791037850114,11,0.3695357040869729,0.6557295796986519,2026-07-20T11:35:00+05:30,433.1,-0.19999999999998863,CLOSED,0.0,LICI-EQ
SELL,2026-07-20T11:35:00+05:30,433.1,-0.0014412641573513254,0.088349055204664,11,0.7359712216978935,0.4947161210111894,2026-07-20T13:37:00+05:30,433.5,0.39999999999997726,CLOSED,1.0,LICI-EQ
BUY,2026-07-20T13:37:00+05:30,433.5,0.003535960440194616,0.2910230995031939,13,-0.8827700304647925,1.1832157258064515,2026-07-20T15:28:00+05:30,432.7,-0.8000000000000114,CLOSED,0.0,LICI-EQ
SELL,2026-07-20T15:28:00+05:30,432.7,-0.002840333384944988,0.1242756792153845,15,-0.20281137012174122,0.8263283418696485,2026-07-21T09:16:00+05:30,434.05,1.3500000000000227,CLOSED,1.0,LICI-EQ
BUY,2026-07-21T09:16:00+05:30,434.05,0.006189936237627222,0.2424412872795785,9,0.4003263915279515,1.0939677231385068,2026-07-21T10:17:00+05:30,432.75,-1.3000000000000114,CLOSED,0.0,LICI-EQ
SELL,2026-07-21T10:17:00+05:30,432.75,-0.0016384650186210621,0.17288403306518554,10,1.6946758390172474,1.2298387096774193,2026-07-23T09:24:00+05:30,425.3,-7.449999999999989,CLOSED,0.0,LICI-EQ
BUY,2026-07-23T09:24:00+05:30,425.3,0.005398604589610917,1.0909857927580826,9,-0.2188600229571527,0.3788399952556043,2026-07-23T09:43:00+05:30,423.9,-1.400000000000034,CLOSED,0.0,LICI-EQ
SELL,2026-07-23T09:43:00+05:30,423.9,-0.0006190901601779578,0.29230881691191407,9,-0.46306207584325887,1.2903225806451615,2026-07-24T11:58:00+05:30,420.85,-3.0499999999999545,CLOSED,0.0,LICI-EQ
BUY,2026-07-24T11:58:00+05:30,420.85,0.0045108813319364996,0.45707402755644067,11,-0.4056906448810831,0.4034664014774826,2026-07-24T15:11:00+05:30,421.0,0.14999999999997726,CLOSED,1.0,LICI-EQ
SELL,2026-07-24T15:11:00+05:30,421.0,-0.001218352300246549,0.230699419639975,15,0.6429437501600127,1.01532167495588,2026-07-27T09:15:00+05:30,425.4,4.399999999999977,CLOSED,1.0,LICI-EQ
BUY,2026-07-27T09:15:00+05:30,425.4,0.016014030360889237,0.31954829229884985,9,1.033066420579219,1.189646378782727,2026-07-27T12:11:00+05:30,422.95,-2.4499999999999886,CLOSED,0.0,LICI-EQ
SELL,2026-07-27T12:11:00+05:30,422.95,-0.0027492265965096485,0.2690002065261573,12,1.979505812514894,1.7187423776769597,2026-07-27T13:18:00+05:30,425.45,2.5,CLOSED,1.0,LICI-EQ
BUY,2026-07-27T13:18:00+05:30,425.45,0.011328981964451942,0.27913557040740333,13,-0.1901195084202494,1.4015899407669126,2026-07-28T13:14:00+05:30,425.8,0.35000000000002274,CLOSED,1.0,LICI-EQ
SELL,2026-07-28T13:14:00+05:30,425.8,-0.0065550718492625865,0.4146283476399924,13,3.3799999957215188,0.39347436564360444,2026-07-28T14:30:00+05:30,426.9,1.099999999999966,CLOSED,1.0,LICI-EQ
BUY,2026-07-28T14:30:00+05:30,426.9,0.001527208420526872,0.10606601717798093,14,-0.2989809002667576,1.188023490902089,2026-07-29T09:30:00+05:30,426.1,-0.7999999999999545,CLOSED,0.0,LICI-EQ
SELL,2026-07-29T09:30:00+05:30,426.1,-0.0028856427809260637,0.2562550812504223,9,-0.6395851527686043,0.7343854122493487,2026-07-30T09:21:00+05:30,426.2,0.0999999999999659,CLOSED,1.0,LICI-EQ
BUY,2026-07-30T09:21:00+05:30,426.2,0.012766856720065401,1.2707062778016263,9,-0.2037783751303224,1.0000117227797056,2026-07-30T10:40:00+05:30,423.75,-2.4499999999999886,CLOSED,0.0,LICI-EQ
SELL,2026-07-30T10:40:00+05:30,423.75,-0.0057344395213152185,0.33416562759605367,10,0.12965735549265162,0.990135564980309,2026-07-31T12:45:00+05:30,424.25,0.5,CLOSED,1.0,LICI-EQ
BUY,2026-07-31T12:45:00+05:30,424.25,0.0026003081614685273,0.21576736443577796,12,1.1688546844961105,1.386105892993808,2026-08-03T14:26:00+05:30,426.8,2.5500000000000114,CLOSED,1.0,LICI-EQ
SELL,2026-08-03T14:26:00+05:30,426.8,-0.003973226011761834,0.339116499156266,14,-0.7532363635450622,0.5029963650653306,2026-08-05T15:09:00+05:30,394.1,-32.69999999999999,CLOSED,0.0,LICI-EQ
BUY,2026-08-05T15:09:00+05:30,394.1,0.017692006378907364,0.39496835316262396,15,-0.033357167935064276,1.540184179384198,2026-08-06T09:17:00+05:30,387.85,-6.25,CLOSED,0.0,LICI-EQ
SELL,2026-08-06T09:17:00+05:30,387.85,-0.0171302910423316,2.403614176841016,9,4.158001875425426,2.0933729393730327,2026-08-06T14:07:00+05:30,389.4,1.5499999999999545,CLOSED,1.0,LICI-EQ
BUY,2026-08-06T14:07:00+05:30,389.4,5.1826518185905285e-05,0.08959786703810965,14,0.13567425266824076,0.7466062239647145,2026-08-06T14:39:00+05:30,388.5,-0.8999999999999773,CLOSED,0.0,LICI-EQ
SELL,2026-08-06T14:39:00+05:30,388.5,-0.002033746324121638,0.2789364722576704,14,-0.37089106644708236,0.7888746503520593,2026-08-07T09:19:00+05:30,393.25,4.75,CLOSED,1.0,LICI-EQ
BUY,2026-08-07T09:19:00+05:30,393.25,0.031504963156845395,3.243009576167036,9,4.006908382047898,0.5292978068050822,,,,OPEN,,LICI-EQ
SELL,2026-06-25T14:17:00+05:30,274.02,-0.003188398725784307,0.24712569900985307,14,1.407548764072421,1.6727747619159044,2026-06-30T11:26:00+05:30,272.71,-1.3100000000000023,CLOSED,0.0,NIFTYBEES-EQ
BUY,2026-06-30T11:26:00+05:30,272.71,0.008909626700574644,0.27868939301268525,11,2.3736803645375693,0.7999185947512286,2026-06-30T12:35:00+05:30,271.99,-0.7199999999999704,CLOSED,0.0,NIFTYBEES-EQ
SELL,2026-06-30T12:35:00+05:30,271.99,-0.0016000836719079082,0.10202940752548274,12,-0.20206063988423487,1.1378928126944619,2026-06-30T12:40:00+05:30,272.23,0.2400000000000091,CLOSED,1.0,NIFTYBEES-EQ
BUY,2026-06-30T12:40:00+05:30,272.23,0.0011495604624050873,0.09933668898135241,12,1.6861387675625898,1.7125647930964583,2026-06-30T13:11:00+05:30,272.03,-0.20000000000004547,CLOSED,0.0,NIFTYBEES-EQ
SELL,2026-06-30T13:11:00+05:30,272.03,-0.001545494170357904,0.036040101122070296,13,0.6652747950637726,0.19355223880597014,2026-06-30T13:53:00+05:30,272.28,0.25,CLOSED,1.0,NIFTYBEES-EQ
BUY,2026-06-30T13:53:00+05:30,272.28,0.0013467305230813209,0.062360956446246535,13,0.657935501810331,1.268580650641298,2026-06-30T13:56:00+05:30,272.05,-0.22999999999996135,CLOSED,0.0,NIFTYBEES-EQ
SELL,2026-06-30T13:56:00+05:30,272.05,-2.283994744179025e-05,0.06412661087428599,13,1.4482432342622078,1.0869705245800267,2026-06-30T14:40:00+05:30,272.27,0.21999999999997044,CLOSED,1.0,NIFTYBEES-EQ
BUY,2026-06-30T14:40:00+05:30,272.27,0.002052715780799032,0.04341018825627325,14,-0.3278733600117966,1.516203027292385,2026-06-30T15:01:00+05:30,271.32,-0.9499999999999886,CLOSED,0.0,NIFTYBEES-EQ
SELL,2026-06-30T15:01:00+05:30,271.32,-0.006554580460900648,0.2492232377251788,15,1.8742872655845917,1.3391400305721106,2026-07-01T09:31:00+05:30,272.23,0.910000000000025,CLOSED,1.0,NIFTYBEES-EQ
BUY,2026-07-01T09:31:00+05:30,272.23,0.002457571629230356,0.08769264507357534,9,-0.026159405913847286,1.0419581967939067,2026-07-03T13:42:00+05:30,275.96,3.7299999999999613,CLOSED,1.0,NIFTYBEES-EQ
SELL,2026-07-03T13:42:00+05:30,275.96,-0.0019253845789078334,0.07644896627452469,13,-0.6257736149985027,1.4736741509737648,2026-07-06T09:18:00+05:30,276.6,0.6400000000000432,CLOSED,1.0,NIFTYBEES-EQ
BUY,2026-07-06T09:18:00+05:30,276.6,0.005445890075558603,0.2800872879816093,9,0.8439077111278221,1.4193166581555003,2026-07-06T14:23:00+05:30,277.11,0.5099999999999909,CLOSED,1.0,NIFTYBEES-EQ
SELL,2026-07-06T14:23:00+05:30,277.11,-0.0009211714466372137,0.06720615051219869,14,0.2184795266335221,1.1818331514474458,2026-07-06T15:08:00+05:30,277.5,0.38999999999998636,CLOSED,1.0,NIFTYBEES-EQ
BUY,2026-07-06T15:08:00+05:30,277.5,0.0035358447600754438,0.08809086218217714,15,1.24591632765342,0.2464759917346918,2026-07-07T12:56:00+05:30,277.81,0.3100000000000023,CLOSED,1.0,NIFTYBEES-EQ
SELL,2026-07-07T12:56:00+05:30,277.81,-0.0005026677499669683,0.054456914671648114,12,-0.6381053751717383,1.4137536162005786,2026-07-09T11:35:00+05:30,273.49,-4.319999999999993,CLOSED,0.0,NIFTYBEES-EQ
BUY,2026-07-09T11:35:00+05:30,273.49,0.0012664006106423457,0.12305825178886587,11,-0.653289348286053,0.4565959059893859,2026-07-09T12:51:00+05:30,273.24,-0.25,CLOSED,0.0,NIFTYBEES-EQ
SELL,2026-07-09T12:51:00+05:30,273.24,-0.0012896324587258804,0.05926400443964287,12,1.0100986559057525,1.9633540732725305,2026-07-09T13:17:00+05:30,273.4,0.15999999999996817,CLOSED,1.0,NIFTYBEES-EQ
BUY,2026-07-09T13:17:00+05:30,273.4,6.284289305583387e-05,0.04808557187162827,13,1.991828294776101,0.42936356456495983,2026-07-09T13:26:00+05:30,273.3,-0.0999999999999659,CLOSED,0.0,NIFTYBEES-EQ
SELL,2026-07-09T13:26:00+05:30,273.3,-0.0006070509952048969,0.061544924874261095,13,7.982505637709858,1.1322014198655526,2026-07-09T13:33:00+05:30,273.5,0.19999999999998863,CLOSED,1.0,NIFTYBEES-EQ
BUY,2026-07-09T13:33:00+05:30,273.5,0.000997110874331832,0.06325433669806159,13,-0.6725056505753547,0.539930983485334,2026-07-09T14:21:00+05:30,273.21,-0.29000000000002046,CLOSED,0.0,NIFTYBEES-EQ
SELL,2026-07-09T14:21:00+05:30,273.21,-0.0008010274988830319,0.05250396810401272,14,1.411098309840278,1.299872581030501,2026-07-09T14:30:00+05:30,273.5,0.29000000000002046,CLOSED,1.0,NIFTYBEES-EQ
BUY,2026-07-09T14:30:00+05:30,273.5,0.0014373431883187955,0.10999494937899724,14,2.895220260066076,0.19859893317460678,2026-07-09T14:43:00+05:30,273.15,-0.35000000000002274,CLOSED,0.0,NIFTYBEES-EQ
SELL,2026-07-09T14:43:00+05:30,273.15,-0.0020083927438997503,0.19419348884839213,14,1.890711274052671,1.6048862877198264,2026-07-10T09:20:00+05:30,274.46,1.3100000000000023,CLOSED,1.0,NIFTYBEES-EQ
BUY,2026-07-10T09:20:00+05:30,274.46,0.00163493386726297,0.8684085060231315,9,1.9971166760358157,0.24591092893243796,2026-07-13T09:17:00+05:30,273.18,-1.2799999999999727,CLOSED,0.0,NIFTYBEES-EQ
SELL,2026-07-13T09:17:00+05:30,273.18,-0.02015126177721634,0.8158158833680266,9,0.9907475809928673,1.6829283745683783,2026-07-13T12:08:00+05:30,274.45,1.2699999999999818,CLOSED,1.0,NIFTYBEES-EQ
BUY,2026-07-13T12:08:00+05:30,274.45,0.0009047023334911316,0.0705848583070294,12,-0.5375066806425955,1.1363975247893834,2026-07-14T09:22:00+05:30,274.46,0.009999999999990905,CLOSED,1.0,NIFTYBEES-EQ
SELL,2026-07-14T09:22:00+05:30,274.46,-0.004395970688887567,0.5768506450257945,9,-0.013075101488221549,1.2953322364474609,2026-07-15T09:20:00+05:30,274.69,0.2300000000000182,CLOSED,1.0,NIFTYBEES-EQ
BUY,2026-07-15T09:20:00+05:30,274.69,0.004201865144627242,0.5556537690964714,9,0.08579332435169827,1.062303050620181,2026-07-15T12:53:00+05:30,274.33,-0.36000000000001364,CLOSED,0.0,NIFTYBEES-EQ
SELL,2026-07-15T12:53:00+05:30,274.33,-0.0021171753661995384,0.05486346689738514,12,0.27863595296327104,0.6670140238086827,2026-07-16T09:22:00+05:30,274.65,0.3199999999999932,CLOSED,1.0,NIFTYBEES-EQ
BUY,2026-07-16T09:22:00+05:30,274.65,0.0001833094403830276,0.4648584013797483,9,-0.07016590953633389,1.0924008284212203,2026-07-16T12:59:00+05:30,274.32,-0.3299999999999841,CLOSED,0.0,NIFTYBEES-EQ
SELL,2026-07-16T12:59:00+05:30,274.32,-0.0021222735733067086,0.04967673276070339,12,-0.05585877534715216,0.9502303314967032,2026-07-17T09:20:00+05:30,274.88,0.5600000000000023,CLOSED,1.0,NIFTYBEES-EQ
BUY,2026-07-17T09:20:00+05:30,274.88,0.008704923945926823,0.41099472827113753,9,1.1086409263543282,0.5854959297423538,2026-07-20T09:30:00+05:30,275.3,0.4200000000000159,CLOSED,1.0,NIFTYBEES-EQ
SELL,2026-07-20T09:30:00+05:30,275.3,-0.004147574402138297,0.08774331250237666,9,-0.3513794862481772,0.4235265982887814,2026-07-20T13:28:00+05:30,275.67,0.37000000000000455,CLOSED,1.0,NIFTYBEES-EQ
BUY,2026-07-20T13:28:00+05:30,275.67,0.003925613163045403,0.0921592824046144,13,-0.0033941251913383735,1.5804651819765527,2026-07-21T09:55:00+05:30,275.37,-0.30000000000001137,CLOSED,0.0,NIFTYBEES-EQ
SELL,2026-07-21T09:55:00+05:30,275.37,-0.0007404536842921114,0.03683295625749906,9,0.31808927757538646,1.369168502045136,2026-07-21T15:01:00+05:30,275.2,-0.17000000000001592,CLOSED,0.0,NIFTYBEES-EQ
BUY,2026-07-21T15:01:00+05:30,275.2,0.0014875287427044545,0.07919736247011441,15,5.140564109695415,0.5032636779837723,2026-07-22T09:16:00+05:30,274.38,-0.8199999999999932,CLOSED,0.0,NIFTYBEES-EQ
SELL,2026-07-22T09:16:00+05:30,274.38,-0.008602224319130148,0.21125024654818447,9,0.6112048673995646,1.616753262861947,2026-07-23T11:01:00+05:30,273.3,-1.079999999999984,CLOSED,0.0,NIFTYBEES-EQ
BUY,2026-07-23T11:01:00+05:30,273.3,0.0014838736256549683,0.05506561742342606,11,0.8726594049465612,1.26629742182139,2026-07-23T11:21:00+05:30,272.99,-0.3100000000000023,CLOSED,0.0,NIFTYBEES-EQ
SELL,2026-07-23T11:21:00+05:30,272.99,-0.0011692837052962575,0.12046207333062137,11,0.10990508408281531,1.5139071165488338,2026-07-24T12:30:00+05:30,271.13,-1.8600000000000136,CLOSED,0.0,NIFTYBEES-EQ
BUY,2026-07-24T12:30:00+05:30,271.13,0.009265166961844363,0.2613214283002707,12,1.1731484381650468,1.4047250412140435,2026-07-28T13:29:00+05:30,273.6,2.4700000000000273,CLOSED,1.0,NIFTYBEES-EQ
SELL,2026-07-28T13:29:00+05:30,273.6,-0.0005796246083607105,0.04306326095924785,13,-0.22416266307155422,0.21519340259435346,2026-07-28T13:55:00+05:30,273.78,0.17999999999994998,CLOSED,1.0,NIFTYBEES-EQ
BUY,2026-07-28T13:55:00+05:30,273.78,0.0008112035540563668,0.11593101396950693,13,-0.91922976356,0.4346807513736849,2026-07-28T14:34:00+05:30,273.45,-0.3299999999999841,CLOSED,0.0,NIFTYBEES-EQ
SELL,2026-07-28T14:34:00+05:30,273.45,-0.002131405593038925,0.11039826890751787,14,-0.9360521356657195,1.985759894592814,2026-07-28T14:42:00+05:30,273.78,0.3299999999999841,CLOSED,1.0,NIFTYBEES-EQ
BUY,2026-07-28T14:42:00+05:30,273.78,7.526595990877843e-05,0.12420860589257213,14,-0.34255506604156877,0.4032933529884749,2026-07-28T14:43:00+05:30,273.65,-0.12999999999999545,CLOSED,0.0,NIFTYBEES-EQ
SELL,2026-07-28T14:43:00+05:30,273.65,-0.0005763515168344971,0.119833217431559,14,-0.5008604666596842,0.9050475796441869,2026-07-29T09:15:00+05:30,274.9,1.25,CLOSED,1.0,NIFTYBEES-EQ
BUY,2026-07-29T09:15:00+05:30,274.9,9.936429359083593e-05,0.1193547466821391,9,-0.24092373149748875,0.812171772070668,2026-07-30T10:34:00+05:30,275.59,0.6899999999999977,CLOSED,1.0,NIFTYBEES-EQ
SELL,2026-07-30T10:34:00+05:30,275.59,-0.0015319106705281615,0.05593647190241163,10,0.32612064185774203,1.008951299920711,2026-07-30T10:47:00+05:30,275.91,0.32000000000005,CLOSED,1.0,NIFTYBEES-EQ
BUY,2026-07-30T10:47:00+05:30,275.91,0.0020106708199141387,0.10566719242772622,10,0.6155368074108671,0.747105852993507,2026-07-30T14:21:00+05:30,275.82,-0.09000000000003183,CLOSED,0.0,NIFTYBEES-EQ
SELL,2026-07-30T14:21:00+05:30,275.82,-0.0006417778069298954,0.04541169697579999,14,16.02454557892352,0.8104631758588657,2026-07-30T14:57:00+05:30,276.09,0.2699999999999818,CLOSED,1.0,NIFTYBEES-EQ
BUY,2026-07-30T14:57:00+05:30,276.09,0.0008446950232065081,0.04423422506009286,14,-0.1885779760902518,0.6467855815681902,2026-08-04T11:35:00+05:30,279.75,3.660000000000025,CLOSED,1.0,NIFTYBEES-EQ
SELL,2026-08-04T11:35:00+05:30,279.75,-0.0026369778565625726,0.11992590304942143,11,1.1594768426007862,1.7188824086536065,2026-08-05T09:16:00+05:30,280.8,1.0500000000000114,CLOSED,1.0,NIFTYBEES-EQ
BUY,2026-08-05T09:16:00+05:30,280.8,0.010947826104637565,0.5295920862114387,9,2.5927892056889337,1.9784419955262782,2026-08-05T12:27:00+05:30,280.02,-0.7800000000000296,CLOSED,0.0,NIFTYBEES-EQ
SELL,2026-08-05T12:27:00+05:30,280.02,-0.0008248102836203484,0.02643650674520147,12,-0.5353504709775386,0.411154255867496,2026-08-05T15:15:00+05:30,280.09,0.06999999999999318,CLOSED,1.0,NIFTYBEES-EQ
BUY,2026-08-05T15:15:00+05:30,280.09,0.00037502261957278953,0.16027753706894135,15,0.25071573678727455,0.803298736320592,2026-08-06T13:50:00+05:30,280.47,0.3800000000000523,CLOSED,1.0,NIFTYBEES-EQ
SELL,2026-08-06T13:50:00+05:30,280.47,-1.858847468822991e-05,0.07087547765859001,13,1.461860907760603,0.2519864816056963,2026-08-06T14:01:00+05:30,280.74,0.2699999999999818,CLOSED,1.0,NIFTYBEES-EQ
BUY,2026-08-06T14:01:00+05:30,280.74,0.000989697803693036,0.1264032348390544,14,1.923757169597348,1.3366508624213194,2026-08-06T15:23:00+05:30,280.43,-0.3100000000000023,CLOSED,0.0,NIFTYBEES-EQ
SELL,2026-08-06T15:23:00+05:30,280.43,-0.002353374249006112,0.1566453886259583,15,0.10501873188290743,0.5548785558476782,2026-08-07T15:16:00+05:30,280.12,-0.3100000000000023,CLOSED,0.0,NIFTYBEES-EQ
BUY,2026-08-07T15:16:00+05:30,280.12,0.003251594446468001,0.10031062866028784,15,0.8786082966461369,0.5175649853578012,,,,OPEN,,NIFTYBEES-EQ
SELL,2026-06-24T14:35:00+05:30,190.1,-0.04344002917178167,0.07042726744663305,14,0.4370742608810212,1.1927260426825517,2026-06-29T09:15:00+05:30,189.5,-0.5999999999999943,CLOSED,0.0,TATASTEEL-EQ
BUY,2026-06-29T09:15:00+05:30,189.5,0.008651824987071143,0.07299923896102598,9,-0.24422747382593482,0.734439214800003,2026-06-29T12:50:00+05:30,189.29,-0.21000000000000796,CLOSED,0.0,TATASTEEL-EQ
SELL,2026-06-29T12:50:00+05:30,189.29,-0.008514892628848292,0.15167216107264161,12,-0.3882837035429315,0.9437486957909338,2026-06-30T09:15:00+05:30,189.85,0.5600000000000023,CLOSED,1.0,TATASTEEL-EQ
BUY,2026-06-30T09:15:00+05:30,189.85,0.0030741546284976376,0.2126055293521568,9,-0.45180719073998665,0.182890342607482,2026-06-30T09:16:00+05:30,189.27,-0.5799999999999841,CLOSED,0.0,TATASTEEL-EQ
SELL,2026-06-30T09:16:00+05:30,189.27,-0.005356457444962406,0.201662534392924,9,-0.6031986445019091,0.36698363913417376,2026-06-30T12:21:00+05:30,188.66,-0.6100000000000136,CLOSED,0.0,TATASTEEL-EQ
BUY,2026-06-30T12:21:00+05:30,188.66,0.0028588755220226953,0.06425643072011761,12,0.07788486340537265,0.7816143966027359,2026-06-30T14:09:00+05:30,188.34,-0.3199999999999932,CLOSED,0.0,TATASTEEL-EQ
SELL,2026-06-30T14:09:00+05:30,188.34,-0.004034511739973424,0.15233369803019856,14,0.24457269775951834,1.4494863190678637,2026-07-02T09:44:00+05:30,186.95,-1.3900000000000148,CLOSED,0.0,TATASTEEL-EQ
BUY,2026-07-02T09:44:00+05:30,186.95,0.0008806054960929423,0.5052788009274338,9,0.12494020078905425,1.1090570165882012,2026-07-02T11:22:00+05:30,185.91,-1.039999999999992,CLOSED,0.0,TATASTEEL-EQ
SELL,2026-07-02T11:22:00+05:30,185.91,-0.006563006304684648,0.2279278638322024,11,1.0256582515955424,1.7507606360297374,2026-07-02T13:15:00+05:30,186.5,0.5900000000000034,CLOSED,1.0,TATASTEEL-EQ
BUY,2026-07-02T13:15:00+05:30,186.5,0.0014197461149356811,0.06221825384170105,13,-0.2988749694739426,0.6628448968657916,2026-07-03T14:19:00+05:30,190.05,3.5500000000000114,CLOSED,1.0,TATASTEEL-EQ
SELL,2026-07-03T14:19:00+05:30,190.05,-0.007657528629399938,0.1494025137375885,14,0.09813824738091664,1.1493511192589734,2026-07-06T09:37:00+05:30,190.73,0.6799999999999784,CLOSED,1.0,TATASTEEL-EQ
BUY,2026-07-06T09:37:00+05:30,190.73,0.009484634833055179,0.1533912933933609,9,-0.13590395789168705,1.337050193050193,2026-07-06T12:54:00+05:30,190.63,-0.09999999999999432,CLOSED,0.0,TATASTEEL-EQ
SELL,2026-07-06T12:54:00+05:30,190.63,-0.00010476685264143275,0.10720696494786999,12,0.4769745700459755,1.3221197676538774,2026-07-06T13:26:00+05:30,191.13,0.5,CLOSED,1.0,TATASTEEL-EQ
BUY,2026-07-06T13:26:00+05:30,191.13,0.00370877476170853,0.2783602781368872,13,0.35813751342952327,0.4118828001349213,2026-07-06T14:09:00+05:30,190.67,-0.46000000000000796,CLOSED,0.0,TATASTEEL-EQ
SELL,2026-07-06T14:09:00+05:30,190.67,-0.0036300773035873903,0.06244108334173272,14,0.823457308886368,0.586047784585246,2026-07-06T15:12:00+05:30,191.07,0.4000000000000057,CLOSED,1.0,TATASTEEL-EQ
BUY,2026-07-06T15:12:00+05:30,191.07,0.004087559056939641,0.09055998625834041,15,-0.02506531920768855,1.2017838622692387,2026-07-06T15:23:00+05:30,190.64,-0.4300000000000068,CLOSED,0.0,TATASTEEL-EQ
SELL,2026-07-06T15:23:00+05:30,190.64,-0.0025308192628884707,0.14500574701254648,15,0.6400227334788131,0.5053101062838573,2026-07-07T10:32:00+05:30,190.84,0.20000000000001705,CLOSED,1.0,TATASTEEL-EQ
BUY,2026-07-07T10:32:00+05:30,190.84,0.006091077870092488,0.09741663102366312,10,-0.594724159429116,0.9861182033758402,2026-07-07T10:49:00+05:30,190.09,-0.75,CLOSED,0.0,TATASTEEL-EQ
SELL,2026-07-07T10:49:00+05:30,190.09,-0.008455894885906173,0.36271200696971295,10,1.236685519121734,0.8098369115514311,2026-07-07T15:12:00+05:30,189.91,-0.18000000000000682,CLOSED,0.0,TATASTEEL-EQ
BUY,2026-07-07T15:12:00+05:30,189.91,0.001529783934763734,0.11325487480309956,15,0.4460170812773353,0.8786787325522454,2026-07-07T15:27:00+05:30,189.5,-0.4099999999999966,CLOSED,0.0,TATASTEEL-EQ
SELL,2026-07-07T15:27:00+05:30,189.5,-0.0025621134591324135,0.15180396715647565,15,-0.2744763804254337,1.061021781852662,2026-07-08T10:45:00+05:30,189.48,-0.020000000000010232,CLOSED,0.0,TATASTEEL-EQ
BUY,2026-07-08T10:45:00+05:30,189.48,0.0006200119945901923,0.06963396361609894,10,0.580963115910379,0.6823397777835601,2026-07-08T10:57:00+05:30,189.2,-0.28000000000000114,CLOSED,0.0,TATASTEEL-EQ
SELL,2026-07-08T10:57:00+05:30,189.2,-0.0010258154617004704,0.05245103536738603,10,-0.49960321224479215,1.0745498737319326,2026-07-08T11:32:00+05:30,189.7,0.5,CLOSED,1.0,TATASTEEL-EQ
BUY,2026-07-08T11:32:00+05:30,189.7,0.009128942242018911,0.2129397410849646,11,0.21390186289955035,1.993022626087066,2026-07-08T12:26:00+05:30,189.21,-0.4899999999999807,CLOSED,0.0,TATASTEEL-EQ
SELL,2026-07-08T12:26:00+05:30,189.21,-0.0016316758777215217,0.11539304812489722,12,0.3345401158633703,0.2961413497784016,2026-07-08T13:02:00+05:30,189.5,0.28999999999999204,CLOSED,1.0,TATASTEEL-EQ
BUY,2026-07-08T13:02:00+05:30,189.5,0.0006704848509297555,0.08289886743630386,13,-0.5871482260610678,1.1818749752092341,2026-07-08T13:29:00+05:30,189.1,-0.4000000000000057,CLOSED,0.0,TATASTEEL-EQ
SELL,2026-07-08T13:29:00+05:30,189.1,-0.0021115035769594093,0.055387523665342026,13,-0.29535179427130887,1.1231578947368421,2026-07-09T12:02:00+05:30,187.97,-1.1299999999999955,CLOSED,0.0,TATASTEEL-EQ
BUY,2026-07-09T12:02:00+05:30,187.97,0.006359094849788355,0.13348324905312742,12,0.3455965697958949,0.9615269338280298,2026-07-09T14:52:00+05:30,187.99,0.020000000000010232,CLOSED,1.0,TATASTEEL-EQ
SELL,2026-07-09T14:52:00+05:30,187.99,-0.0018825400569957957,0.16625281952496584,14,0.45872384859416304,1.107041289132862,2026-07-10T09:18:00+05:30,190.2,2.2099999999999795,CLOSED,1.0,TATASTEEL-EQ
BUY,2026-07-10T09:18:00+05:30,190.2,0.04299127942905818,0.7338301347496359,9,0.09414254038524998,0.8874393203883495,2026-07-10T13:41:00+05:30,190.1,-0.09999999999999432,CLOSED,0.0,TATASTEEL-EQ
SELL,2026-07-10T13:41:00+05:30,190.1,-0.002816808260628768,0.021317702607092662,13,-0.025028658768089074,0.9281305114638447,2026-07-10T14:52:00+05:30,190.7,0.5999999999999943,CLOSED,1.0,TATASTEEL-EQ
BUY,2026-07-10T14:52:00+05:30,190.7,0.002897799719647205,0.10834102536794382,14,-0.21869170670421315,0.7692304163195196,2026-07-13T09:17:00+05:30,187.39,-3.3100000000000023,CLOSED,0.0,TATASTEEL-EQ
SELL,2026-07-13T09:17:00+05:30,187.39,-0.03689447134024461,1.5356970910812981,9,0.041048470401467585,1.4145187536313812,2026-07-13T13:58:00+05:30,187.52,0.13000000000002387,CLOSED,1.0,TATASTEEL-EQ
BUY,2026-07-13T13:58:00+05:30,187.52,0.0009732666291175657,0.06733828364640737,13,-0.19118212462050027,1.1543627499751268,2026-07-13T14:18:00+05:30,187.25,-0.27000000000001023,CLOSED,0.0,TATASTEEL-EQ
SELL,2026-07-13T14:18:00+05:30,187.25,-0.0005937337280128435,0.06545566777938072,14,0.4048179866956289,1.320443979855918,2026-07-13T14:19:00+05:30,187.42,0.1699999999999875,CLOSED,1.0,TATASTEEL-EQ
BUY,2026-07-13T14:19:00+05:30,187.42,0.0003198905354385545,0.07543208866258638,14,0.4520958667415502,1.5264207177091305,2026-07-13T14:28:00+05:30,187.3,-0.11999999999997613,CLOSED,0.0,TATASTEEL-EQ
SELL,2026-07-13T14:28:00+05:30,187.3,-0.0017464051483151056,0.07306009702825267,14,-0.023910548810288704,0.990452027953019,2026-07-13T14:30:00+05:30,187.49,0.18999999999999773,CLOSED,1.0,TATASTEEL-EQ
BUY,2026-07-13T14:30:00+05:30,187.49,0.0006572767403381179,0.06328067986711503,14,-0.43081254427759624,0.6381806091496931,2026-07-13T14:44:00+05:30,187.27,-0.21999999999999886,CLOSED,0.0,TATASTEEL-EQ
SELL,2026-07-13T14:44:00+05:30,187.27,-0.0014684418905003675,0.16330271821918824,14,-0.5789244107639062,0.8441385865875187,2026-07-13T14:53:00+05:30,187.5,0.22999999999998977,CLOSED,1.0,TATASTEEL-EQ
BUY,2026-07-13T14:53:00+05:30,187.5,0.0021762031590280306,0.07604092465390769,14,-0.027159041505332795,1.316203241239715,2026-07-13T15:00:00+05:30,187.0,-0.5,CLOSED,0.0,TATASTEEL-EQ
SELL,2026-07-13T15:00:00+05:30,187.0,-0.007654644494233128,0.0697296366132911,15,0.9984860399013564,1.197016153522134,2026-07-14T09:19:00+05:30,188.19,1.1899999999999977,CLOSED,1.0,TATASTEEL-EQ
BUY,2026-07-14T09:19:00+05:30,188.19,0.018128567869535244,0.5922424428484614,9,-0.330344495694574,0.7822387644829527,2026-07-14T12:44:00+05:30,188.8,0.6100000000000136,CLOSED,1.0,TATASTEEL-EQ
SELL,2026-07-14T12:44:00+05:30,188.8,-3.99781182037254e-05,0.08641630504584763,12,0.01638627391336854,1.1015070392236537,2026-07-15T09:19:00+05:30,188.65,-0.15000000000000568,CLOSED,0.0,TATASTEEL-EQ
BUY,2026-07-15T09:19:00+05:30,188.65,0.0014804563726551598,0.08996295533903954,9,0.24405704138149573,0.6114863960862509,2026-07-15T09:27:00+05:30,187.95,-0.700000000000017,CLOSED,0.0,TATASTEEL-EQ
SELL,2026-07-15T09:27:00+05:30,187.95,-0.005994217530462184,0.28851343122980894,9,-0.24220216157929275,1.0903611477827486,2026-07-15T11:33:00+05:30,188.8,0.8500000000000227,CLOSED,1.0,TATASTEEL-EQ
BUY,2026-07-15T11:33:00+05:30,188.8,0.004443418616465543,0.1744355977940751,11,6.3410909940723155,2.2485033915079535,2026-07-15T12:02:00+05:30,187.97,-0.8300000000000125,CLOSED,0.0,TATASTEEL-EQ
SELL,2026-07-15T12:02:00+05:30,187.97,-0.0025414577866454077,0.16605220062779252,12,0.9522998604615891,0.7456850554447176,2026-07-17T09:23:00+05:30,186.06,-1.9099999999999966,CLOSED,0.0,TATASTEEL-EQ
BUY,2026-07-17T09:23:00+05:30,186.06,0.0007037252914517662,0.36227675117849567,9,0.06363746485225684,1.018290841637548,2026-07-17T09:52:00+05:30,185.25,-0.8100000000000023,CLOSED,0.0,TATASTEEL-EQ
SELL,2026-07-17T09:52:00+05:30,185.25,-0.0020861324214151013,0.16647989534942637,9,0.5151850062915526,1.1616342717738426,2026-07-17T10:32:00+05:30,185.85,0.5999999999999943,CLOSED,1.0,TATASTEEL-EQ
BUY,2026-07-17T10:32:00+05:30,185.85,0.0008032014691989071,0.07056124211554979,10,0.14178952925403862,1.03932484348321,2026-07-17T10:42:00+05:30,185.6,-0.25,CLOSED,0.0,TATASTEEL-EQ
SELL,2026-07-17T10:42:00+05:30,185.6,-0.0015120753411398628,0.139904729488794,10,-0.38802342280971824,1.075034371658311,2026-07-17T14:43:00+05:30,185.27,-0.3299999999999841,CLOSED,0.0,TATASTEEL-EQ
BUY,2026-07-17T14:43:00+05:30,185.27,0.008027175710641076,0.2750777667820091,14,0.7774299896040946,1.6136623353166542,2026-07-20T12:44:00+05:30,186.09,0.8199999999999932,CLOSED,1.0,TATASTEEL-EQ
SELL,2026-07-20T12:44:00+05:30,186.09,-0.0010856706488855696,0.030203016773530017,12,-0.37895817751504246,0.8670315055444725,2026-07-20T13:05:00+05:30,186.38,0.28999999999999204,CLOSED,1.0,TATASTEEL-EQ
BUY,2026-07-20T13:05:00+05:30,186.38,0.00238303858038285,0.12016655108640407,13,-0.37415090498534154,1.0488090208949403,2026-07-21T09:49:00+05:30,185.72,-0.6599999999999966,CLOSED,0.0,TATASTEEL-EQ
SELL,2026-07-21T09:49:00+05:30,185.72,-0.011657531631932042,0.23238139149060638,9,0.47070269394576214,1.8031410299697128,2026-07-21T12:28:00+05:30,186.19,0.46999999999999886,CLOSED,1.0,TATASTEEL-EQ
BUY,2026-07-21T12:28:00+05:30,186.19,0.0057286000746832955,0.3668014903641116,12,0.7582967647100609,0.521647845891061,2026-07-22T09:42:00+05:30,185.8,-0.38999999999998636,CLOSED,0.0,TATASTEEL-EQ
SELL,2026-07-22T09:42:00+05:30,185.8,-0.011012416451092947,0.42549448357828956,9,-0.6687738889997707,0.3538088051444838,2026-07-22T11:48:00+05:30,186.28,0.47999999999998977,CLOSED,1.0,TATASTEEL-EQ
BUY,2026-07-22T11:48:00+05:30,186.28,0.003724871553977738,0.060635523141690344,11,0.3682905484023549,0.3603471555981949,2026-07-22T12:10:00+05:30,185.83,-0.44999999999998863,CLOSED,0.0,TATASTEEL-EQ
SELL,2026-07-22T12:10:00+05:30,185.83,-0.0019107804584543794,0.08999382694878953,12,-0.4116903973632616,1.2228473459060871,2026-07-22T13:31:00+05:30,186.35,0.5199999999999818,CLOSED,1.0,TATASTEEL-EQ
BUY,2026-07-22T13:31:00+05:30,186.35,0.002783744065579376,0.0787400787401211,13,0.4268158971510786,1.567764048876242,2026-07-23T09:17:00+05:30,184.66,-1.6899999999999977,CLOSED,0.0,TATASTEEL-EQ
SELL,2026-07-23T09:17:00+05:30,184.66,-0.0149610225242239,0.7128534211182563,9,-0.2467012091346096,1.3840430474522663,2026-07-24T12:12:00+05:30,182.9,-1.759999999999991,CLOSED,0.0,TATASTEEL-EQ
BUY,2026-07-24T12:12:00+05:30,182.9,0.0028986781167008014,0.07103207413243635,12,-0.22301564059562637,0.8281470457488549,2026-07-24T13:55:00+05:30,182.89,-0.010000000000019327,CLOSED,0.0,TATASTEEL-EQ
SELL,2026-07-24T13:55:00+05:30,182.89,-0.0005919410028850754,0.05146735750831007,13,0.011223495002972046,1.248207420975886,2026-07-24T13:56:00+05:30,182.95,0.060000000000002274,CLOSED,1.0,TATASTEEL-EQ
BUY,2026-07-24T13:56:00+05:30,182.95,0.00019947479611232607,0.06349978127695562,13,0.16506962762008034,1.4727671942627871,2026-07-24T14:20:00+05:30,182.75,-0.19999999999998863,CLOSED,0.0,TATASTEEL-EQ
SELL,2026-07-24T14:20:00+05:30,182.75,-0.0010814783218552103,0.06587024281789645,14,-0.361571576474278,1.056578865008507,2026-07-24T14:27:00+05:30,183.04,0.28999999999999204,CLOSED,1.0,TATASTEEL-EQ
BUY,2026-07-24T14:27:00+05:30,183.04,0.0017162034176486487,0.10737266360153504,14,0.1104525458485309,0.8328836667610966,2026-07-24T14:37:00+05:30,182.81,-0.22999999999998977,CLOSED,0.0,TATASTEEL-EQ
SELL,2026-07-24T14:37:00+05:30,182.81,-0.0008956715181007754,0.08618455649231987,14,2.0277046341745417,1.9954587674485853,2026-07-27T09:16:00+05:30,184.49,1.6800000000000068,CLOSED,1.0,TATASTEEL-EQ
BUY,2026-07-27T09:16:00+05:30,184.49,0.013539700431128635,0.5393370416024102,9,-0.026262293746510804,1.0511599781823378,2026-07-28T09:33:00+05:30,183.27,-1.2199999999999989,CLOSED,0.0,TATASTEEL-EQ
SELL,2026-07-28T09:33:00+05:30,183.27,-0.013584885796810357,0.30787623776085343,9,0.15114387633409881,1.2279364371064505,2026-07-28T10:40:00+05:30,184.98,1.7099999999999795,CLOSED,1.0,TATASTEEL-EQ
BUY,2026-07-28T10:40:00+05:30,184.98,0.013308167118791653,0.22574321695235944,10,0.6198243412637974,1.8042765202589628,2026-07-28T12:06:00+05:30,183.74,-1.2399999999999807,CLOSED,0.0,TATASTEEL-EQ
SELL,2026-07-28T12:06:00+05:30,183.74,-0.0053372625497512234,0.2577681990557448,12,2.830693771212719,0.8296920074664856,2026-07-29T09:22:00+05:30,184.09,0.3499999999999943,CLOSED,1.0,TATASTEEL-EQ
BUY,2026-07-29T09:22:00+05:30,184.09,0.0004637961566659055,0.5304547315485304,9,0.02471990749951845,0.7078086023457799,2026-07-30T10:34:00+05:30,186.7,2.609999999999985,CLOSED,1.0,TATASTEEL-EQ
SELL,2026-07-30T10:34:00+05:30,186.7,-0.012877251572837667,0.22329850474694443,10,1.851556783173041,1.0345463585187087,2026-07-30T11:49:00+05:30,187.27,0.5700000000000216,CLOSED,1.0,TATASTEEL-EQ
BUY,2026-07-30T11:49:00+05:30,187.27,0.0006095447512992327,0.12764534199622501,11,-0.6877644569648231,0.8066691762343936,2026-07-30T12:11:00+05:30,186.88,-0.3900000000000148,CLOSED,0.0,TATASTEEL-EQ
SELL,2026-07-30T12:11:00+05:30,186.88,-0.001574263282140411,0.07972870666621018,12,-0.09593080957777328,1.1364563076344019,2026-07-30T12:35:00+05:30,187.59,0.710000000000008,CLOSED,1.0,TATASTEEL-EQ
BUY,2026-07-30T12:35:00+05:30,187.59,0.0001330460166301583,0.25899163435652667,12,0.8169393627748431,1.826280530121561,2026-07-30T12:55:00+05:30,187.03,-0.5600000000000023,CLOSED,0.0,TATASTEEL-EQ
SELL,2026-07-30T12:55:00+05:30,187.03,-0.000723272739897973,0.07471427053931708,12,-0.13727651378117928,0.7516574994284485,2026-07-30T15:04:00+05:30,186.97,-0.060000000000002274,CLOSED,0.0,TATASTEEL-EQ
BUY,2026-07-30T15:04:00+05:30,186.97,0.0005471738478698834,0.06579429222120449,15,1.1452343338197215,0.8953147757212758,2026-07-31T11:12:00+05:30,186.82,-0.15000000000000568,CLOSED,0.0,TATASTEEL-EQ
SELL,2026-07-31T11:12:00+05:30,186.82,-0.00431388411632843,0.09562077877393318,11,-0.2158331899366549,0.8248389220242963,2026-07-31T11:21:00+05:30,187.15,0.3300000000000125,CLOSED,1.0,TATASTEEL-EQ
BUY,2026-07-31T11:21:00+05:30,187.15,0.0021529952704037146,0.1573425138564465,11,-0.19805415240216254,0.8644394964315043,2026-08-03T11:48:00+05:30,189.89,2.7399999999999807,CLOSED,1.0,TATASTEEL-EQ
SELL,2026-08-03T11:48:00+05:30,189.89,-0.0012813841555205422,0.07720823214600203,11,0.7686088527204784,2.0600403503843503,2026-08-03T12:28:00+05:30,190.35,0.46000000000000796,CLOSED,1.0,TATASTEEL-EQ
BUY,2026-08-03T12:28:00+05:30,190.35,0.005225730118364345,0.15613384571506975,12,1.1715679789674796,1.8313465147500192,2026-08-03T14:54:00+05:30,189.9,-0.44999999999998863,CLOSED,0.0,TATASTEEL-EQ
SELL,2026-08-03T14:54:00+05:30,189.9,-0.006344480032506983,0.15730013774098753,14,5.1657012377433045,2.3106693442217607,2026-08-04T09:26:00+05:30,191.5,1.5999999999999943,CLOSED,1.0,TATASTEEL-EQ
BUY,2026-08-04T09:26:00+05:30,191.5,0.006541001015614223,0.5602390362852107,9,0.16586454676852583,0.6984125066812421,2026-08-04T11:54:00+05:30,190.7,-0.8000000000000114,CLOSED,0.0,TATASTEEL-EQ
SELL,2026-08-04T11:54:00+05:30,190.7,-0.0021676532959338858,0.2359755166207766,11,0.4445825425864545,0.9645649620021156,2026-08-05T09:18:00+05:30,191.42,0.7199999999999989,CLOSED,1.0,TATASTEEL-EQ
BUY,2026-08-05T09:18:00+05:30,191.42,0.00029185214267583474,0.7302731604604432,9,0.49606154396855956,0.4440880460417132,2026-08-05T10:49:00+05:30,190.47,-0.9499999999999886,CLOSED,0.0,TATASTEEL-EQ
SELL,2026-08-05T10:49:00+05:30,190.47,-0.0006032712511863223,0.160831174424196,10,-0.8307663964234444,0.8568540956744098,2026-08-05T13:07:00+05:30,191.8,1.3300000000000125,CLOSED,1.0,TATASTEEL-EQ
BUY,2026-08-05T13:07:00+05:30,191.8,0.020159408155985954,0.204232982427205,13,1.0640892059554354,1.3533901194782272,2026-08-06T10:54:00+05:30,191.31,-0.4900000000000091,CLOSED,0.0,TATASTEEL-EQ
SELL,2026-08-06T10:54:00+05:30,191.31,-0.003588941912315441,0.09697651491182749,10,-0.12670172318150555,0.7955094051454,,,,OPEN,,TATASTEEL-EQ
SELL,2026-06-24T12:43:00+05:30,73.37,-0.0009233702190403856,0.08756584823878437,12,0.10618729052597302,0.391156462585034,2026-06-24T13:21:00+05:30,73.57,0.19999999999998863,CLOSED,1.0,HDFCNEXT50-EQ
BUY,2026-06-24T13:21:00+05:30,73.57,0.0008112843655924195,0.031340424729447224,13,6.255832637748059,2.4961193036922054,2026-06-25T15:00:00+05:30,73.63,0.060000000000002274,CLOSED,1.0,HDFCNEXT50-EQ
SELL,2026-06-25T15:00:00+05:30,73.63,-0.006627394922367959,0.027406406388126265,15,-0.31410173009168024,0.9174964438122333,2026-06-30T11:19:00+05:30,73.03,-0.5999999999999943,CLOSED,0.0,HDFCNEXT50-EQ
BUY,2026-06-30T11:19:00+05:30,73.03,0.0005730694001845022,0.06972963661329332,11,0.21085972755267102,0.059790732436472344,2026-06-30T15:25:00+05:30,72.98,-0.04999999999999716,CLOSED,0.0,HDFCNEXT50-EQ
SELL,2026-06-30T15:25:00+05:30,72.98,-3.315385547431349e-05,0.041646661864361244,15,-0.7987006492760117,0.12909632571996027,2026-07-01T09:31:00+05:30,73.14,0.1599999999999966,CLOSED,1.0,HDFCNEXT50-EQ
BUY,2026-07-01T09:31:00+05:30,73.14,1.4369391991787162e-05,0.04121757985240114,9,-0.8341887082173424,1.8273809523809523,2026-07-03T11:48:00+05:30,73.75,0.6099999999999994,CLOSED,1.0,HDFCNEXT50-EQ
SELL,2026-07-03T11:48:00+05:30,73.75,-0.0014768825004552837,0.04029061098238108,11,1.6338065173057224,2.496506637388961,2026-07-06T09:41:00+05:30,73.85,0.09999999999999432,CLOSED,1.0,HDFCNEXT50-EQ
BUY,2026-07-06T09:41:00+05:30,73.85,0.007494127647627056,0.05229191567005881,9,-0.2796887791161163,0.03411028993746447,2026-07-07T09:31:00+05:30,73.93,0.0800000000000125,CLOSED,1.0,HDFCNEXT50-EQ
SELL,2026-07-07T09:31:00+05:30,73.93,-0.0019677267210869314,0.08653836657164646,9,-0.30824013789900406,2.088997024048902,2026-07-08T11:32:00+05:30,73.65,-0.28000000000000114,CLOSED,0.0,HDFCNEXT50-EQ
BUY,2026-07-08T11:32:00+05:30,73.65,0.004863247163284973,0.05996295152471677,11,-0.8635848199154095,2.3676918814075925,2026-07-08T11:43:00+05:30,73.46,-0.19000000000001194,CLOSED,0.0,HDFCNEXT50-EQ
SELL,2026-07-08T11:43:00+05:30,73.46,-0.0013730998890719246,0.0584617633823824,11,-0.34728856371552597,0.11838140335772707,2026-07-08T11:44:00+05:30,73.61,0.15000000000000568,CLOSED,1.0,HDFCNEXT50-EQ
BUY,2026-07-08T11:44:00+05:30,73.61,0.001735514166586691,0.06871034209717815,11,0.22533692702126057,2.4189763894999268,2026-07-08T11:52:00+05:30,73.54,-0.06999999999999318,CLOSED,0.0,HDFCNEXT50-EQ
SELL,2026-07-08T11:52:00+05:30,73.54,-0.0008128100141460023,0.0670074622710053,11,0.43834441299770066,0.035038019979126284,2026-07-08T12:05:00+05:30,73.61,0.06999999999999318,CLOSED,1.0,HDFCNEXT50-EQ
BUY,2026-07-08T12:05:00+05:30,73.61,0.001840293894068792,0.04894441291460843,12,-0.8716176464179282,0.5211912943871707,2026-07-08T12:11:00+05:30,73.5,-0.10999999999999943,CLOSED,0.0,HDFCNEXT50-EQ
SELL,2026-07-08T12:11:00+05:30,73.5,-0.0011977572702148618,0.035962943891363015,12,0.10972568510146077,1.9747191011235956,2026-07-08T13:10:00+05:30,73.73,0.23000000000000398,CLOSED,1.0,HDFCNEXT50-EQ
BUY,2026-07-08T13:10:00+05:30,73.73,0.0016082638313671494,0.12057731498457204,13,-0.5413130860648819,0.03137509466623391,2026-07-08T13:48:00+05:30,73.39,-0.3400000000000034,CLOSED,0.0,HDFCNEXT50-EQ
SELL,2026-07-08T13:48:00+05:30,73.39,-0.006788359186799163,0.10414199707877322,13,27.952144983893195,0.003847249928754631,2026-07-09T11:58:00+05:30,72.97,-0.4200000000000017,CLOSED,0.0,HDFCNEXT50-EQ
BUY,2026-07-09T11:58:00+05:30,72.97,0.0067911741292341,0.036530048514128194,11,2.3124999518229177,0.012578616352201259,2026-07-13T09:24:00+05:30,73.21,0.23999999999999488,CLOSED,1.0,HDFCNEXT50-EQ
SELL,2026-07-13T09:24:00+05:30,73.21,-0.008647892031625477,0.2003996007980051,9,-0.7452447353296334,0.641265158964274,2026-07-13T10:33:00+05:30,73.56,0.3500000000000085,CLOSED,1.0,HDFCNEXT50-EQ
BUY,2026-07-13T10:33:00+05:30,73.56,0.0025045716214703003,0.029135697844547972,10,-0.6724812019962688,0.741505968778696,2026-07-13T10:35:00+05:30,73.41,-0.15000000000000568,CLOSED,0.0,HDFCNEXT50-EQ
SELL,2026-07-13T10:35:00+05:30,73.41,-0.0027372214716244628,0.03591656999213528,10,0.5091093091644265,1.7421193829644535,2026-07-13T10:36:00+05:30,73.56,0.15000000000000568,CLOSED,1.0,HDFCNEXT50-EQ
BUY,2026-07-13T10:36:00+05:30,73.56,0.0017230622932404083,0.04089281382128613,10,3.1327683468325405,1.854066985645933,2026-07-13T10:51:00+05:30,73.48,-0.0799999999999983,CLOSED,0.0,HDFCNEXT50-EQ
SELL,2026-07-13T10:51:00+05:30,73.48,-8.22492798526528e-06,0.037475918193478716,10,3.4240384450767385,0.04509889154531623,2026-07-13T14:18:00+05:30,73.52,0.03999999999999204,CLOSED,1.0,HDFCNEXT50-EQ
BUY,2026-07-13T14:18:00+05:30,73.52,1.587363933280374e-05,0.018856180831644215,14,0.37769783946224317,2.2606614447345517,2026-07-14T09:20:00+05:30,73.1,-0.4200000000000017,CLOSED,0.0,HDFCNEXT50-EQ
SELL,2026-07-14T09:20:00+05:30,73.1,-0.003902913023702804,0.24663062799795585,9,0.15031857148182243,0.19625273522975928,2026-07-14T15:26:00+05:30,73.35,0.25,CLOSED,1.0,HDFCNEXT50-EQ
BUY,2026-07-14T15:26:00+05:30,73.35,0.0024166170714805765,0.09371351141763141,15,-0.9832566455884095,0.13358778625954199,2026-07-15T14:19:00+05:30,73.58,0.23000000000000398,CLOSED,1.0,HDFCNEXT50-EQ
SELL,2026-07-15T14:19:00+05:30,73.58,-0.00028950892264459127,0.05977736472389326,14,1.2048417020033362,0.2934966216216216,2026-07-15T14:47:00+05:30,73.79,0.21000000000000796,CLOSED,1.0,HDFCNEXT50-EQ
BUY,2026-07-15T14:47:00+05:30,73.79,0.003652938966942456,0.03190262963734771,14,15.083769436076313,0.36336263020833337,2026-07-15T15:17:00+05:30,73.59,-0.20000000000000284,CLOSED,0.0,HDFCNEXT50-EQ
SELL,2026-07-15T15:17:00+05:30,73.59,-0.0004888833291259219,0.0623609564462321,15,1.0718800973328506,0.14357069041877862,2026-07-15T15:23:00+05:30,73.66,0.06999999999999318,CLOSED,1.0,HDFCNEXT50-EQ
BUY,2026-07-15T15:23:00+05:30,73.66,0.0008386491958694442,0.055627730894261054,15,-0.9487659879393324,0.09669479606188468,2026-07-15T15:29:00+05:30,72.9,-0.7599999999999909,CLOSED,0.0,HDFCNEXT50-EQ
SELL,2026-07-15T15:29:00+05:30,72.9,-0.0366834447460589,0.04817791102892654,15,3.0133614521330476,0.4082705449448046,2026-07-16T10:14:00+05:30,73.71,0.8099999999999881,CLOSED,1.0,HDFCNEXT50-EQ
BUY,2026-07-16T10:14:00+05:30,73.71,0.004791763421311862,0.028362729848242674,10,0.6226629811228556,0.14702935577597434,2026-07-16T13:13:00+05:30,73.55,-0.1599999999999966,CLOSED,0.0,HDFCNEXT50-EQ
SELL,2026-07-16T13:13:00+05:30,73.55,-0.004886401294528322,0.04083843505544471,13,5.185858533476177,2.333442194644024,2026-07-20T09:57:00+05:30,73.4,-0.14999999999999147,CLOSED,0.0,HDFCNEXT50-EQ
BUY,2026-07-20T09:57:00+05:30,73.4,0.002160765136561389,0.005163977794938526,9,-0.9951058724555004,0.5612244897959183,2026-07-22T09:54:00+05:30,73.77,0.36999999999999034,CLOSED,1.0,HDFCNEXT50-EQ
SELL,2026-07-22T09:54:00+05:30,73.77,-0.0015072043827921353,0.03348299734359115,9,0.6011049717114862,2.2467218771566597,2026-07-22T11:01:00+05:30,74.02,0.25,CLOSED,1.0,HDFCNEXT50-EQ
BUY,2026-07-22T11:01:00+05:30,74.02,0.00270267979307438,0.06532823109328473,11,0.08763440848436242,1.426099851705388,2026-07-22T12:17:00+05:30,73.74,-0.28000000000000114,CLOSED,0.0,HDFCNEXT50-EQ
SELL,2026-07-22T12:17:00+05:30,73.74,-0.005314578614178723,0.040345728123034504,12,1.6743961325694103,0.03040703275529865,2026-07-23T10:30:00+05:30,73.93,0.19000000000001194,CLOSED,1.0,HDFCNEXT50-EQ
BUY,2026-07-23T10:30:00+05:30,73.93,0.0034715828040959673,0.04472135954999785,10,-0.30540328776271225,1.3331454340473505,2026-07-23T12:31:00+05:30,73.61,-0.3200000000000074,CLOSED,0.0,HDFCNEXT50-EQ
SELL,2026-07-23T12:31:00+05:30,73.61,-0.0003121778692498139,0.07557924465236396,12,68.60586207482311,0.004679676166409285,2026-07-24T13:00:00+05:30,73.41,-0.20000000000000284,CLOSED,0.0,HDFCNEXT50-EQ
BUY,2026-07-24T13:00:00+05:30,73.41,0.01016589185135777,0.08080154013933598,13,22.874999602864595,2.206588132635253,2026-07-28T10:05:00+05:30,73.67,0.2600000000000051,CLOSED,1.0,HDFCNEXT50-EQ
SELL,2026-07-28T10:05:00+05:30,73.67,-0.004273737016436612,0.07777460310981314,10,0.1436557461364692,2.4818119813572808,2026-07-28T10:49:00+05:30,73.92,0.25,CLOSED,1.0,HDFCNEXT50-EQ
BUY,2026-07-28T10:49:00+05:30,73.92,0.00021457829282061578,0.018135294011646784,10,23.348122468462076,0.07429212223156714,2026-07-28T11:34:00+05:30,73.66,-0.2600000000000051,CLOSED,0.0,HDFCNEXT50-EQ
SELL,2026-07-28T11:34:00+05:30,73.66,-0.004510125042337568,0.0890942073188693,11,0.03128351804107816,2.1812705841566995,2026-07-29T09:24:00+05:30,73.86,0.20000000000000284,CLOSED,1.0,HDFCNEXT50-EQ
BUY,2026-07-29T09:24:00+05:30,73.86,0.0010123643964445768,0.17912131208888765,9,-0.8142312320281858,0.00675310642895732,2026-07-30T13:08:00+05:30,74.01,0.15000000000000568,CLOSED,1.0,HDFCNEXT50-EQ
SELL,2026-07-30T13:08:00+05:30,74.01,-0.000614324952618359,0.037178249316261285,13,-0.9544703928350196,1.3341968911917097,2026-07-30T15:12:00+05:30,74.17,0.1599999999999966,CLOSED,1.0,HDFCNEXT50-EQ
BUY,2026-07-30T15:12:00+05:30,74.17,0.004515834701725789,0.06795423296438571,15,-0.5928898655167376,1.9838410868670235,2026-08-03T15:13:00+05:30,75.25,1.0799999999999983,CLOSED,1.0,HDFCNEXT50-EQ
SELL,2026-08-03T15:13:00+05:30,75.25,-0.006604491336006494,0.05143496432929264,15,-0.7488984781401548,1.235075976845152,2026-08-04T09:27:00+05:30,75.9,0.6500000000000057,CLOSED,1.0,HDFCNEXT50-EQ
BUY,2026-08-04T09:27:00+05:30,75.9,0.0010398637247889218,0.04141926551202562,9,-0.7753609639152715,1.6662813280310738,2026-08-04T12:06:00+05:30,75.83,-0.07000000000000739,CLOSED,0.0,HDFCNEXT50-EQ
SELL,2026-08-04T12:06:00+05:30,75.83,-0.006132557141339213,0.03470510689285578,12,-0.4242870530110165,2.3255813953488373,2026-08-05T09:23:00+05:30,76.23,0.4000000000000057,CLOSED,1.0,HDFCNEXT50-EQ
BUY,2026-08-05T09:23:00+05:30,76.23,0.003175238416281927,0.27121946832777233,9,-0.10242243405932033,1.134759765047258,2026-08-05T12:14:00+05:30,75.95,-0.28000000000000114,CLOSED,0.0,HDFCNEXT50-EQ
SELL,2026-08-05T12:14:00+05:30,75.95,-0.0001385277542320983,0.04808557187163369,12,16.413043299858227,1.0877028714107366,2026-08-06T09:46:00+05:30,76.13,0.1799999999999926,CLOSED,1.0,HDFCNEXT50-EQ
BUY,2026-08-06T09:46:00+05:30,76.13,0.007702681476306992,0.1060607792206379,9,-0.9542736544611226,0.9215976331360947,2026-08-06T13:53:00+05:30,76.06,-0.06999999999999318,CLOSED,0.0,HDFCNEXT50-EQ
SELL,2026-08-06T13:53:00+05:30,76.06,-0.0012950754525954135,0.02677063067368093,13,0.485882350083045,1.6013460015835312,2026-08-06T14:06:00+05:30,76.14,0.0799999999999983,CLOSED,1.0,HDFCNEXT50-EQ
BUY,2026-08-06T14:06:00+05:30,76.14,0.001429576830494041,0.029739610697591963,14,-0.019334532352366807,2.2094222833562585,2026-08-06T15:19:00+05:30,75.9,-0.23999999999999488,CLOSED,0.0,HDFCNEXT50-EQ
SELL,2026-08-06T15:19:00+05:30,75.9,-0.0023353206447278185,0.04685675570881459,15,-0.2774674114164491,0.013530927835051547,2026-08-07T09:25:00+05:30,76.25,0.3499999999999943,CLOSED,1.0,HDFCNEXT50-EQ
BUY,2026-08-07T09:25:00+05:30,76.25,0.002798756667123002,0.24043710196223783,9,-0.46337202946552425,1.7687847551878477,2026-08-07T13:42:00+05:30,76.17,-0.0799999999999983,CLOSED,0.0,HDFCNEXT50-EQ
SELL,2026-08-07T13:42:00+05:30,76.17,-5.120769709613571e-05,0.05028805910838772,13,0.5516322433323377,2.115714899098325,2026-08-07T13:43:00+05:30,76.26,0.09000000000000341,CLOSED,1.0,HDFCNEXT50-EQ
BUY,2026-08-07T13:43:00+05:30,76.26,0.000936243356770368,0.05165053511608229,13,80.98578007142702,2.1996936239088964,2026-08-07T14:00:00+05:30,76.2,-0.060000000000002274,CLOSED,0.0,HDFCNEXT50-EQ
SELL,2026-08-07T14:00:00+05:30,76.2,-0.0014646445238148805,0.04040077006966935,14,-0.8817216195835026,0.016370439663236667,2026-08-07T14:43:00+05:30,76.3,0.09999999999999432,CLOSED,1.0,HDFCNEXT50-EQ
BUY,2026-08-07T14:43:00+05:30,76.3,0.0017182296240145054,0.022705848487900412,14,1.476291440365949,0.9733789989880905,2026-08-07T15:18:00+05:30,76.12,-0.1799999999999926,CLOSED,0.0,HDFCNEXT50-EQ
SELL,2026-08-07T15:18:00+05:30,76.12,-0.00525741121786886,0.02960855732160562,15,-0.5432546174051586,2.023291528026619,,,,OPEN,,HDFCNEXT50-EQ
BUY,2026-06-24T12:17:00+05:30,43.25,0.003493370873477154,0.09082339395160637,12,-0.1423368243240974,1.1750033062466019,2026-06-24T12:18:00+05:30,42.97,-0.28000000000000114,CLOSED,0.0,VEDPOWER-EQ
SELL,2026-06-24T12:18:00+05:30,42.97,-0.0018386369197205031,0.09082339395160637,12,0.09694654661931335,0.7225239175317688,2026-06-24T12:45:00+05:30,43.65,0.6799999999999997,CLOSED,1.0,VEDPOWER-EQ
BUY,2026-06-24T12:45:00+05:30,43.65,0.05431112676451543,0.14205241599103124,12,0.4669679092680762,0.6029319491187041,2026-06-25T09:24:00+05:30,42.87,-0.7800000000000011,CLOSED,0.0,VEDPOWER-EQ
SELL,2026-06-25T09:24:00+05:30,42.87,-0.03338630645036748,0.45235310691243474,9,0.1900841463403043,0.7701212970183499,2026-06-25T15:21:00+05:30,42.58,-0.28999999999999915,CLOSED,0.0,VEDPOWER-EQ
BUY,2026-06-25T15:21:00+05:30,42.58,0.020461689731634532,0.12615686884016797,15,0.04876698870658921,0.8870430907819347,2026-06-29T09:15:00+05:30,41.63,-0.9499999999999957,CLOSED,0.0,VEDPOWER-EQ
SELL,2026-06-29T09:15:00+05:30,41.63,-0.044357469102149785,0.17396040417929126,9,0.18548039674902136,1.0196575937454757,2026-06-29T10:07:00+05:30,42.55,0.9199999999999946,CLOSED,1.0,VEDPOWER-EQ
BUY,2026-06-29T10:07:00+05:30,42.55,0.0002980524804123711,0.1712567922416174,10,-0.4299259287558215,0.857018098762253,2026-06-29T10:53:00+05:30,41.98,-0.5700000000000003,CLOSED,0.0,VEDPOWER-EQ
SELL,2026-06-29T10:53:00+05:30,41.98,-0.025114659539342114,0.12229745159514502,10,-0.3070716559884506,0.39733092460938935,2026-06-30T09:21:00+05:30,42.28,0.30000000000000426,CLOSED,1.0,VEDPOWER-EQ
BUY,2026-06-30T09:21:00+05:30,42.28,0.04892754492659676,0.20461345670963726,9,0.178365965915715,0.8475908709533443,2026-06-30T09:24:00+05:30,40.96,-1.3200000000000003,CLOSED,0.0,VEDPOWER-EQ
SELL,2026-06-30T09:24:00+05:30,40.96,-0.024836743674137688,0.28658913680272924,9,-0.06413136060553631,1.2334512997235216,2026-06-30T15:17:00+05:30,40.44,-0.5200000000000031,CLOSED,0.0,VEDPOWER-EQ
BUY,2026-06-30T15:17:00+05:30,40.44,0.02705677360732287,0.1542184597683846,15,-0.6200286111731436,0.9212922450080763,2026-07-01T15:00:00+05:30,43.49,3.0500000000000043,CLOSED,1.0,VEDPOWER-EQ
SELL,2026-07-01T15:00:00+05:30,43.49,-0.0074147343510503425,0.07845734863959838,15,-0.30531629920997105,0.6852188799965278,2026-07-01T15:10:00+05:30,44.2,0.7100000000000009,CLOSED,1.0,VEDPOWER-EQ
BUY,2026-07-01T15:10:00+05:30,44.2,0.02615082573099651,0.15134948518798041,15,0.5969564081105035,1.4730401005205058,2026-07-03T09:46:00+05:30,45.54,1.3399999999999963,CLOSED,1.0,VEDPOWER-EQ
SELL,2026-07-03T09:46:00+05:30,45.54,-0.07212007324318208,0.44654724771791454,9,-0.2484805647557778,1.3008886200052427,2026-07-03T15:24:00+05:30,45.77,0.23000000000000398,CLOSED,1.0,VEDPOWER-EQ
BUY,2026-07-03T15:24:00+05:30,45.77,0.005983380512078709,0.1400198398640539,15,-0.031439988012895034,0.8315644108429022,2026-07-06T09:16:00+05:30,44.68,-1.0900000000000034,CLOSED,0.0,VEDPOWER-EQ
SELL,2026-07-06T09:16:00+05:30,44.68,-0.002751343294082103,0.16492759354065362,9,0.7016083025970087,1.8501592846562909,2026-07-07T12:32:00+05:30,42.44,-2.240000000000002,CLOSED,0.0,VEDPOWER-EQ
BUY,2026-07-07T12:32:00+05:30,42.44,0.019144788896518317,0.054375239463074924,12,0.5551938112655608,0.8442172491667488,2026-07-07T13:13:00+05:30,41.99,-0.44999999999999574,CLOSED,0.0,VEDPOWER-EQ
SELL,2026-07-07T13:13:00+05:30,41.99,-0.017160811954905705,0.030349812373574786,13,0.549495620384844,0.4220539144505945,2026-07-08T09:19:00+05:30,42.65,0.6599999999999966,CLOSED,1.0,VEDPOWER-EQ
BUY,2026-07-08T09:19:00+05:30,42.65,0.05244076682284542,0.3933177963033062,9,3.2579087045697435,1.3570193823937575,2026-07-08T09:36:00+05:30,41.87,-0.7800000000000011,CLOSED,0.0,VEDPOWER-EQ
SELL,2026-07-08T09:36:00+05:30,41.87,-0.004653142527128564,0.07192588778272571,9,-0.18066287186481378,1.0539513500023396,2026-07-08T12:42:00+05:30,41.87,0.0,CLOSED,0.0,VEDPOWER-EQ
BUY,2026-07-08T12:42:00+05:30,41.87,0.036311701848291876,0.18721645226849024,12,-0.005584446631910028,1.0388763223994637,2026-07-08T14:19:00+05:30,41.22,-0.6499999999999986,CLOSED,0.0,VEDPOWER-EQ
SELL,2026-07-08T14:19:00+05:30,41.22,-0.04514315725056316,0.0865126837200443,14,-0.1251983559215535,0.9319220075383049,2026-07-09T11:38:00+05:30,41.48,0.259999999999998,CLOSED,1.0,VEDPOWER-EQ
BUY,2026-07-09T11:38:00+05:30,41.48,0.006157560449577882,0.1010445446325518,11,2.579814844491238,1.1151753353080787,2026-07-09T14:24:00+05:30,41.25,-0.22999999999999687,CLOSED,0.0,VEDPOWER-EQ
SELL,2026-07-09T14:24:00+05:30,41.25,-0.017451764408166977,0.17238200473238358,14,7.455224060506196,0.25434304274563235,2026-07-10T09:32:00+05:30,41.57,0.3200000000000003,CLOSED,1.0,VEDPOWER-EQ
BUY,2026-07-10T09:32:00+05:30,41.57,0.003226678131119529,0.12434718421509298,9,0.22685970071752223,0.5401958641565127,2026-07-10T12:25:00+05:30,41.6,0.030000000000001137,CLOSED,1.0,VEDPOWER-EQ
SELL,2026-07-10T12:25:00+05:30,41.6,-0.02877627064922896,0.20205884731379084,12,26.36033627872107,0.07389854116659565,2026-07-10T14:21:00+05:30,41.96,0.35999999999999943,CLOSED,1.0,VEDPOWER-EQ
BUY,2026-07-10T14:21:00+05:30,41.96,0.0011766462143785355,0.0239443799947582,14,0.00638102750555114,1.230102086333686,2026-07-10T15:13:00+05:30,41.85,-0.10999999999999943,CLOSED,0.0,VEDPOWER-EQ
SELL,2026-07-10T15:13:00+05:30,41.85,-0.0026539458431112427,0.027968235951203787,15,-0.44129411335603136,0.971259387637204,2026-07-13T09:29:00+05:30,42.09,0.240000000000002,CLOSED,1.0,VEDPOWER-EQ
BUY,2026-07-13T09:29:00+05:30,42.09,0.01327815480682317,0.1188322814352693,9,-0.517451475357016,0.7138353797736752,2026-07-13T09:34:00+05:30,41.8,-0.29000000000000625,CLOSED,0.0,VEDPOWER-EQ
SELL,2026-07-13T09:34:00+05:30,41.8,-0.00032120666665196506,0.1324302751555629,9,-0.4333807827445875,1.30607268590775,2026-07-13T10:04:00+05:30,42.26,0.46000000000000085,CLOSED,1.0,VEDPOWER-EQ
BUY,2026-07-13T10:04:00+05:30,42.26,0.009929610600497704,0.2784979553086721,10,1.7535258870199955,0.6199334719334719,2026-07-13T11:27:00+05:30,41.81,-0.44999999999999574,CLOSED,0.0,VEDPOWER-EQ
SELL,2026-07-13T11:27:00+05:30,41.81,-0.014948405221978288,0.1111355528672575,11,0.067567834724892,1.2964600472528676,2026-07-13T14:47:00+05:30,41.65,-0.1600000000000037,CLOSED,0.0,VEDPOWER-EQ
BUY,2026-07-13T14:47:00+05:30,41.65,0.004980917105258076,0.043410188256265574,14,1.5118880217711304,0.8865753600273493,2026-07-13T15:04:00+05:30,41.46,-0.18999999999999773,CLOSED,0.0,VEDPOWER-EQ
SELL,2026-07-13T15:04:00+05:30,41.46,-0.0083260749069005,0.0583571380000376,15,0.5399358312893112,0.8826593362214553,2026-07-16T10:52:00+05:30,39.58,-1.8800000000000026,CLOSED,0.0,VEDPOWER-EQ
BUY,2026-07-16T10:52:00+05:30,39.58,0.0017129040011217018,0.06860515043833589,10,2.570191675993203,0.6081632937503484,2026-07-16T14:10:00+05:30,39.5,-0.0799999999999983,CLOSED,0.0,VEDPOWER-EQ
SELL,2026-07-16T14:10:00+05:30,39.5,-0.0015116375993409965,0.022705848487902986,14,0.07940342707571126,1.2373876394353995,2026-07-16T14:16:00+05:30,39.6,0.10000000000000142,CLOSED,1.0,VEDPOWER-EQ
BUY,2026-07-16T14:16:00+05:30,39.6,0.00434355754574972,0.02633122354417597,14,0.11088680342868454,1.383552168432082,2026-07-16T14:30:00+05:30,39.48,-0.12000000000000455,CLOSED,0.0,VEDPOWER-EQ
SELL,2026-07-16T14:30:00+05:30,39.48,-0.0016640631971223973,0.10778579580713715,14,1.0667776319623288,0.5402312589524177,2026-07-17T14:46:00+05:30,37.99,-1.4899999999999949,CLOSED,0.0,VEDPOWER-EQ
BUY,2026-07-17T14:46:00+05:30,37.99,0.004364425205925642,0.020548046676563396,14,-0.29644009386290804,1.3146154935561534,2026-07-20T09:31:00+05:30,37.66,-0.3300000000000054,CLOSED,0.0,VEDPOWER-EQ
SELL,2026-07-20T09:31:00+05:30,37.66,-0.01923634466364813,0.18258939971665625,9,0.45622305687847514,1.080528695603083,2026-07-20T09:47:00+05:30,38.14,0.480000000000004,CLOSED,1.0,VEDPOWER-EQ
BUY,2026-07-20T09:47:00+05:30,38.14,0.012035996564913335,0.11843422928641192,9,0.39591910463665686,1.5263624240202156,2026-07-20T10:08:00+05:30,37.76,-0.38000000000000256,CLOSED,0.0,VEDPOWER-EQ
SELL,2026-07-20T10:08:00+05:30,37.76,-0.010439323351226758,0.12664912159190167,10,1.5375093798281028,0.734975596500389,2026-07-20T10:29:00+05:30,38.03,0.2700000000000031,CLOSED,1.0,VEDPOWER-EQ
BUY,2026-07-20T10:29:00+05:30,38.03,0.002264575066824603,0.03689323936863178,10,-0.7610030924126157,0.8054014234283474,2026-07-20T10:51:00+05:30,37.79,-0.240000000000002,CLOSED,0.0,VEDPOWER-EQ
SELL,2026-07-20T10:51:00+05:30,37.79,-0.008774094953611655,0.057965506984757144,10,-0.10346382503757337,0.9799045690385431,2026-07-20T14:11:00+05:30,38.12,0.3299999999999983,CLOSED,1.0,VEDPOWER-EQ
BUY,2026-07-20T14:11:00+05:30,38.12,0.031942893380750126,0.21394703394376238,14,8.350126279039827,1.6837975007463641,2026-07-21T10:14:00+05:30,37.87,-0.25,CLOSED,0.0,VEDPOWER-EQ
SELL,2026-07-21T10:14:00+05:30,37.87,-0.0017729457636128116,0.038528488738133526,10,1.5817934627778965,0.44283883764404386,2026-07-21T12:38:00+05:30,37.89,0.020000000000003126,CLOSED,1.0,VEDPOWER-EQ
BUY,2026-07-21T12:38:00+05:30,37.89,0.0037160213947365424,0.04137900702315457,12,2.199531378710022,0.536070705475223,2026-07-21T15:04:00+05:30,37.83,-0.060000000000002274,CLOSED,0.0,VEDPOWER-EQ
SELL,2026-07-21T15:04:00+05:30,37.83,-0.0010128419210920353,0.03659083066683385,15,3.128425673760014,1.38195392040106,2026-07-23T10:03:00+05:30,35.99,-1.8399999999999963,CLOSED,0.0,VEDPOWER-EQ
BUY,2026-07-23T10:03:00+05:30,35.99,0.020544513825354997,0.08262364471909277,10,1.739835598584,1.0356092516186022,2026-07-23T11:35:00+05:30,35.43,-0.5600000000000023,CLOSED,0.0,VEDPOWER-EQ
SELL,2026-07-23T11:35:00+05:30,35.43,-0.04254440679613709,0.1331707341890275,11,0.4559863490340603,0.39969932005330233,2026-07-24T12:17:00+05:30,34.89,-0.5399999999999991,CLOSED,0.0,VEDPOWER-EQ
BUY,2026-07-24T12:17:00+05:30,34.89,0.030037188422483346,0.14868310820892477,12,23.960115870282962,0.6736645597031191,2026-07-28T09:35:00+05:30,36.57,1.6799999999999997,CLOSED,1.0,VEDPOWER-EQ
SELL,2026-07-28T09:35:00+05:30,36.57,-0.01250200467417203,0.11981930840505844,9,-0.289059665124134,1.4339602435334222,2026-07-29T14:50:00+05:30,35.19,-1.3800000000000026,CLOSED,0.0,VEDPOWER-EQ
BUY,2026-07-29T14:50:00+05:30,35.19,0.002265481106246758,0.051897334549409646,14,3.9238865700695293,2.093108073067042,2026-07-30T09:20:00+05:30,34.48,-0.7100000000000009,CLOSED,0.0,VEDPOWER-EQ
SELL,2026-07-30T09:20:00+05:30,34.48,-0.01600134447738954,0.40680325575010967,9,3.182788031756557,0.3123556955320234,2026-07-31T10:01:00+05:30,34.06,-0.4199999999999946,CLOSED,0.0,VEDPOWER-EQ
BUY,2026-07-31T10:01:00+05:30,34.06,0.0060580470072216204,0.14323252268795525,10,-0.7308241630248492,0.4618224500491523,2026-07-31T15:07:00+05:30,34.47,0.4099999999999966,CLOSED,1.0,VEDPOWER-EQ
SELL,2026-07-31T15:07:00+05:30,34.47,-0.03377112046511862,0.15664538862595984,15,0.5846783493771921,1.5930757773497577,2026-08-03T09:26:00+05:30,35.54,1.0700000000000003,CLOSED,1.0,VEDPOWER-EQ
BUY,2026-08-03T09:26:00+05:30,35.54,0.0824732444475086,0.28318819812194834,9,1.0022415106853257,0.9146088482485724,2026-08-03T10:25:00+05:30,34.66,-0.8800000000000026,CLOSED,0.0,VEDPOWER-EQ
SELL,2026-08-03T10:25:00+05:30,34.66,-0.013764639674673678,0.05337498373666109,10,-0.8932171915958788,1.191107865202033,2026-08-03T11:04:00+05:30,35.05,0.39000000000000057,CLOSED,1.0,VEDPOWER-EQ
BUY,2026-08-03T11:04:00+05:30,35.05,0.00841303811278042,0.03994440581052053,11,-0.5072694340996983,1.5908921563757388,2026-08-03T11:39:00+05:30,34.89,-0.1599999999999966,CLOSED,0.0,VEDPOWER-EQ
SELL,2026-08-03T11:39:00+05:30,34.89,-0.0013339467698878411,0.0587367006223538,11,-0.5468347895955553,1.4058757014825363,2026-08-03T11:42:00+05:30,34.95,0.060000000000002274,CLOSED,1.0,VEDPOWER-EQ
BUY,2026-08-03T11:42:00+05:30,34.95,0.001180692334317149,0.05233439489369148,11,0.26590815825867675,1.5207491333831782,2026-08-03T12:10:00+05:30,34.9,-0.05000000000000426,CLOSED,0.0,VEDPOWER-EQ
SELL,2026-08-03T12:10:00+05:30,34.9,-0.00026879809428854843,0.02043961295567509,12,0.4508773818252301,1.5981620811444512,2026-08-03T12:18:00+05:30,34.98,0.0799999999999983,CLOSED,1.0,VEDPOWER-EQ
BUY,2026-08-03T12:18:00+05:30,34.98,0.003667612497989977,0.026666666666666988,12,-0.390761145160406,0.9654433093706647,2026-08-03T12:45:00+05:30,34.9,-0.0799999999999983,CLOSED,0.0,VEDPOWER-EQ
SELL,2026-08-03T12:45:00+05:30,34.9,-0.001591625738567337,0.021499353995463884,12,1.4820511074311775,0.8750771128932757,2026-08-03T13:16:00+05:30,34.97,0.07000000000000028,CLOSED,1.0,VEDPOWER-EQ
BUY,2026-08-03T13:16:00+05:30,34.97,0.0030093735487656116,0.014491376746189279,13,-0.5170885395348886,1.1672060687009829,2026-08-04T12:40:00+05:30,35.59,0.6200000000000045,CLOSED,1.0,VEDPOWER-EQ
SELL,2026-08-04T12:40:00+05:30,35.59,-0.007064136324879138,0.05606543795720599,12,0.4266397113925009,1.172814364143947,2026-08-04T13:32:00+05:30,35.87,0.27999999999999403,CLOSED,1.0,VEDPOWER-EQ
BUY,2026-08-04T13:32:00+05:30,35.87,0.00640756763920485,0.06257440016137208,13,-0.39694234932791356,0.8023833048172156,2026-08-04T14:41:00+05:30,35.6,-0.269999999999996,CLOSED,0.0,VEDPOWER-EQ
SELL,2026-08-04T14:41:00+05:30,35.6,-0.012804830630865072,0.09603818684946723,14,0.5034496854208741,0.1705591187953151,2026-08-05T09:23:00+05:30,35.85,0.25,CLOSED,1.0,VEDPOWER-EQ
BUY,2026-08-05T09:23:00+05:30,35.85,0.009609680126400608,0.13477965556995467,9,-0.088579828237867,0.8013397685253534,2026-08-05T10:36:00+05:30,35.69,-0.1600000000000037,CLOSED,0.0,VEDPOWER-EQ
SELL,2026-08-05T10:36:00+05:30,35.69,-0.005311992229627523,0.07042726744663647,10,0.4308189346243857,1.3904366932828323,2026-08-06T09:19:00+05:30,35.76,0.07000000000000028,CLOSED,1.0,VEDPOWER-EQ
BUY,2026-08-06T09:19:00+05:30,35.76,0.018898030366219978,0.16492422502470575,9,0.5926596129634174,0.6548384313649245,2026-08-06T14:34:00+05:30,35.85,0.09000000000000341,CLOSED,1.0,VEDPOWER-EQ
SELL,2026-08-06T14:34:00+05:30,35.85,-0.0017006623246934147,0.021705094128133498,14,-0.6222321313668564,1.1639567404319575,2026-08-06T14:41:00+05:30,35.92,0.07000000000000028,CLOSED,1.0,VEDPOWER-EQ
BUY,2026-08-06T14:41:00+05:30,35.92,0.004473842387725367,0.023944379994758003,14,-0.09413435173843832,1.5164257839947246,2026-08-06T15:09:00+05:30,35.72,-0.20000000000000284,CLOSED,0.0,VEDPOWER-EQ
SELL,2026-08-06T15:09:00+05:30,35.72,-0.014257936887135786,0.07245688373094564,15,0.4962467952654929,1.5937972258582818,2026-08-07T09:22:00+05:30,36.1,0.38000000000000256,CLOSED,1.0,VEDPOWER-EQ
BUY,2026-08-07T09:22:00+05:30,36.1,0.02460497123927887,0.11266469426281422,9,-0.47754109424431246,1.3747624588973824,2026-08-07T11:54:00+05:30,35.84,-0.259999999999998,CLOSED,0.0,VEDPOWER-EQ
SELL,2026-08-07T11:54:00+05:30,35.84,-0.004111080253321499,0.0995768826362597,11,9.241461940269687,0.7842401851389427,,,,OPEN,,VEDPOWER-EQ
SELL,2026-06-25T14:11:00+05:30,31.9,-0.0048695826318585185,0.008755950357709012,14,2.033168659021988,2.0346672871102838,2026-06-29T13:28:00+05:30,31.9,0.0,CLOSED,0.0,MOM30IETF-EQ
BUY,2026-06-29T13:28:00+05:30,31.9,0.0019338173625739518,0.0164654520469719,13,-0.2810387841886202,0.11946442334610985,2026-06-30T09:20:00+05:30,31.31,-0.5899999999999999,CLOSED,0.0,MOM30IETF-EQ
SELL,2026-06-30T09:20:00+05:30,31.31,-0.06608045049362785,0.38818809873565224,9,6.916843143118438,0.6102541239411502,2026-06-30T13:45:00+05:30,31.54,0.23000000000000043,CLOSED,1.0,MOM30IETF-EQ
BUY,2026-06-30T13:45:00+05:30,31.54,0.004650181361324741,0.01154700538379227,13,0.1522502393061761,0.04662973222530009,2026-06-30T14:04:00+05:30,31.46,-0.0799999999999983,CLOSED,0.0,MOM30IETF-EQ
SELL,2026-06-30T14:04:00+05:30,31.46,-0.003984581861923135,0.02250925735484538,14,-0.6932092377954675,0.601123595505618,2026-06-30T14:26:00+05:30,31.59,0.129999999999999,CLOSED,1.0,MOM30IETF-EQ
BUY,2026-06-30T14:26:00+05:30,31.59,0.0003360000276838581,0.029363620727394103,14,-0.8008514660986867,2.1367775138558986,2026-06-30T15:13:00+05:30,31.47,-0.120000000000001,CLOSED,0.0,MOM30IETF-EQ
SELL,2026-06-30T15:13:00+05:30,31.47,-0.0030036649366986527,0.01349897115421071,15,0.03924682391192513,1.337044313468675,2026-07-01T10:31:00+05:30,31.54,0.07000000000000028,CLOSED,1.0,MOM30IETF-EQ
BUY,2026-07-01T10:31:00+05:30,31.54,0.001644069992719844,0.01286683937707933,10,0.1321585901371358,0.49210345616845963,2026-07-01T12:21:00+05:30,31.46,-0.0799999999999983,CLOSED,0.0,MOM30IETF-EQ
SELL,2026-07-01T12:21:00+05:30,31.46,-0.002748511361118138,0.03293090409394296,12,5.797860344037556,0.025470057152323367,2026-07-02T10:29:00+05:30,31.45,-0.010000000000001563,CLOSED,0.0,MOM30IETF-EQ
BUY,2026-07-02T10:29:00+05:30,31.45,0.001549602490077661,0.011547005383792955,10,2.2423568618088425,1.2208554774558547,2026-07-02T11:44:00+05:30,31.36,-0.08999999999999986,CLOSED,0.0,MOM30IETF-EQ
SELL,2026-07-02T11:44:00+05:30,31.36,-0.0030829874293186016,0.012292725943056986,11,0.03253182449599775,1.9794520547945205,2026-07-02T11:59:00+05:30,31.41,0.05000000000000071,CLOSED,1.0,MOM30IETF-EQ
BUY,2026-07-02T11:59:00+05:30,31.41,0.001360656873272348,0.02068278940998475,11,1.025804287825395,0.3531844499586435,2026-07-02T12:45:00+05:30,31.33,-0.08000000000000185,CLOSED,0.0,MOM30IETF-EQ
SELL,2026-07-02T12:45:00+05:30,31.33,-0.005509075569167713,0.017511900715417125,12,-0.5261601293830857,2.492569475404964,2026-07-06T09:28:00+05:30,31.15,-0.17999999999999972,CLOSED,0.0,MOM30IETF-EQ
BUY,2026-07-06T09:28:00+05:30,31.15,0.005043021300592225,0.020575065816015054,9,-0.9497386994368259,0.25890637945318973,2026-07-06T15:11:00+05:30,31.22,0.07000000000000028,CLOSED,1.0,MOM30IETF-EQ
SELL,2026-07-06T15:11:00+05:30,31.22,-0.004749565280580051,0.017511900715418024,15,-0.8549653324723059,2.215442013405843,2026-07-08T10:13:00+05:30,30.88,-0.33999999999999986,CLOSED,0.0,MOM30IETF-EQ
BUY,2026-07-08T10:13:00+05:30,30.88,0.004678768105057793,0.022010098692292666,10,-0.2155937843845813,0.19985850725150336,2026-07-08T13:54:00+05:30,30.71,-0.16999999999999815,CLOSED,0.0,MOM30IETF-EQ
SELL,2026-07-08T13:54:00+05:30,30.71,-0.0038132949623441406,0.05533734925185853,13,-0.9431206193496421,1.277561608300908,2026-07-09T09:28:00+05:30,30.75,0.03999999999999915,CLOSED,1.0,MOM30IETF-EQ
BUY,2026-07-09T09:28:00+05:30,30.75,0.003846243191371557,0.023190036174567552,9,-0.47673106746637794,1.7521223554776983,2026-07-09T15:10:00+05:30,30.73,-0.019999999999999574,CLOSED,0.0,MOM30IETF-EQ
SELL,2026-07-09T15:10:00+05:30,30.73,-0.00288536650898895,0.026012817353502516,15,-0.8295090703982003,2.0187793427230045,2026-07-10T09:16:00+05:30,31.0,0.2699999999999996,CLOSED,1.0,MOM30IETF-EQ
BUY,2026-07-10T09:16:00+05:30,31.0,0.0018164094811373322,0.06972963661329529,9,0.27001542922165656,1.9833288336933046,2026-07-10T13:42:00+05:30,31.06,0.05999999999999872,CLOSED,1.0,MOM30IETF-EQ
SELL,2026-07-10T13:42:00+05:30,31.06,-0.001990549289701113,0.018257418583504933,13,-0.9018288673197562,0.5011815675462781,2026-07-10T15:05:00+05:30,31.14,0.08000000000000185,CLOSED,1.0,MOM30IETF-EQ
BUY,2026-07-10T15:05:00+05:30,31.14,0.004099554510765251,0.032386554137310106,15,51.42120597557779,2.332990035072093,2026-07-13T09:19:00+05:30,30.92,-0.21999999999999886,CLOSED,0.0,MOM30IETF-EQ
SELL,2026-07-13T09:19:00+05:30,30.92,-0.01002982248322034,0.0796101612721502,9,0.426626081298737,2.154056709713644,2026-07-13T10:11:00+05:30,31.1,0.17999999999999972,CLOSED,1.0,MOM30IETF-EQ
BUY,2026-07-13T10:11:00+05:30,31.1,0.003951079713579691,0.010749676997731904,10,-0.4345475235706495,1.4796175138399599,2026-07-13T10:54:00+05:30,31.01,-0.08999999999999986,CLOSED,0.0,MOM30IETF-EQ
SELL,2026-07-13T10:54:00+05:30,31.01,-0.0002860685045361782,0.023309511649395497,10,-0.9283459753640644,0.026919311984337856,2026-07-13T14:23:00+05:30,31.09,0.0799999999999983,CLOSED,1.0,MOM30IETF-EQ
BUY,2026-07-13T14:23:00+05:30,31.09,0.004157620224543562,0.022632326929023887,14,10.20420405098793,1.012463146609488,2026-07-14T09:43:00+05:30,31.03,-0.05999999999999872,CLOSED,0.0,MOM30IETF-EQ
SELL,2026-07-14T09:43:00+05:30,31.03,-0.002273759842208969,0.02366431913239776,9,0.46182495237005355,0.12420382165605096,2026-07-14T10:35:00+05:30,31.1,0.07000000000000028,CLOSED,1.0,MOM30IETF-EQ
BUY,2026-07-14T10:35:00+05:30,31.1,0.0011170271595196482,0.010327955589885767,10,-0.2903466263690894,2.0522584033613445,2026-07-14T14:53:00+05:30,31.1,0.0,CLOSED,0.0,MOM30IETF-EQ
SELL,2026-07-14T14:53:00+05:30,31.1,-0.0023724037248846193,0.00674948557710559,14,-0.9608613366029723,0.5204019488428745,2026-07-14T15:04:00+05:30,31.17,0.07000000000000028,CLOSED,1.0,MOM30IETF-EQ
BUY,2026-07-14T15:04:00+05:30,31.17,0.0005562205721168839,0.022997584414213228,15,2.6243725562961897,0.11983534661845041,2026-07-15T12:50:00+05:30,31.2,0.029999999999997584,CLOSED,1.0,MOM30IETF-EQ
SELL,2026-07-15T12:50:00+05:30,31.2,-0.0006765853994359483,0.011352924243950901,12,3.8457583053244435,0.011936339522546418,2026-07-16T10:46:00+05:30,31.29,0.08999999999999986,CLOSED,1.0,MOM30IETF-EQ
BUY,2026-07-16T10:46:00+05:30,31.29,0.013981202680795994,0.04547282460742696,10,0.5082145574430341,0.7540398210936372,2026-07-16T12:59:00+05:30,31.1,-0.18999999999999773,CLOSED,0.0,MOM30IETF-EQ
SELL,2026-07-16T12:59:00+05:30,31.1,-0.007971695731696055,0.024244128727957406,12,-0.41035714212436225,2.447001817080557,2026-07-20T09:17:00+05:30,30.85,-0.25,CLOSED,0.0,MOM30IETF-EQ
BUY,2026-07-20T09:17:00+05:30,30.85,0.0026968642815621575,0.03972125095937636,9,3.422465307696513,1.9127178618051897,2026-07-22T09:45:00+05:30,31.08,0.22999999999999687,CLOSED,1.0,MOM30IETF-EQ
SELL,2026-07-22T09:45:00+05:30,31.08,-0.004659293044196267,0.01837873166945332,9,2.3097609446725054,0.07598555522118568,2026-07-22T11:09:00+05:30,31.18,0.10000000000000142,CLOSED,1.0,MOM30IETF-EQ
BUY,2026-07-22T11:09:00+05:30,31.18,0.0028000210376046223,0.008755950357708878,11,-0.5233494321791511,0.9881756756756757,2026-07-22T12:07:00+05:30,31.1,-0.0799999999999983,CLOSED,0.0,MOM30IETF-EQ
SELL,2026-07-22T12:07:00+05:30,31.1,-0.008034892352035482,0.03478505426185243,12,0.754363282555974,0.029937361827560797,2026-07-23T11:19:00+05:30,31.09,-0.010000000000001563,CLOSED,0.0,MOM30IETF-EQ
BUY,2026-07-23T11:19:00+05:30,31.09,0.003867397515970687,0.012472191289246837,11,1.4844821941485769,0.0026298487836949377,2026-07-23T11:25:00+05:30,31.02,-0.07000000000000028,CLOSED,0.0,MOM30IETF-EQ
SELL,2026-07-23T11:25:00+05:30,31.02,-0.004031562279747217,0.025733678754158596,11,-0.9854380961130753,2.117021276595745,2026-07-24T12:45:00+05:30,30.64,-0.379999999999999,CLOSED,0.0,MOM30IETF-EQ
BUY,2026-07-24T12:45:00+05:30,30.64,0.00576836207268207,0.01897366596101037,12,-0.9202995958130404,1.5060240963855422,2026-07-24T14:32:00+05:30,30.54,-0.10000000000000142,CLOSED,0.0,MOM30IETF-EQ
SELL,2026-07-24T14:32:00+05:30,30.54,-0.005190820942775473,0.03852848873813283,14,2.3840368724114063,0.05179582765789662,2026-07-24T15:20:00+05:30,30.64,0.10000000000000142,CLOSED,1.0,MOM30IETF-EQ
BUY,2026-07-24T15:20:00+05:30,30.64,0.0030896384909502353,0.018737959096740243,15,-0.9125690384320112,1.6091689665746702,2026-07-28T09:23:00+05:30,30.67,0.030000000000001137,CLOSED,1.0,MOM30IETF-EQ
SELL,2026-07-28T09:23:00+05:30,30.67,-0.01788042463530047,0.07321960878829589,9,-0.715840807995332,0.59109714986209,2026-07-29T09:20:00+05:30,30.69,0.019999999999999574,CLOSED,1.0,MOM30IETF-EQ
BUY,2026-07-29T09:20:00+05:30,30.69,0.01226628751498327,0.03190262963734846,9,-0.30068742412036237,0.22117497397941482,2026-07-30T09:21:00+05:30,30.6,-0.08999999999999986,CLOSED,0.0,MOM30IETF-EQ
SELL,2026-07-30T09:21:00+05:30,30.6,-0.0027710619652988617,0.04417138339593927,9,0.5586474108142625,1.1651129943502825,2026-07-30T11:35:00+05:30,30.64,0.03999999999999915,CLOSED,1.0,MOM30IETF-EQ
BUY,2026-07-30T11:35:00+05:30,30.64,0.00398091261629807,0.029059326290271352,11,-0.24746317471773618,0.8242714223575467,2026-07-30T12:03:00+05:30,30.55,-0.08999999999999986,CLOSED,0.0,MOM30IETF-EQ
SELL,2026-07-30T12:03:00+05:30,30.55,-0.000680004722422834,0.01563471919941211,12,2.0742753435301142,0.31673541543901,2026-07-30T15:11:00+05:30,30.61,0.05999999999999872,CLOSED,1.0,MOM30IETF-EQ
BUY,2026-07-30T15:11:00+05:30,30.61,0.0029956079435510554,0.015634719199411604,15,3.9315151396014696,2.1279341280570234,2026-08-03T14:52:00+05:30,31.27,0.6600000000000001,CLOSED,1.0,MOM30IETF-EQ
SELL,2026-08-03T14:52:00+05:30,31.27,-0.001621397567981728,0.01595131481867386,14,-0.875042617733513,0.6139154160982265,2026-08-04T09:17:00+05:30,31.43,0.16000000000000014,CLOSED,1.0,MOM30IETF-EQ
BUY,2026-08-04T09:17:00+05:30,31.43,0.00907678151154784,0.07888106377466111,9,71.68159456121901,1.3162759242560866,2026-08-04T12:08:00+05:30,31.4,-0.030000000000001137,CLOSED,0.0,MOM30IETF-EQ
SELL,2026-08-04T12:08:00+05:30,31.4,-0.00016328169280472937,0.009486832980505205,12,-0.08014276437366741,2.3796296296296298,2026-08-04T14:24:00+05:30,31.45,0.05000000000000071,CLOSED,1.0,MOM30IETF-EQ
BUY,2026-08-04T14:24:00+05:30,31.45,0.006742246044914697,0.019578900207451556,14,0.7518644061424876,0.08779992260061921,2026-08-04T14:49:00+05:30,31.38,-0.07000000000000028,CLOSED,0.0,MOM30IETF-EQ
SELL,2026-08-04T14:49:00+05:30,31.38,-0.0005049435021474177,0.009718253158076003,14,2.3448540616557065,0.7497129735935706,2026-08-04T15:17:00+05:30,31.44,0.060000000000002274,CLOSED,1.0,MOM30IETF-EQ
BUY,2026-08-04T15:17:00+05:30,31.44,0.004206930871434933,0.03622460796505966,15,-0.9004059242018205,0.8360872438863186,2026-08-04T15:19:00+05:30,31.36,-0.08000000000000185,CLOSED,0.0,MOM30IETF-EQ
SELL,2026-08-04T15:19:00+05:30,31.36,-0.0009719444199839151,0.03622460796505966,15,-0.8976434964786681,0.2459807073954984,2026-08-04T15:23:00+05:30,31.44,0.08000000000000185,CLOSED,1.0,MOM30IETF-EQ
BUY,2026-08-04T15:23:00+05:30,31.44,0.005018712966138942,0.032128215360057624,15,-0.20797532473234703,1.9033379694019472,2026-08-05T11:45:00+05:30,31.47,0.029999999999997584,CLOSED,1.0,MOM30IETF-EQ
SELL,2026-08-05T11:45:00+05:30,31.47,-0.0009234575233601529,0.011595018087283386,11,-0.7823248217428442,1.0257096946973756,2026-08-05T15:04:00+05:30,31.5,0.030000000000001137,CLOSED,1.0,MOM30IETF-EQ
BUY,2026-08-05T15:04:00+05:30,31.5,7.235284454451786e-05,0.025033311140690632,15,0.42809711513996995,1.626707352513804,2026-08-06T12:03:00+05:30,31.48,-0.019999999999999574,CLOSED,0.0,MOM30IETF-EQ
SELL,2026-08-06T12:03:00+05:30,31.48,-0.0004618608645688016,0.009189365834726532,12,-0.6425061411906098,1.7325315005727377,2026-08-06T15:14:00+05:30,31.54,0.05999999999999872,CLOSED,1.0,MOM30IETF-EQ
BUY,2026-08-06T15:14:00+05:30,31.54,0.004375719218039837,0.03231786571610866,15,-0.422562141124142,0.7879289584587598,2026-08-07T14:15:00+05:30,31.5,-0.03999999999999915,CLOSED,0.0,MOM30IETF-EQ
SELL,2026-08-07T14:15:00+05:30,31.5,-0.002710161122643584,0.01229272594305705,14,0.5175438571269793,0.9971098265895955,2026-08-07T14:22:00+05:30,31.53,0.030000000000001137,CLOSED,1.0,MOM30IETF-EQ
BUY,2026-08-07T14:22:00+05:30,31.53,0.0003606777895885701,0.019119507199600514,14,0.6029929550924606,0.20593080724876442,2026-08-07T14:26:00+05:30,31.51,-0.019999999999999574,CLOSED,0.0,MOM30IETF-EQ
SELL,2026-08-07T14:26:00+05:30,31.51,-0.0005207483292589206,0.018529256146250814,14,-0.2241490037760147,0.016556291390728478,2026-08-07T14:29:00+05:30,31.53,0.019999999999999574,CLOSED,1.0,MOM30IETF-EQ
BUY,2026-08-07T14:29:00+05:30,31.53,0.0004376112411204013,0.017029386365927324,14,-0.6701343721930334,2.0039421813403417,2026-08-07T14:37:00+05:30,31.52,-0.010000000000001563,CLOSED,0.0,MOM30IETF-EQ
SELL,2026-08-07T14:37:00+05:30,31.52,-0.00013956854640329985,0.006992058987801313,14,38.65076893345563,0.8885267528033213,2026-08-07T14:51:00+05:30,31.54,0.019999999999999574,CLOSED,1.0,MOM30IETF-EQ
BUY,2026-08-07T14:51:00+05:30,31.54,0.0007335914049439138,0.018856180831641284,14,1.8600326662520212,0.06820278522163159,2026-08-07T14:55:00+05:30,31.51,-0.029999999999997584,CLOSED,0.0,MOM30IETF-EQ
SELL,2026-08-07T14:55:00+05:30,31.51,-0.0006498769302935564,0.018973665961010164,14,-0.16731316262233567,0.012939958592132506,2026-08-07T15:23:00+05:30,31.55,0.03999999999999915,CLOSED,1.0,MOM30IETF-EQ
BUY,2026-08-07T15:23:00+05:30,31.55,0.001521773174942748,0.02368778400592011,15,-0.5038718084398253,0.31563900479060425,2026-08-07T15:29:00+05:30,31.4,-0.15000000000000213,CLOSED,0.0,MOM30IETF-EQ
SELL,2026-08-07T15:29:00+05:30,31.4,-0.006082790423298085,0.018529256146250152,15,-0.3255595552312102,1.4510327222093293,,,,OPEN,,MOM30IETF-EQ
SELL,2026-06-25T09:16:00+05:30,85.5,-0.006884442306859213,0.1158591098417957,9,-0.4075491580069429,1.102399149254429,2026-06-25T13:41:00+05:30,85.38,-0.12000000000000455,CLOSED,0.0,NMDC-EQ
BUY,2026-06-25T13:41:00+05:30,85.38,0.006683731639915921,0.029135697844547864,13,-0.2232897770773797,1.2559129143988124,2026-06-25T14:07:00+05:30,85.14,-0.23999999999999488,CLOSED,0.0,NMDC-EQ
SELL,2026-06-25T14:07:00+05:30,85.14,-0.002549584936380286,0.04595891885393062,14,-0.6878780925753142,1.6223060924445083,2026-06-29T13:18:00+05:30,84.92,-0.21999999999999886,CLOSED,0.0,NMDC-EQ
BUY,2026-06-29T13:18:00+05:30,84.92,0.003050514129290577,0.07501111028818672,13,-0.13455231897834466,0.9141438835241549,2026-06-30T09:43:00+05:30,84.8,-0.12000000000000455,CLOSED,0.0,NMDC-EQ
SELL,2026-06-30T09:43:00+05:30,84.8,-0.014608757800123584,0.05313504806936061,9,0.5011309871514877,0.8518392947957282,2026-06-30T13:31:00+05:30,84.98,0.18000000000000682,CLOSED,1.0,NMDC-EQ
BUY,2026-06-30T13:31:00+05:30,84.98,0.009752415809930637,0.07781031065639103,13,-0.059696176006296675,0.972401729209377,2026-07-01T09:32:00+05:30,84.69,-0.29000000000000625,CLOSED,0.0,NMDC-EQ
SELL,2026-07-01T09:32:00+05:30,84.69,-0.007928550831209457,0.06429964575675733,9,-0.6341138768420389,0.6970980283254652,2026-07-02T09:15:00+05:30,85.6,0.9099999999999966,CLOSED,1.0,NMDC-EQ
BUY,2026-07-02T09:15:00+05:30,85.6,0.02404807012927543,0.09778093429248376,9,-0.8417094759598863,1.0381981052808646,2026-07-02T15:13:00+05:30,85.46,-0.14000000000000057,CLOSED,0.0,NMDC-EQ
SELL,2026-07-02T15:13:00+05:30,85.46,-0.01148146544405434,0.034657049948185796,15,0.32757959339735204,0.35942213233169606,2026-07-03T09:17:00+05:30,86.63,1.1700000000000017,CLOSED,1.0,NMDC-EQ
BUY,2026-07-03T09:17:00+05:30,86.63,0.042732987984423584,0.447168871904117,9,2.229736938468662,1.3931413479066688,2026-07-03T11:10:00+05:30,85.92,-0.7099999999999937,CLOSED,0.0,NMDC-EQ
SELL,2026-07-03T11:10:00+05:30,85.92,-0.0007188737808065647,0.02633122354417525,11,1.0360417908017459,0.23851189770691134,2026-07-03T12:13:00+05:30,86.04,0.12000000000000455,CLOSED,1.0,NMDC-EQ
BUY,2026-07-03T12:13:00+05:30,86.04,0.00020328688907987415,0.021705094128131534,12,4.527168482707039,2.251752428252601,2026-07-03T12:24:00+05:30,85.96,-0.0800000000000125,CLOSED,0.0,NMDC-EQ
SELL,2026-07-03T12:24:00+05:30,85.96,-0.001815081790467574,0.027888667551138797,12,1.2332926125982155,1.9089563524623132,2026-07-03T12:51:00+05:30,86.15,0.19000000000001194,CLOSED,1.0,NMDC-EQ
BUY,2026-07-03T12:51:00+05:30,86.15,0.006991819175922527,0.05126185499743114,12,1.9985346790767995,1.5901672971228273,2026-07-03T14:29:00+05:30,85.95,-0.20000000000000284,CLOSED,0.0,NMDC-EQ
SELL,2026-07-03T14:29:00+05:30,85.95,-0.0016357203193214417,0.03794733192201991,14,-0.1079465280327849,1.0758291161446472,2026-07-06T15:03:00+05:30,85.23,-0.7199999999999989,CLOSED,0.0,NMDC-EQ
BUY,2026-07-06T15:03:00+05:30,85.23,0.02114737574472866,0.36025453964292337,15,1.0773116575171866,1.376467638528412,2026-07-07T09:25:00+05:30,84.51,-0.7199999999999989,CLOSED,0.0,NMDC-EQ
SELL,2026-07-07T09:25:00+05:30,84.51,-0.0008494817626220099,0.1842130409185089,9,0.012102146207304638,0.36590857598663823,2026-07-07T12:54:00+05:30,84.48,-0.030000000000001137,CLOSED,0.0,NMDC-EQ
BUY,2026-07-07T12:54:00+05:30,84.48,0.0020795478754227926,0.03591656999213681,12,0.3467487327772085,0.667227640790167,2026-07-07T13:49:00+05:30,84.18,-0.29999999999999716,CLOSED,0.0,NMDC-EQ
SELL,2026-07-07T13:49:00+05:30,84.18,-0.0025500663823125004,0.14877649157190176,13,0.030699374196083873,0.8961157542554751,2026-07-07T15:12:00+05:30,84.41,0.22999999999998977,CLOSED,1.0,NMDC-EQ
BUY,2026-07-07T15:12:00+05:30,84.41,0.0027144857562052113,0.0587272414547867,15,-0.5834352127835509,0.9603266756327042,2026-07-08T09:16:00+05:30,83.7,-0.7099999999999937,CLOSED,0.0,NMDC-EQ
SELL,2026-07-08T09:16:00+05:30,83.7,-0.030238585333440593,0.1310173864628489,9,-0.5546218039636003,1.3366092337324031,2026-07-08T10:00:00+05:30,84.46,0.7599999999999909,CLOSED,1.0,NMDC-EQ
BUY,2026-07-08T10:00:00+05:30,84.46,0.0023264233297277804,0.045898438608157476,10,-0.10183330617546107,1.2219246486913284,2026-07-08T13:58:00+05:30,84.23,-0.22999999999998977,CLOSED,0.0,NMDC-EQ
SELL,2026-07-08T13:58:00+05:30,84.23,-0.015331234510091489,0.1436043948569206,13,-0.49979363623332423,0.7161329264983581,2026-07-09T10:01:00+05:30,84.55,0.3199999999999932,CLOSED,1.0,NMDC-EQ
BUY,2026-07-09T10:01:00+05:30,84.55,0.011256857107520045,0.09362454568944925,10,5.7877044684014525,1.9451955284716897,2026-07-09T13:59:00+05:30,84.41,-0.14000000000000057,CLOSED,0.0,NMDC-EQ
SELL,2026-07-09T13:59:00+05:30,84.41,-0.0009374215104173294,0.014944341180974357,13,-0.73417916886859,0.7295900592265706,2026-07-09T14:55:00+05:30,84.6,0.18999999999999773,CLOSED,1.0,NMDC-EQ
BUY,2026-07-09T14:55:00+05:30,84.6,0.005096633486339216,0.16370705543744943,14,-0.6429756196194627,0.678711165323575,2026-07-09T15:13:00+05:30,84.33,-0.269999999999996,CLOSED,0.0,NMDC-EQ
SELL,2026-07-09T15:13:00+05:30,84.33,-0.003211261732154608,0.04854551129267133,15,-0.6196925229583342,0.6688637096677855,2026-07-10T09:15:00+05:30,85.02,0.6899999999999977,CLOSED,1.0,NMDC-EQ
BUY,2026-07-10T09:15:00+05:30,85.02,0.018343939492253238,0.05370702416299253,9,1.6846637923220127,1.3898205187477273,2026-07-10T12:12:00+05:30,85.03,0.010000000000005116,CLOSED,1.0,NMDC-EQ
SELL,2026-07-10T12:12:00+05:30,85.03,-0.0026806079587924168,0.03653004851412547,12,0.8006525685810966,0.5431931218535816,2026-07-10T13:07:00+05:30,85.39,0.35999999999999943,CLOSED,1.0,NMDC-EQ
BUY,2026-07-10T13:07:00+05:30,85.39,0.013111721511251903,0.09843779761859496,13,0.7033569209021289,0.9595671741351504,2026-07-10T14:34:00+05:30,85.03,-0.35999999999999943,CLOSED,0.0,NMDC-EQ
SELL,2026-07-10T14:34:00+05:30,85.03,-0.004851452563196951,0.04922736366426,14,0.25101432185638134,0.9598619561752435,2026-07-13T14:18:00+05:30,83.85,-1.1800000000000068,CLOSED,0.0,NMDC-EQ
BUY,2026-07-13T14:18:00+05:30,83.85,0.001996967542381124,0.02460803843372209,14,0.21325190092265092,0.7252795552970073,2026-07-13T14:28:00+05:30,83.73,-0.11999999999999034,CLOSED,0.0,NMDC-EQ
SELL,2026-07-13T14:28:00+05:30,83.73,-0.0015726904815751572,0.05561774297230161,14,0.0006334373980411503,0.9118401606865352,2026-07-13T14:31:00+05:30,83.84,0.10999999999999943,CLOSED,1.0,NMDC-EQ
BUY,2026-07-13T14:31:00+05:30,83.84,0.0019777646682255013,0.03155242550986254,14,-0.03960810425140765,1.0566304498544064,2026-07-13T14:38:00+05:30,83.67,-0.1700000000000017,CLOSED,0.0,NMDC-EQ
SELL,2026-07-13T14:38:00+05:30,83.67,-0.004075486794317814,0.04771442828606987,14,-0.15777594984205648,1.090541903038107,2026-07-13T14:54:00+05:30,83.88,0.20999999999999375,CLOSED,1.0,NMDC-EQ
BUY,2026-07-13T14:54:00+05:30,83.88,1.4446417532936169e-05,0.05126185499743283,14,-0.04857835582337785,0.8468748163673046,2026-07-14T13:18:00+05:30,84.77,0.8900000000000006,CLOSED,1.0,NMDC-EQ
SELL,2026-07-14T13:18:00+05:30,84.77,-0.00204286299701068,0.055617742972303943,13,-0.35026625368984615,1.0056555054934717,2026-07-14T13:20:00+05:30,84.95,0.18000000000000682,CLOSED,1.0,NMDC-EQ
BUY,2026-07-14T13:20:00+05:30,84.95,0.0026638105490638156,0.055417606508320595,13,-0.19494950204188305,1.066087563839539,2026-07-14T13:34:00+05:30,84.77,-0.18000000000000682,CLOSED,0.0,NMDC-EQ
SELL,2026-07-14T13:34:00+05:30,84.77,-0.001014142483326051,0.03541813722437517,13,0.27563784435479816,0.8243471061189473,2026-07-14T13:57:00+05:30,84.9,0.13000000000000966,CLOSED,1.0,NMDC-EQ
BUY,2026-07-14T13:57:00+05:30,84.9,0.0007482186678973337,0.028460498941516824,13,-0.26178002068927936,0.9895827672778255,2026-07-14T13:58:00+05:30,84.85,-0.05000000000001137,CLOSED,0.0,NMDC-EQ
SELL,2026-07-14T13:58:00+05:30,84.85,-0.00036062395655596597,0.028303906287139576,13,-0.2670921343927522,0.9806294743910495,2026-07-14T14:05:00+05:30,85.0,0.15000000000000568,CLOSED,1.0,NMDC-EQ
BUY,2026-07-14T14:05:00+05:30,85.0,0.0061657439300768216,0.043217794688968955,14,0.2147179709495262,0.7545738187135497,2026-07-15T11:19:00+05:30,85.05,0.04999999999999716,CLOSED,1.0,NMDC-EQ
SELL,2026-07-15T11:19:00+05:30,85.05,-0.0021105573712978717,0.03928528138289575,11,-0.5909995352863134,0.36501878987386027,2026-07-15T11:23:00+05:30,85.19,0.14000000000000057,CLOSED,1.0,NMDC-EQ
BUY,2026-07-15T11:23:00+05:30,85.19,0.0007081272570439313,0.046439925351648224,11,0.24847774116543261,1.7730762283236994,2026-07-15T11:55:00+05:30,85.03,-0.1599999999999966,CLOSED,0.0,NMDC-EQ
SELL,2026-07-15T11:55:00+05:30,85.03,-0.002016901597368355,0.039001424475410974,11,-0.11920986535393355,0.8102422662942489,2026-07-15T14:49:00+05:30,85.19,0.1599999999999966,CLOSED,1.0,NMDC-EQ
BUY,2026-07-15T14:49:00+05:30,85.19,0.008051564042011844,0.05391351098441638,14,1.4162787725473103,1.1461725000188863,2026-07-15T15:18:00+05:30,84.97,-0.21999999999999886,CLOSED,0.0,NMDC-EQ
SELL,2026-07-15T15:18:00+05:30,84.97,-0.00013893393422174965,0.04022160834399845,15,-0.14797894704505346,1.003768247548324,2026-07-16T11:04:00+05:30,85.05,0.0799999999999983,CLOSED,1.0,NMDC-EQ
BUY,2026-07-16T11:04:00+05:30,85.05,0.003210904822506546,0.029078437983417006,11,19.22121512986991,1.4164051994621247,2026-07-16T11:47:00+05:30,84.83,-0.21999999999999886,CLOSED,0.0,NMDC-EQ
SELL,2026-07-16T11:47:00+05:30,84.83,-0.002041648011938446,0.08179242018671425,11,-0.6385148765531373,0.7016365571302497,2026-07-20T09:16:00+05:30,84.61,-0.21999999999999886,CLOSED,0.0,NMDC-EQ
BUY,2026-07-20T09:16:00+05:30,84.61,0.06186089121979593,0.48181254999567336,9,-0.3011528130326947,0.904610944693927,2026-07-20T14:24:00+05:30,84.0,-0.6099999999999994,CLOSED,0.0,NMDC-EQ
SELL,2026-07-20T14:24:00+05:30,84.0,-0.002012711408090903,0.028067379246694356,14,-0.02010028181312083,0.7124128812495798,2026-07-20T14:27:00+05:30,84.1,0.09999999999999432,CLOSED,1.0,NMDC-EQ
BUY,2026-07-20T14:27:00+05:30,84.1,0.00046008329245037253,0.04653553003410794,14,-0.34320242018500596,1.5575756325065004,2026-07-20T14:32:00+05:30,84.0,-0.09999999999999432,CLOSED,0.0,NMDC-EQ
SELL,2026-07-20T14:32:00+05:30,84.0,-0.0024202814098296457,0.04157990967869865,14,0.5336910313866157,0.5892658195146367,2026-07-21T12:10:00+05:30,83.71,-0.29000000000000625,CLOSED,0.0,NMDC-EQ
BUY,2026-07-21T12:10:00+05:30,83.71,0.006951653372869354,0.10004998750624496,12,2.635902127647368,0.9173377277007502,2026-07-21T14:43:00+05:30,83.69,-0.01999999999999602,CLOSED,0.0,NMDC-EQ
SELL,2026-07-21T14:43:00+05:30,83.69,-0.0029825274536768574,0.02750757471437133,14,0.30848520095737314,1.7921965674774663,2026-07-21T15:03:00+05:30,83.9,0.21000000000000796,CLOSED,1.0,NMDC-EQ
BUY,2026-07-21T15:03:00+05:30,83.9,0.0023425802963344465,0.09011720763046145,15,0.5552408483920082,0.9518245156762989,2026-07-21T15:08:00+05:30,83.7,-0.20000000000000284,CLOSED,0.0,NMDC-EQ
SELL,2026-07-21T15:08:00+05:30,83.7,-0.004550746142831631,0.05021066730398483,15,-0.2217279433217687,1.253951471369611,2026-07-21T15:19:00+05:30,84.34,0.6400000000000006,CLOSED,1.0,NMDC-EQ
BUY,2026-07-21T15:19:00+05:30,84.34,0.002511631408583507,0.2394345190002663,15,-0.5080264909846304,1.8604829987369123,2026-07-22T11:28:00+05:30,83.78,-0.5600000000000023,CLOSED,0.0,NMDC-EQ
SELL,2026-07-22T11:28:00+05:30,83.78,-0.0075339635502369865,0.08860022573334823,11,0.22731714125393226,1.4521467159510948,2026-07-24T11:29:00+05:30,82.5,-1.2800000000000011,CLOSED,0.0,NMDC-EQ
BUY,2026-07-24T11:29:00+05:30,82.5,0.0026978791666816236,0.05538752366533624,11,2.378889329381248,1.2066701320691193,2026-07-27T12:06:00+05:30,83.63,1.1299999999999955,CLOSED,1.0,NMDC-EQ
SELL,2026-07-27T12:06:00+05:30,83.63,-0.010925442011784869,0.034576806613040356,12,-0.5709201707965268,0.9515602423807976,2026-07-27T13:32:00+05:30,84.0,0.37000000000000455,CLOSED,1.0,NMDC-EQ
BUY,2026-07-27T13:32:00+05:30,84.0,0.0013920376350016683,0.09177871939253239,13,-0.8013660829385251,1.1464918442207133,2026-07-27T13:48:00+05:30,83.72,-0.28000000000000114,CLOSED,0.0,NMDC-EQ
SELL,2026-07-27T13:48:00+05:30,83.72,-0.0023439684957372005,0.03777124126457246,13,-0.1746052871151075,0.6067382356685196,2026-07-28T10:40:00+05:30,84.05,0.3299999999999983,CLOSED,1.0,NMDC-EQ
BUY,2026-07-28T10:40:00+05:30,84.05,0.023529108499759005,0.10340857475728887,10,0.03049387612964773,2.1142183817753337,2026-07-28T12:01:00+05:30,83.57,-0.480000000000004,CLOSED,0.0,NMDC-EQ
SELL,2026-07-28T12:01:00+05:30,83.57,-0.0009140904816099714,0.03784471194529163,12,0.24238728607774807,0.27661891469063465,2026-07-28T13:26:00+05:30,83.89,0.3200000000000074,CLOSED,1.0,NMDC-EQ
BUY,2026-07-28T13:26:00+05:30,83.89,0.0057033046349313585,0.16759740119968525,13,1.4551586212020087,0.7226956188407417,2026-07-30T09:22:00+05:30,85.79,1.9000000000000057,CLOSED,1.0,NMDC-EQ
SELL,2026-07-30T09:22:00+05:30,85.79,-0.0020029105285010607,0.0719567771497434,9,-0.5008773476571742,0.40743924975047685,2026-07-30T09:29:00+05:30,86.01,0.21999999999999886,CLOSED,1.0,NMDC-EQ
BUY,2026-07-30T09:29:00+05:30,86.01,0.002980180260368693,0.10974718422102818,9,0.2653044285215351,1.2511405177503323,2026-07-30T09:34:00+05:30,85.82,-0.19000000000001194,CLOSED,0.0,NMDC-EQ
SELL,2026-07-30T09:34:00+05:30,85.82,-0.0007512351788319675,0.08983936281559009,9,-0.18569119847735097,0.47916865008165566,2026-07-31T10:12:00+05:30,85.15,-0.6699999999999875,CLOSED,0.0,NMDC-EQ
BUY,2026-07-31T10:12:00+05:30,85.15,0.0026572764381055224,0.029078437983420156,10,-0.37965074774277463,1.033580309281244,2026-07-31T10:16:00+05:30,85.0,-0.15000000000000568,CLOSED,0.0,NMDC-EQ
SELL,2026-07-31T10:16:00+05:30,85.0,-0.0014187241462106587,0.05724217559341035,10,1.9943008581553656,2.38621143407665,2026-07-31T10:53:00+05:30,85.25,0.25,CLOSED,1.0,NMDC-EQ
BUY,2026-07-31T10:53:00+05:30,85.25,0.005616967003820252,0.1093617849159361,10,1.2725998764148616,0.28244897106008504,2026-07-31T11:31:00+05:30,84.97,-0.28000000000000114,CLOSED,0.0,NMDC-EQ
SELL,2026-07-31T11:31:00+05:30,84.97,-0.004993490096390251,0.0397911212877106,11,0.47774571518062586,0.47457025355779753,2026-07-31T12:52:00+05:30,85.08,0.10999999999999943,CLOSED,1.0,NMDC-EQ
BUY,2026-07-31T12:52:00+05:30,85.08,7.861271433153082e-05,0.02183269719174886,12,0.02841160917390745,1.0128919601723883,2026-07-31T13:06:00+05:30,85.02,-0.060000000000002274,CLOSED,0.0,NMDC-EQ
SELL,2026-07-31T13:06:00+05:30,85.02,-0.0012862784183903782,0.016363916944846194,13,-0.5389104296136906,0.9085407287862057,2026-07-31T13:12:00+05:30,85.07,0.04999999999999716,CLOSED,1.0,NMDC-EQ
BUY,2026-07-31T13:12:00+05:30,85.07,0.00026242726845303907,0.016633299933166354,13,0.5344912154937917,0.6944061024337087,2026-07-31T14:06:00+05:30,84.88,-0.18999999999999773,CLOSED,0.0,NMDC-EQ
SELL,2026-07-31T14:06:00+05:30,84.88,-0.005882122802501315,0.0458984386081539,14,-0.11645043225906487,1.983478751513817,2026-07-31T15:22:00+05:30,85.08,0.20000000000000284,CLOSED,1.0,NMDC-EQ
BUY,2026-07-31T15:22:00+05:30,85.08,0.0005246077956872336,0.012516655570347587,15,-0.22652865215728166,1.1094394706111328,2026-08-03T09:39:00+05:30,84.85,-0.23000000000000398,CLOSED,0.0,NMDC-EQ
SELL,2026-08-03T09:39:00+05:30,84.85,-0.004185957810699482,0.08994442728707555,9,-0.7312874996332308,1.6053957761995172,2026-08-04T09:33:00+05:30,84.12,-0.7299999999999898,CLOSED,0.0,NMDC-EQ
BUY,2026-08-04T09:33:00+05:30,84.12,7.467448347345205e-06,0.09956014374348136,9,-0.058161663967391225,0.7509303069814679,2026-08-04T10:35:00+05:30,83.78,-0.3400000000000034,CLOSED,0.0,NMDC-EQ
SELL,2026-08-04T10:35:00+05:30,83.78,-0.0045570001510212114,0.05152130088074819,10,0.04555273119891482,0.3985611210526041,2026-08-04T11:17:00+05:30,84.19,0.4099999999999966,CLOSED,1.0,NMDC-EQ
BUY,2026-08-04T11:17:00+05:30,84.19,0.002763857903289231,0.11376877134492505,11,0.32395954037005403,0.48039884824032797,2026-08-05T12:02:00+05:30,84.54,0.3500000000000085,CLOSED,1.0,NMDC-EQ
SELL,2026-08-05T12:02:00+05:30,84.54,-0.0003009945212241836,0.06935416353760104,12,1.1053693233132456,0.9872800161363522,2026-08-05T12:13:00+05:30,84.98,0.4399999999999977,CLOSED,1.0,NMDC-EQ
BUY,2026-08-05T12:13:00+05:30,84.98,0.01396761880734057,0.12389960093200851,12,2.407488130197718,0.8803868987738998,2026-08-05T14:04:00+05:30,84.73,-0.25,CLOSED,0.0,NMDC-EQ
SELL,2026-08-05T14:04:00+05:30,84.73,-0.0012214366967093042,0.0385284887381321,14,-0.10579377168001058,1.2870307070016522,2026-08-05T14:07:00+05:30,85.05,0.3199999999999932,CLOSED,1.0,NMDC-EQ
BUY,2026-08-05T14:07:00+05:30,85.05,0.004797002729144315,0.03439961240091639,14,-0.07372984704780494,0.730896383725314,2026-08-05T14:12:00+05:30,84.75,-0.29999999999999716,CLOSED,0.0,NMDC-EQ
SELL,2026-08-05T14:12:00+05:30,84.75,-0.0016862769874875637,0.10165846961490387,14,2.3587332887985752,0.25677089808943593,2026-08-05T14:22:00+05:30,85.01,0.2600000000000051,CLOSED,1.0,NMDC-EQ
BUY,2026-08-05T14:22:00+05:30,85.01,0.009491822494485566,0.11806307165616661,14,1.2061857991978213,1.6822549189785272,2026-08-06T12:48:00+05:30,86.27,1.259999999999991,CLOSED,1.0,NMDC-EQ
SELL,2026-08-06T12:48:00+05:30,86.27,-0.004905398166609297,0.03162277660168699,12,-0.2427989481432002,1.2077817145266032,2026-08-07T14:59:00+05:30,85.25,-1.019999999999996,CLOSED,0.0,NMDC-EQ
BUY,2026-08-07T14:59:00+05:30,85.25,0.0022360741824686095,0.05391351098441703,14,-0.6779516716167083,1.012236764367183,,,,OPEN,,NMDC-EQ
BUY,2026-06-25T11:24:00+05:30,86.66,0.0026912801181229566,0.10397114984455944,11,-0.6179075030106245,0.8986878474015125,2026-06-25T11:55:00+05:30,86.36,-0.29999999999999716,CLOSED,0.0,LLOYDSENGG-EQ
SELL,2026-06-25T11:55:00+05:30,86.36,-0.0008542431881851231,0.07846442930823183,11,2.607377909792772,1.7594480643924875,2026-06-29T10:25:00+05:30,85.88,-0.480000000000004,CLOSED,0.0,LLOYDSENGG-EQ
BUY,2026-06-29T10:25:00+05:30,85.88,0.030475465622529313,0.3356850375641494,10,-0.4945352507453863,0.9493597756326089,2026-06-29T12:31:00+05:30,85.18,-0.6999999999999886,CLOSED,0.0,LLOYDSENGG-EQ
SELL,2026-06-29T12:31:00+05:30,85.18,-0.002300297731217011,0.08707595662536506,12,1.0701155607324928,1.4747495564595616,2026-06-29T13:56:00+05:30,85.74,0.5599999999999881,CLOSED,1.0,LLOYDSENGG-EQ
BUY,2026-06-29T13:56:00+05:30,85.74,0.016689576355305616,0.313377656439567,13,-0.45568379469105263,0.5268431385823573,2026-06-30T12:02:00+05:30,86.52,0.7800000000000011,CLOSED,1.0,LLOYDSENGG-EQ
SELL,2026-06-30T12:02:00+05:30,86.52,-0.010660539286121692,0.21377298446924625,12,-0.5159518391053455,0.32737268214283033,2026-06-30T13:29:00+05:30,87.11,0.5900000000000034,CLOSED,1.0,LLOYDSENGG-EQ
BUY,2026-06-30T13:29:00+05:30,87.11,0.0021243115759027723,0.13289929353545227,13,1.2352241717429742,0.596798614142296,2026-06-30T13:57:00+05:30,86.61,-0.5,CLOSED,0.0,LLOYDSENGG-EQ
SELL,2026-06-30T13:57:00+05:30,86.61,-0.003516082370635737,0.10741404832598934,13,1.0013381636147818,1.2392162298798088,2026-07-01T09:19:00+05:30,87.54,0.9300000000000068,CLOSED,1.0,LLOYDSENGG-EQ
BUY,2026-07-01T09:19:00+05:30,87.54,0.0345909944271753,0.32716968074685593,9,-0.011612642905021946,0.436875566429798,2026-07-01T11:34:00+05:30,86.9,-0.6400000000000006,CLOSED,0.0,LLOYDSENGG-EQ
SELL,2026-07-01T11:34:00+05:30,86.9,-0.004624697871930848,0.04346134936801773,11,-0.0015494828347939545,1.5676582622891349,2026-07-03T09:15:00+05:30,83.85,-3.0500000000000114,CLOSED,0.0,LLOYDSENGG-EQ
BUY,2026-07-03T09:15:00+05:30,83.85,0.01731343730238915,0.07777460310981404,9,-0.1475326961029722,1.2022007950976301,2026-07-03T09:28:00+05:30,83.01,-0.8399999999999892,CLOSED,0.0,LLOYDSENGG-EQ
SELL,2026-07-03T09:28:00+05:30,83.01,-0.0027335835429007477,0.2635421113303219,9,-0.20239519329763203,0.8973370259906264,2026-07-03T10:04:00+05:30,83.93,0.9200000000000017,CLOSED,1.0,LLOYDSENGG-EQ
BUY,2026-07-03T10:04:00+05:30,83.93,0.03224380689929831,0.3954406824459652,10,3.3236882644787857,1.0502103103254794,2026-07-03T11:40:00+05:30,83.14,-0.7900000000000063,CLOSED,0.0,LLOYDSENGG-EQ
SELL,2026-07-03T11:40:00+05:30,83.14,-0.012903329213902028,0.12258330500792745,11,0.7341178751520938,1.1109194973712666,2026-07-03T13:28:00+05:30,83.47,0.3299999999999983,CLOSED,1.0,LLOYDSENGG-EQ
BUY,2026-07-03T13:28:00+05:30,83.47,0.004114232892609548,0.0632104070193787,13,-0.9241355581897138,0.6832557584437284,2026-07-03T13:46:00+05:30,83.1,-0.37000000000000455,CLOSED,0.0,LLOYDSENGG-EQ
SELL,2026-07-03T13:46:00+05:30,83.1,-0.007203227948874546,0.09079892314584159,13,-0.4644201806971773,0.7344670732968055,2026-07-03T14:57:00+05:30,83.39,0.29000000000000625,CLOSED,1.0,LLOYDSENGG-EQ
BUY,2026-07-03T14:57:00+05:30,83.39,0.0014699726302626545,0.04012480529548089,14,0.03147778448030562,1.8461650987982177,2026-07-07T09:43:00+05:30,87.85,4.459999999999994,CLOSED,1.0,LLOYDSENGG-EQ
SELL,2026-07-07T09:43:00+05:30,87.85,-0.024029721987280435,0.4224847137274116,9,0.14327410897977805,1.5175413351652942,2026-07-08T13:20:00+05:30,85.9,-1.9499999999999886,CLOSED,0.0,LLOYDSENGG-EQ
BUY,2026-07-08T13:20:00+05:30,85.9,0.01613185355372082,0.0627162924074217,13,-0.292343847288586,1.7441883727443683,2026-07-08T13:52:00+05:30,84.62,-1.2800000000000011,CLOSED,0.0,LLOYDSENGG-EQ
SELL,2026-07-08T13:52:00+05:30,84.62,-0.003619910161946879,0.3582131581428369,13,9.330542294128932,1.2039916221006863,2026-07-09T09:37:00+05:30,84.94,0.3199999999999932,CLOSED,1.0,LLOYDSENGG-EQ
BUY,2026-07-09T09:37:00+05:30,84.94,0.03581405916615711,0.18681244307831543,9,1.2211983973162077,1.7813187551435146,2026-07-09T11:42:00+05:30,84.0,-0.9399999999999977,CLOSED,0.0,LLOYDSENGG-EQ
SELL,2026-07-09T11:42:00+05:30,84.0,-0.010657572690176389,0.14128379635015267,11,-0.6177553856630383,1.530769930006363,2026-07-09T13:26:00+05:30,84.6,0.5999999999999943,CLOSED,1.0,LLOYDSENGG-EQ
BUY,2026-07-09T13:26:00+05:30,84.6,0.0014914329505421634,0.03565264521899111,13,0.24905218161954495,0.8563741721854304,2026-07-10T13:25:00+05:30,86.22,1.6200000000000045,CLOSED,1.0,LLOYDSENGG-EQ
SELL,2026-07-10T13:25:00+05:30,86.22,-0.0008993138064775897,0.05163977794943357,13,0.13803633549709382,0.22867769437179444,2026-07-10T13:38:00+05:30,86.83,0.6099999999999994,CLOSED,1.0,LLOYDSENGG-EQ
BUY,2026-07-10T13:38:00+05:30,86.83,0.013591526010302684,0.21522339814971672,13,0.8262874197226601,1.3310587489175907,2026-07-13T12:51:00+05:30,91.98,5.150000000000006,CLOSED,1.0,LLOYDSENGG-EQ
SELL,2026-07-13T12:51:00+05:30,91.98,-0.0015729531909133578,0.07860590874030321,12,-0.4151489964958086,1.038318460155907,2026-07-15T09:57:00+05:30,88.6,-3.3800000000000097,CLOSED,0.0,LLOYDSENGG-EQ
BUY,2026-07-15T09:57:00+05:30,88.6,0.015392909449111767,0.17969418465826875,9,-0.3200302274353824,1.0662925948827648,2026-07-15T10:19:00+05:30,87.93,-0.6699999999999875,CLOSED,0.0,LLOYDSENGG-EQ
SELL,2026-07-15T10:19:00+05:30,87.93,-0.01285144180499337,0.1770749998039127,10,0.30843742032370647,0.8921107628004179,2026-07-15T14:03:00+05:30,89.01,1.0799999999999983,CLOSED,1.0,LLOYDSENGG-EQ
BUY,2026-07-15T14:03:00+05:30,89.01,0.024749418143037962,0.54807136599372,14,0.7461349136935478,1.8289638823037233,2026-07-16T10:05:00+05:30,88.12,-0.8900000000000006,CLOSED,0.0,LLOYDSENGG-EQ
SELL,2026-07-16T10:05:00+05:30,88.12,-0.001564246359615585,0.06395310782127663,10,1.1533797438309312,0.9775849932213996,2026-07-16T10:08:00+05:30,88.28,0.1599999999999966,CLOSED,1.0,LLOYDSENGG-EQ
BUY,2026-07-16T10:08:00+05:30,88.28,0.0005441858355900957,0.07011102306738523,10,-0.018289443726319386,0.9311224489795918,2026-07-16T12:30:00+05:30,88.23,-0.04999999999999716,CLOSED,0.0,LLOYDSENGG-EQ
SELL,2026-07-16T12:30:00+05:30,88.23,-0.0002095918101908016,0.040331955899344116,12,-0.6529485568159982,0.5260303687635575,2026-07-16T14:10:00+05:30,90.3,2.069999999999993,CLOSED,1.0,LLOYDSENGG-EQ
BUY,2026-07-16T14:10:00+05:30,90.3,0.06395963965430507,0.5322948222346121,14,76.43077753254278,2.363892319840073,2026-07-17T09:18:00+05:30,88.2,-2.0999999999999943,CLOSED,0.0,LLOYDSENGG-EQ
SELL,2026-07-17T09:18:00+05:30,88.2,-0.007688491448364292,0.28416739980355143,9,1.3569357276483014,1.019334672639473,2026-07-17T13:59:00+05:30,87.48,-0.7199999999999989,CLOSED,0.0,LLOYDSENGG-EQ
BUY,2026-07-17T13:59:00+05:30,87.48,0.0024407665004494766,0.1275800402361871,13,-0.9064814212415747,0.31192058096415326,2026-07-20T12:03:00+05:30,89.1,1.6199999999999903,CLOSED,1.0,LLOYDSENGG-EQ
SELL,2026-07-20T12:03:00+05:30,89.1,-0.0006730753083427311,0.15675883813467376,12,-0.48268812192782173,0.28511513489535023,2026-07-20T13:15:00+05:30,89.71,0.6099999999999994,CLOSED,1.0,LLOYDSENGG-EQ
BUY,2026-07-20T13:15:00+05:30,89.71,0.017376356338657348,0.08469553313683731,13,0.016745146423495436,2.166588241121403,2026-07-21T14:23:00+05:30,91.08,1.3700000000000045,CLOSED,1.0,LLOYDSENGG-EQ
SELL,2026-07-21T14:23:00+05:30,91.08,-0.0009159407514881374,0.12293177873203445,14,7.44394358304149,2.1466890247696777,2026-07-23T11:11:00+05:30,88.46,-2.6200000000000045,CLOSED,0.0,LLOYDSENGG-EQ
BUY,2026-07-23T11:11:00+05:30,88.46,0.0022447170204723476,0.061833108714775945,11,0.4625134842334106,1.3977503226996129,2026-07-23T11:54:00+05:30,87.82,-0.6400000000000006,CLOSED,0.0,LLOYDSENGG-EQ
SELL,2026-07-23T11:54:00+05:30,87.82,-0.012835389732936079,0.13278637815010363,11,-0.7447057727127772,2.169577685088634,2026-07-24T11:43:00+05:30,87.1,-0.7199999999999989,CLOSED,0.0,LLOYDSENGG-EQ
BUY,2026-07-24T11:43:00+05:30,87.1,0.004091408595593449,0.10643725329455021,11,-0.26350214231883423,1.2244475735230542,2026-07-28T09:21:00+05:30,90.18,3.0800000000000125,CLOSED,1.0,LLOYDSENGG-EQ
SELL,2026-07-28T09:21:00+05:30,90.18,-0.035753877808334104,0.5599692451872308,9,0.4036955861730151,0.9444633249044623,2026-07-28T11:08:00+05:30,91.75,1.5699999999999932,CLOSED,1.0,LLOYDSENGG-EQ
BUY,2026-07-28T11:08:00+05:30,91.75,0.025270273275766607,0.668521586122025,11,0.10715362755849153,2.1690613817060536,2026-07-28T13:37:00+05:30,90.92,-0.8299999999999983,CLOSED,0.0,LLOYDSENGG-EQ
SELL,2026-07-28T13:37:00+05:30,90.92,-0.00033872563010569446,0.10932113753117816,13,0.9033343962114498,2.063288900472875,2026-07-28T15:20:00+05:30,91.3,0.37999999999999545,CLOSED,1.0,LLOYDSENGG-EQ
BUY,2026-07-28T15:20:00+05:30,91.3,0.0024586282726636447,0.11296508801887167,15,0.0674203953870059,0.8898746002300547,2026-07-29T09:17:00+05:30,90.36,-0.9399999999999977,CLOSED,0.0,LLOYDSENGG-EQ
SELL,2026-07-29T09:17:00+05:30,90.36,-0.024067386035627112,0.25086738417826265,9,1.097791520510521,1.6111274221961243,2026-07-29T11:53:00+05:30,91.08,0.7199999999999989,CLOSED,1.0,LLOYDSENGG-EQ
BUY,2026-07-29T11:53:00+05:30,91.08,0.015638231642351386,0.37401871610923576,11,-0.4796708361570696,0.9307257983205381,2026-07-29T14:16:00+05:30,90.15,-0.9299999999999926,CLOSED,0.0,LLOYDSENGG-EQ
SELL,2026-07-29T14:16:00+05:30,90.15,-0.03170716986724116,0.36012497830614393,14,1.6284933922801639,0.5508997194723844,2026-07-31T09:35:00+05:30,89.27,-0.8800000000000097,CLOSED,0.0,LLOYDSENGG-EQ
BUY,2026-07-31T09:35:00+05:30,89.27,0.019320986837648567,0.17704048501213743,9,0.5972714899316653,1.0329401582093758,2026-07-31T13:00:00+05:30,89.43,0.1600000000000108,CLOSED,1.0,LLOYDSENGG-EQ
SELL,2026-07-31T13:00:00+05:30,89.43,-0.005002506603451729,0.04808557187163609,13,2.813486368605294,0.3533599583260983,2026-08-03T09:21:00+05:30,90.66,1.2299999999999898,CLOSED,1.0,LLOYDSENGG-EQ
BUY,2026-08-03T09:21:00+05:30,90.66,0.026773923432091278,1.1502540782124813,9,1.304320546537736,1.1022614680633815,2026-08-04T10:12:00+05:30,91.0,0.3400000000000034,CLOSED,1.0,LLOYDSENGG-EQ
SELL,2026-08-04T10:12:00+05:30,91.0,-0.009140929537588926,0.09741663102366116,10,0.5993798864445138,1.8763075131448654,2026-08-04T11:15:00+05:30,91.9,0.9000000000000057,CLOSED,1.0,LLOYDSENGG-EQ
BUY,2026-08-04T11:15:00+05:30,91.9,0.003674136164023789,0.08720983634634248,11,-0.1558824396350616,0.2787963447994878,2026-08-05T09:51:00+05:30,91.4,-0.5,CLOSED,0.0,LLOYDSENGG-EQ
SELL,2026-08-05T09:51:00+05:30,91.4,-0.020354339194560433,0.21730930337501148,9,-0.29782343152901897,1.1077400031047677,2026-08-05T12:37:00+05:30,91.8,0.3999999999999915,CLOSED,1.0,LLOYDSENGG-EQ
BUY,2026-08-05T12:37:00+05:30,91.8,0.003420072327704215,0.16312571838922388,12,1.3704832275308652,0.2294782603898289,2026-08-06T13:06:00+05:30,93.31,1.5100000000000051,CLOSED,1.0,LLOYDSENGG-EQ
SELL,2026-08-06T13:06:00+05:30,93.31,-0.029675639334633533,0.10360716405946323,13,0.16809558303602254,1.0769768190346105,2026-08-07T09:30:00+05:30,94.32,1.009999999999991,CLOSED,1.0,LLOYDSENGG-EQ
BUY,2026-08-07T09:30:00+05:30,94.32,0.040690701203110684,0.40827006312543074,9,0.3051090634034693,1.5734802353305806,,,,OPEN,,LLOYDSENGG-EQ
SELL,2026-06-24T14:09:00+05:30,38.1,-0.001259901742719623,0.015491933384830053,14,0.7768631936191212,1.5758625021591997,2026-06-24T14:16:00+05:30,38.15,0.04999999999999716,CLOSED,1.0,MSUMI-EQ
BUY,2026-06-24T14:16:00+05:30,38.15,0.00022741616727078702,0.0266666666666661,14,0.3333271581758682,0.5358954052214024,2026-06-24T14:18:00+05:30,38.11,-0.03999999999999915,CLOSED,0.0,MSUMI-EQ
SELL,2026-06-24T14:18:00+05:30,38.11,-0.0009719779596992034,0.02766867462592874,14,1.0688393634508893,0.2339427959571051,2026-06-25T09:22:00+05:30,38.74,0.6300000000000026,CLOSED,1.0,MSUMI-EQ
BUY,2026-06-25T09:22:00+05:30,38.74,0.01101122504645044,0.26451002921544564,9,4.083789549263466,2.160751451418556,2026-06-29T09:20:00+05:30,40.56,1.8200000000000003,CLOSED,1.0,MSUMI-EQ
SELL,2026-06-29T09:20:00+05:30,40.56,-0.049833161585335406,0.3634097778908352,9,0.19016573239040208,0.6590927984962639,2026-06-30T12:24:00+05:30,40.11,-0.45000000000000284,CLOSED,0.0,MSUMI-EQ
BUY,2026-06-30T12:24:00+05:30,40.11,0.01648198938149989,0.06600505031182582,12,-0.0871798167876059,0.49548522513520854,2026-07-02T11:48:00+05:30,40.94,0.8299999999999983,CLOSED,1.0,MSUMI-EQ
SELL,2026-07-02T11:48:00+05:30,40.94,-0.002363921222521694,0.14751271131668625,11,-0.7074497597682834,1.3787664059772726,2026-07-02T12:30:00+05:30,41.33,0.39000000000000057,CLOSED,1.0,MSUMI-EQ
BUY,2026-07-02T12:30:00+05:30,41.33,4.105188188613632e-05,0.050771820705758614,12,-0.46240817900983117,0.44844652102230903,2026-07-02T12:33:00+05:30,41.27,-0.05999999999999517,CLOSED,0.0,MSUMI-EQ
SELL,2026-07-02T12:33:00+05:30,41.27,-0.004052470397363104,0.05541760650832009,12,-0.6588093677974141,0.7320974008574491,2026-07-02T13:22:00+05:30,41.89,0.6199999999999974,CLOSED,1.0,MSUMI-EQ
BUY,2026-07-02T13:22:00+05:30,41.89,0.04798432239680798,0.06074537019394963,13,2.5409155379220283,1.7006421997603058,2026-07-03T09:40:00+05:30,41.27,-0.6199999999999974,CLOSED,0.0,MSUMI-EQ
SELL,2026-07-03T09:40:00+05:30,41.27,-0.011283435262723062,0.08999382694879021,9,-0.2100981166266928,1.2139283112573978,2026-07-03T14:00:00+05:30,41.29,0.01999999999999602,CLOSED,1.0,MSUMI-EQ
BUY,2026-07-03T14:00:00+05:30,41.29,0.0014562987784224163,0.013165611772088765,14,1.5237496606102947,1.955608071774262,2026-07-06T09:22:00+05:30,40.93,-0.35999999999999943,CLOSED,0.0,MSUMI-EQ
SELL,2026-07-06T09:22:00+05:30,40.93,-0.01340459779389458,0.08664102184685177,9,-0.4773056648150749,0.32559680687375264,2026-07-06T14:59:00+05:30,41.03,0.10000000000000142,CLOSED,1.0,MSUMI-EQ
BUY,2026-07-06T14:59:00+05:30,41.03,0.007997482923426762,0.038600518131238104,14,1.2243122765662298,0.9928395525352245,2026-07-07T09:44:00+05:30,40.87,-0.1600000000000037,CLOSED,0.0,MSUMI-EQ
SELL,2026-07-07T09:44:00+05:30,40.87,-3.775228992381445e-05,0.030349812373572364,9,-0.18590065456485486,1.5970181891582749,2026-07-07T12:20:00+05:30,40.86,-0.00999999999999801,CLOSED,0.0,MSUMI-EQ
BUY,2026-07-07T12:20:00+05:30,40.86,0.019586471566772935,0.030623157540947483,12,-0.4901509440335912,1.7238820289397054,2026-07-08T14:05:00+05:30,40.92,0.060000000000002274,CLOSED,1.0,MSUMI-EQ
SELL,2026-07-08T14:05:00+05:30,40.92,-0.0106339401298585,0.14283245818479443,14,-0.40373813312403295,0.7136046708535498,2026-07-09T13:00:00+05:30,40.62,-0.30000000000000426,CLOSED,0.0,MSUMI-EQ
BUY,2026-07-09T13:00:00+05:30,40.62,0.005094537023658009,0.011737877907773163,13,0.026842324080991877,1.340087810309487,2026-07-09T13:31:00+05:30,40.4,-0.21999999999999886,CLOSED,0.0,MSUMI-EQ
SELL,2026-07-09T13:31:00+05:30,40.4,-0.010443649424719108,0.03951089863709803,13,-0.7186941295056916,0.9036278998191821,2026-07-10T09:39:00+05:30,40.63,0.23000000000000398,CLOSED,1.0,MSUMI-EQ
BUY,2026-07-10T09:39:00+05:30,40.63,0.012366844168960908,0.07958922316773996,9,1.950387831003795,0.7587164472972897,2026-07-10T10:49:00+05:30,40.37,-0.2600000000000051,CLOSED,0.0,MSUMI-EQ
SELL,2026-07-10T10:49:00+05:30,40.37,-0.013452374026583296,0.060818491340125326,10,4.487750749643673,0.3977750289420683,2026-07-13T10:45:00+05:30,40.26,-0.10999999999999943,CLOSED,0.0,MSUMI-EQ
BUY,2026-07-13T10:45:00+05:30,40.26,0.02143773108430798,0.06279596590015442,10,1.0615773553442598,1.6816121403232165,2026-07-14T09:20:00+05:30,39.84,-0.4199999999999946,CLOSED,0.0,MSUMI-EQ
SELL,2026-07-14T09:20:00+05:30,39.84,-0.03463324670937539,0.4005218817714929,9,2.058134707796896,0.5140278539768367,2026-07-14T13:55:00+05:30,39.61,-0.23000000000000398,CLOSED,0.0,MSUMI-EQ
BUY,2026-07-14T13:55:00+05:30,39.61,0.007066851993332968,0.28492494138320323,13,16.27137384805023,0.4088962189064117,2026-07-15T13:16:00+05:30,39.67,0.060000000000002274,CLOSED,1.0,MSUMI-EQ
SELL,2026-07-15T13:16:00+05:30,39.67,-0.0008317821107434734,0.010593499054711695,13,0.30092014966061276,1.5343463405862254,2026-07-15T13:53:00+05:30,39.71,0.03999999999999915,CLOSED,1.0,MSUMI-EQ
BUY,2026-07-15T13:53:00+05:30,39.71,0.00048776858421672553,0.030110906108364015,13,-0.6312515717468982,0.731108484132036,2026-07-15T14:40:00+05:30,39.66,-0.05000000000000426,CLOSED,0.0,MSUMI-EQ
SELL,2026-07-15T14:40:00+05:30,39.66,-0.0015344484042088863,0.017919573407620557,14,2.9436682773850675,0.6360281594186442,2026-07-15T14:44:00+05:30,39.73,0.07000000000000028,CLOSED,1.0,MSUMI-EQ
BUY,2026-07-15T14:44:00+05:30,39.73,0.0005701738254144087,0.015776212754932073,14,-0.43091247667533,1.9642169695103173,2026-07-15T14:45:00+05:30,39.67,-0.05999999999999517,CLOSED,0.0,MSUMI-EQ
SELL,2026-07-15T14:45:00+05:30,39.67,-0.0007394982302889752,0.026012817353501756,14,-0.19139320992490144,1.930800123571208,2026-07-16T11:17:00+05:30,39.62,-0.05000000000000426,CLOSED,0.0,MSUMI-EQ
BUY,2026-07-16T11:17:00+05:30,39.62,0.002203445111024176,0.014298407059685056,11,-0.4011473814651398,0.5588235294117647,2026-07-16T12:19:00+05:30,39.55,-0.07000000000000028,CLOSED,0.0,MSUMI-EQ
SELL,2026-07-16T12:19:00+05:30,39.55,-0.002298207395884792,0.020110804171998047,12,-0.559562483214632,0.30915888482879955,2026-07-16T12:30:00+05:30,39.61,0.060000000000002274,CLOSED,1.0,MSUMI-EQ
BUY,2026-07-16T12:30:00+05:30,39.61,0.0015630842618177456,0.016193277068654238,12,1.258182706015455,1.3275419145484046,2026-07-16T12:37:00+05:30,39.53,-0.0799999999999983,CLOSED,0.0,MSUMI-EQ
SELL,2026-07-16T12:37:00+05:30,39.53,-0.004790321980068642,0.025385910352878998,12,0.2941751715538054,1.8956338357124212,2026-07-16T13:27:00+05:30,39.65,0.11999999999999744,CLOSED,1.0,MSUMI-EQ
BUY,2026-07-16T13:27:00+05:30,39.65,0.0006038904848351562,0.056371781750958354,13,-0.5227645586441028,0.3751960353804655,2026-07-17T09:30:00+05:30,39.53,-0.11999999999999744,CLOSED,0.0,MSUMI-EQ
SELL,2026-07-17T09:30:00+05:30,39.53,-0.0029112231719657833,0.04945255863507527,9,-0.48842630773132467,1.1544538068010834,2026-07-17T10:25:00+05:30,39.66,0.12999999999999545,CLOSED,1.0,MSUMI-EQ
BUY,2026-07-17T10:25:00+05:30,39.66,0.0006111022370726264,0.02013840995599008,10,0.2975630093675147,0.6761056810290322,2026-07-20T09:42:00+05:30,39.82,0.1600000000000037,CLOSED,1.0,MSUMI-EQ
SELL,2026-07-20T09:42:00+05:30,39.82,-0.01421833806206496,0.04483302354292036,9,0.6197172372744476,1.0085093712781295,2026-07-20T14:31:00+05:30,39.72,-0.10000000000000142,CLOSED,0.0,MSUMI-EQ
BUY,2026-07-20T14:31:00+05:30,39.72,0.0015871613521639008,0.011785113019774453,14,0.9448059106349787,1.0455473335034449,2026-07-20T14:39:00+05:30,39.68,-0.03999999999999915,CLOSED,0.0,MSUMI-EQ
SELL,2026-07-20T14:39:00+05:30,39.68,-0.0014544022448580512,0.017763883459298014,14,0.3490540169404555,2.1500889227642275,2026-07-20T14:40:00+05:30,39.73,0.04999999999999716,CLOSED,1.0,MSUMI-EQ
BUY,2026-07-20T14:40:00+05:30,39.73,0.0017173370130901626,0.0172884033065194,14,0.343879281053937,2.0001387802477857,2026-07-20T15:19:00+05:30,39.65,-0.0799999999999983,CLOSED,0.0,MSUMI-EQ
SELL,2026-07-20T15:19:00+05:30,39.65,-0.002013116444064013,0.017638342073764458,15,0.7079684277815239,0.5314664208893418,2026-07-21T09:15:00+05:30,39.84,0.19000000000000483,CLOSED,1.0,MSUMI-EQ
BUY,2026-07-21T09:15:00+05:30,39.84,0.0015289680035796608,0.008232726023485255,9,0.09088744008360948,0.750054579194411,2026-07-21T10:09:00+05:30,39.68,-0.1600000000000037,CLOSED,0.0,MSUMI-EQ
SELL,2026-07-21T10:09:00+05:30,39.68,-0.0031430965576528863,0.018529256146250943,10,0.5428702427588857,0.8888558692421991,2026-07-21T10:24:00+05:30,39.74,0.060000000000002274,CLOSED,1.0,MSUMI-EQ
BUY,2026-07-21T10:24:00+05:30,39.74,0.0019710076074841735,0.019321835661585424,10,-0.4371718585340766,0.95400401836969,2026-07-21T10:45:00+05:30,39.67,-0.07000000000000028,CLOSED,0.0,MSUMI-EQ
SELL,2026-07-21T10:45:00+05:30,39.67,-0.0005663638892726158,0.031710495984068325,10,1.0022077218755316,0.20925730807870427,2026-07-21T12:37:00+05:30,39.71,0.03999999999999915,CLOSED,1.0,MSUMI-EQ
BUY,2026-07-21T12:37:00+05:30,39.71,0.0009112081644113858,0.012516655570345507,12,-0.9071557666331153,1.3671593366979093,2026-07-21T12:42:00+05:30,39.69,-0.020000000000003126,CLOSED,0.0,MSUMI-EQ
SELL,2026-07-21T12:42:00+05:30,39.69,-0.0006639181411208968,0.010801234497346478,12,1.164744049811204,0.3309741881765196,2026-07-21T13:51:00+05:30,39.78,0.09000000000000341,CLOSED,1.0,MSUMI-EQ
BUY,2026-07-21T13:51:00+05:30,39.78,0.007156953531660642,0.0673382836464115,13,7.552991975599634,0.45487002683130895,2026-07-22T09:51:00+05:30,39.84,0.060000000000002274,CLOSED,1.0,MSUMI-EQ
SELL,2026-07-22T09:51:00+05:30,39.84,-0.0026362715324925495,0.027808871486151517,9,0.16156387025424843,1.8643673191093078,2026-07-22T11:23:00+05:30,39.98,0.13999999999999346,CLOSED,1.0,MSUMI-EQ
BUY,2026-07-22T11:23:00+05:30,39.98,0.010140854103812208,0.021108186931983183,11,-0.7775888830988675,1.29136400322841,2026-07-22T12:36:00+05:30,39.85,-0.12999999999999545,CLOSED,0.0,MSUMI-EQ
SELL,2026-07-22T12:36:00+05:30,39.85,-0.003776597988438724,0.012692955176438878,12,0.4404853323450755,0.8704286171233607,2026-07-22T13:49:00+05:30,39.92,0.07000000000000028,CLOSED,1.0,MSUMI-EQ
BUY,2026-07-22T13:49:00+05:30,39.92,0.0030201712646265866,0.04594682917363369,13,4.132103687788827,1.7769683233500622,2026-07-23T09:26:00+05:30,39.99,0.07000000000000028,CLOSED,1.0,MSUMI-EQ
SELL,2026-07-23T09:26:00+05:30,39.99,-0.0012629444531957225,0.10297788327813089,9,1.1831805117367609,1.6783027738598966,2026-07-23T10:12:00+05:30,40.21,0.21999999999999886,CLOSED,1.0,MSUMI-EQ
BUY,2026-07-23T10:12:00+05:30,40.21,0.007862493959721037,0.08262364471909074,10,2.416488527573929,0.7526713523960484,2026-07-23T12:13:00+05:30,39.97,-0.240000000000002,CLOSED,0.0,MSUMI-EQ
SELL,2026-07-23T12:13:00+05:30,39.97,-0.00748374853153546,0.02953340857778212,12,0.3931957421712364,1.6290996192113991,2026-07-23T12:24:00+05:30,40.12,0.14999999999999858,CLOSED,1.0,MSUMI-EQ
BUY,2026-07-23T12:24:00+05:30,40.12,0.0010886903402134134,0.07706418681131215,12,-0.7034133245917801,1.4151122953939854,2026-07-23T12:29:00+05:30,40.09,-0.02999999999999403,CLOSED,0.0,MSUMI-EQ
SELL,2026-07-23T12:29:00+05:30,40.09,-0.00020019485831287845,0.027968235951202656,12,-0.07609017466563252,2.0653268632118658,2026-07-23T12:30:00+05:30,40.1,0.00999999999999801,CLOSED,1.0,MSUMI-EQ
BUY,2026-07-23T12:30:00+05:30,40.1,2.4306499540846413e-05,0.02624669291337109,12,-0.18438348613003588,0.15983883420189152,2026-07-23T12:31:00+05:30,40.05,-0.05000000000000426,CLOSED,0.0,MSUMI-EQ
SELL,2026-07-23T12:31:00+05:30,40.05,-0.004959864338612571,0.01955050439815251,12,0.5324337705705517,0.5553760400678568,2026-07-24T11:49:00+05:30,39.82,-0.22999999999999687,CLOSED,0.0,MSUMI-EQ
BUY,2026-07-24T11:49:00+05:30,39.82,0.004632424669157144,0.035339622081864,11,1.0127075809837043,1.5741139331324439,2026-07-28T09:51:00+05:30,40.99,1.1700000000000017,CLOSED,1.0,MSUMI-EQ
SELL,2026-07-28T09:51:00+05:30,40.99,-0.01880777186711872,0.056656861896861074,9,-0.13824679994683886,0.1820575282789694,2026-07-28T11:53:00+05:30,41.16,0.1699999999999946,CLOSED,1.0,MSUMI-EQ
BUY,2026-07-28T11:53:00+05:30,41.16,0.005711680275772447,0.04737556801184006,11,2.2266484685054095,0.05835932956167716,2026-07-29T09:53:00+05:30,41.2,0.04000000000000625,CLOSED,1.0,MSUMI-EQ
SELL,2026-07-29T09:53:00+05:30,41.2,-0.003758535946117662,0.03212821536005738,9,-0.5198042397479583,1.5158816074351797,2026-07-29T15:08:00+05:30,41.13,-0.07000000000000028,CLOSED,0.0,MSUMI-EQ
BUY,2026-07-29T15:08:00+05:30,41.13,0.0015969373386964538,0.06579429222120164,15,-0.5177838700542493,0.8104551022507318,2026-07-30T09:24:00+05:30,40.8,-0.3300000000000054,CLOSED,0.0,MSUMI-EQ
SELL,2026-07-30T09:24:00+05:30,40.8,-0.004333156988195563,0.21469616774512884,9,-0.22226886209687038,0.3296204432439953,2026-07-30T10:00:00+05:30,41.2,0.4000000000000057,CLOSED,1.0,MSUMI-EQ
BUY,2026-07-30T10:00:00+05:30,41.2,0.01642711921581291,0.0508265022732572,10,-0.4584395092278311,0.5947038788720117,2026-07-30T10:30:00+05:30,40.89,-0.3100000000000023,CLOSED,0.0,MSUMI-EQ
SELL,2026-07-30T10:30:00+05:30,40.89,-0.00916390880219896,0.06579429222120217,10,-0.13308997788594543,0.29826066215931085,2026-07-30T12:32:00+05:30,41.02,0.13000000000000256,CLOSED,1.0,MSUMI-EQ
BUY,2026-07-30T12:32:00+05:30,41.02,0.007315467624486561,0.025905812303633285,12,-0.3999018333348527,0.2947925660017267,2026-07-30T13:22:00+05:30,40.9,-0.12000000000000455,CLOSED,0.0,MSUMI-EQ
SELL,2026-07-30T13:22:00+05:30,40.9,-0.002919274221879328,0.015092308563561974,13,-0.782613579768057,0.7144175402332792,2026-07-30T14:46:00+05:30,41.07,0.1700000000000017,CLOSED,1.0,MSUMI-EQ
BUY,2026-07-30T14:46:00+05:30,41.07,0.010194613097329783,0.06008327554319979,14,6.7247020014187475,1.0025321338870923,2026-07-31T13:43:00+05:30,41.05,-0.020000000000003126,CLOSED,0.0,MSUMI-EQ
SELL,2026-07-31T13:43:00+05:30,41.05,-0.004723172631463816,0.028382310609878503,13,0.8438851912599952,0.16953549755228192,2026-08-03T09:37:00+05:30,41.14,0.09000000000000341,CLOSED,1.0,MSUMI-EQ
BUY,2026-08-03T09:37:00+05:30,41.14,0.006282503983633094,0.032727833889690264,9,-0.3861284114207901,1.2301283633670699,2026-08-03T15:29:00+05:30,41.03,-0.10999999999999943,CLOSED,0.0,MSUMI-EQ
SELL,2026-08-03T15:29:00+05:30,41.03,-0.00024979037436560975,0.019578900207451757,15,0.5187123360668872,1.1423279972752043,2026-08-04T09:17:00+05:30,41.67,0.6400000000000006,CLOSED,1.0,MSUMI-EQ
BUY,2026-08-04T09:17:00+05:30,41.67,0.007114735691417977,0.18422208819188238,9,2.083427797763702,0.5225896803167475,2026-08-04T10:53:00+05:30,41.59,-0.0799999999999983,CLOSED,0.0,MSUMI-EQ
SELL,2026-08-04T10:53:00+05:30,41.59,-0.0037068588399272514,0.017126976771551665,10,-0.22030268412804518,1.4203747787340537,2026-08-05T09:28:00+05:30,41.37,-0.22000000000000597,CLOSED,0.0,MSUMI-EQ
BUY,2026-08-05T09:28:00+05:30,41.37,0.050466455203776635,0.32104862906142734,9,1.1600947210974653,1.21699662482906,2026-08-05T12:21:00+05:30,41.06,-0.30999999999999517,CLOSED,0.0,MSUMI-EQ
SELL,2026-08-05T12:21:00+05:30,41.06,-0.0119213841811703,0.017638342073764905,12,1.5486429394369718,2.2200317249408674,2026-08-05T14:14:00+05:30,41.22,0.1599999999999966,CLOSED,1.0,MSUMI-EQ
BUY,2026-08-05T14:14:00+05:30,41.22,0.0034162880859150333,0.02981423969999815,14,2.456379242834922,0.5635561651258085,2026-08-05T14:38:00+05:30,41.12,-0.10000000000000142,CLOSED,0.0,MSUMI-EQ
SELL,2026-08-05T14:38:00+05:30,41.12,-0.0010814448355302771,0.0119721899973791,14,-0.005509535734395221,1.2542615837594917,2026-08-06T12:29:00+05:30,41.27,0.15000000000000568,CLOSED,1.0,MSUMI-EQ
BUY,2026-08-06T12:29:00+05:30,41.27,0.010517331376790902,0.10791457526930837,12,-0.826849310673188,1.6697718760640108,2026-08-06T15:08:00+05:30,41.08,-0.19000000000000483,CLOSED,0.0,MSUMI-EQ
SELL,2026-08-06T15:08:00+05:30,41.08,-0.007540865103044223,0.05873670062235319,15,10.0822032858229,2.1254041598670015,2026-08-07T09:20:00+05:30,41.46,0.38000000000000256,CLOSED,1.0,MSUMI-EQ
BUY,2026-08-07T09:20:00+05:30,41.46,0.02417056607533521,0.23438809222692475,9,-0.006614343090116637,1.2396248231652252,2026-08-07T12:04:00+05:30,41.37,-0.09000000000000341,CLOSED,0.0,MSUMI-EQ
SELL,2026-08-07T12:04:00+05:30,41.37,-0.008956435340668527,0.014491376746189444,12,-0.2943087362981752,1.4202283636125355,,,,OPEN,,MSUMI-EQ
SELL,2026-06-25T14:14:00+05:30,59.82,-0.0034050273049735296,0.05738757124441931,14,11.479674330094538,0.4511400651465798,2026-06-30T11:29:00+05:30,59.43,-0.39000000000000057,CLOSED,0.0,BANKIETF-EQ
BUY,2026-06-30T11:29:00+05:30,59.43,0.004259030820341647,0.04848825745591443,11,111.49689094730154,0.055073984098939925,2026-06-30T11:44:00+05:30,59.31,-0.11999999999999744,CLOSED,0.0,BANKIETF-EQ
SELL,2026-06-30T11:44:00+05:30,59.31,-6.181540734631527e-05,0.015238839267549766,11,-0.9700923314230306,2.013422818791946,2026-07-01T10:17:00+05:30,59.31,0.0,CLOSED,0.0,BANKIETF-EQ
BUY,2026-07-01T10:17:00+05:30,59.31,0.005921070827002522,0.05834761729877763,10,-0.3407477512050455,0.15434314429289303,2026-07-02T11:50:00+05:30,59.59,0.28000000000000114,CLOSED,1.0,BANKIETF-EQ
SELL,2026-07-02T11:50:00+05:30,59.59,-0.0017638585095578639,0.023190036174567042,11,4.736764671053201,1.1599589848756728,2026-07-02T12:06:00+05:30,59.7,0.10999999999999943,CLOSED,1.0,BANKIETF-EQ
BUY,2026-07-02T12:06:00+05:30,59.7,0.001408857915545365,0.022705848487901872,12,-0.3231763604654831,0.047748976807639835,2026-07-02T12:12:00+05:30,59.63,-0.07000000000000028,CLOSED,0.0,BANKIETF-EQ
SELL,2026-07-02T12:12:00+05:30,59.63,-3.3912586123602076e-05,0.02458545188611564,12,0.3110504753680049,2.393340270551509,2026-07-02T12:24:00+05:30,59.74,0.10999999999999943,CLOSED,1.0,BANKIETF-EQ
BUY,2026-07-02T12:24:00+05:30,59.74,0.00416914419129471,0.029059326290271626,12,52.145449804959114,0.8578515224084844,2026-07-02T14:12:00+05:30,59.61,-0.13000000000000256,CLOSED,0.0,BANKIETF-EQ
SELL,2026-07-02T14:12:00+05:30,59.61,-0.0016449799546056753,0.021108186931984005,14,-0.09016393073098641,1.1936936936936937,2026-07-02T15:09:00+05:30,59.73,0.11999999999999744,CLOSED,1.0,BANKIETF-EQ
BUY,2026-07-02T15:09:00+05:30,59.73,0.003980269465739204,0.019465068427540956,15,-0.6427566800856372,0.4077615298087739,2026-07-02T15:23:00+05:30,59.6,-0.12999999999999545,CLOSED,0.0,BANKIETF-EQ
SELL,2026-07-02T15:23:00+05:30,59.6,-0.00015919141096006883,0.0347211110933329,15,1.0244303160852808,0.06580804516584333,2026-07-03T09:30:00+05:30,59.74,0.14000000000000057,CLOSED,1.0,BANKIETF-EQ
BUY,2026-07-03T09:30:00+05:30,59.74,0.004533394960530985,0.04643992535164812,9,0.26331236842072886,0.48124792565549285,2026-07-03T11:08:00+05:30,59.62,-0.12000000000000455,CLOSED,0.0,BANKIETF-EQ
SELL,2026-07-03T11:08:00+05:30,59.62,-0.0031269874786301714,0.020000000000000757,11,-0.28226886940091817,1.9788425637834475,2026-07-06T09:16:00+05:30,59.8,0.17999999999999972,CLOSED,1.0,BANKIETF-EQ
BUY,2026-07-06T09:16:00+05:30,59.8,0.00048312381838869163,0.05417051268397102,9,5.407996730509999,2.3418597988030054,2026-07-06T14:56:00+05:30,59.87,0.07000000000000028,CLOSED,1.0,BANKIETF-EQ
SELL,2026-07-06T14:56:00+05:30,59.87,-0.00170337303984029,0.02458545188611455,14,-0.6978193119243796,2.061855670103093,2026-07-07T09:19:00+05:30,60.01,0.14000000000000057,CLOSED,1.0,BANKIETF-EQ
BUY,2026-07-07T09:19:00+05:30,60.01,0.0012935623543120706,0.10918384088825198,9,0.3765634303331123,0.05922120064899946,2026-07-07T13:01:00+05:30,59.94,-0.07000000000000028,CLOSED,0.0,BANKIETF-EQ
SELL,2026-07-07T13:01:00+05:30,59.94,-0.0008830848919471671,0.014757295747454744,13,1.5586145579102377,2.1962860118014578,2026-07-07T14:42:00+05:30,59.99,0.05000000000000426,CLOSED,1.0,BANKIETF-EQ
BUY,2026-07-07T14:42:00+05:30,59.99,0.0012011283456576025,0.01490711984999881,14,0.8531914883532015,1.929455287664243,2026-07-07T15:10:00+05:30,59.88,-0.10999999999999943,CLOSED,0.0,BANKIETF-EQ
SELL,2026-07-07T15:10:00+05:30,59.88,-0.003225105252805788,0.015092308563560666,15,-0.3714309497270808,1.0099655674745067,2026-07-09T11:30:00+05:30,58.96,-0.9200000000000017,CLOSED,0.0,BANKIETF-EQ
BUY,2026-07-09T11:30:00+05:30,58.96,0.004922312334498954,0.0852773253697731,11,0.31830417191755933,0.8507742045261187,2026-07-09T15:00:00+05:30,58.81,-0.14999999999999858,CLOSED,0.0,BANKIETF-EQ
SELL,2026-07-09T15:00:00+05:30,58.81,-0.0018105850044133913,0.04082482904638611,15,-0.35349515827464173,0.9304472712351252,2026-07-10T09:18:00+05:30,59.27,0.46000000000000085,CLOSED,1.0,BANKIETF-EQ
BUY,2026-07-10T09:18:00+05:30,59.27,0.005018470329929141,0.21260552935215773,9,0.2597426987230055,0.18822213939619828,2026-07-13T09:20:00+05:30,59.1,-0.1700000000000017,CLOSED,0.0,BANKIETF-EQ
SELL,2026-07-13T09:20:00+05:30,59.1,-0.01836291450298423,0.22355958688656005,9,0.6093322601694833,0.035992801439712056,2026-07-13T10:26:00+05:30,59.49,0.39000000000000057,CLOSED,1.0,BANKIETF-EQ
BUY,2026-07-13T10:26:00+05:30,59.49,0.0025573277131013647,0.045898438608155546,10,1.2198808950529525,1.0931696244325215,2026-07-13T11:31:00+05:30,59.38,-0.10999999999999943,CLOSED,0.0,BANKIETF-EQ
SELL,2026-07-13T11:31:00+05:30,59.38,-0.0015508506270221626,0.02024845673131708,11,-0.01199791337507056,2.3482048574445615,2026-07-13T12:57:00+05:30,59.5,0.11999999999999744,CLOSED,1.0,BANKIETF-EQ
BUY,2026-07-13T12:57:00+05:30,59.5,0.001452562242682756,0.0459468291736349,12,0.09563372803992051,0.04436915133914166,2026-07-14T09:23:00+05:30,59.3,-0.20000000000000284,CLOSED,0.0,BANKIETF-EQ
SELL,2026-07-14T09:23:00+05:30,59.3,-0.009064914455469409,0.13531855420122893,9,-0.7731222840955094,1.3087095303237573,2026-07-15T09:19:00+05:30,59.34,0.04000000000000625,CLOSED,1.0,BANKIETF-EQ
BUY,2026-07-15T09:19:00+05:30,59.34,0.009392747754505914,0.18250114154894273,9,-0.48817260192180634,2.0913746402573214,2026-07-15T13:10:00+05:30,59.04,-0.30000000000000426,CLOSED,0.0,BANKIETF-EQ
SELL,2026-07-15T13:10:00+05:30,59.04,-0.010579125316930829,0.09507891459203811,13,1.1693654254164492,2.0619830542666935,2026-07-16T11:00:00+05:30,59.42,0.38000000000000256,CLOSED,1.0,BANKIETF-EQ
BUY,2026-07-16T11:00:00+05:30,59.42,0.005827617848186473,0.02449489742783142,11,-0.5500945127590311,0.18907563025210083,2026-07-16T12:04:00+05:30,59.2,-0.21999999999999886,CLOSED,0.0,BANKIETF-EQ
SELL,2026-07-16T12:04:00+05:30,59.2,-0.0047445559370054985,0.025495097567965048,12,-0.2173912984404538,0.12152777777777778,2026-07-16T15:29:00+05:30,59.27,0.07000000000000028,CLOSED,1.0,BANKIETF-EQ
BUY,2026-07-16T15:29:00+05:30,59.27,0.0021865708293890254,0.01563471919941135,15,0.5216138325845956,1.5310470779220777,2026-07-17T09:15:00+05:30,59.15,-0.12000000000000455,CLOSED,0.0,BANKIETF-EQ
SELL,2026-07-17T09:15:00+05:30,59.15,-0.0020158040322076354,0.024060109910158778,9,0.5026876160312759,0.8968494187246336,2026-07-17T09:17:00+05:30,59.28,0.13000000000000256,CLOSED,1.0,BANKIETF-EQ
BUY,2026-07-17T09:17:00+05:30,59.28,0.002761594551200856,0.03197221015541918,9,-0.0954782608280529,0.12497596616035377,2026-07-20T09:30:00+05:30,59.3,0.01999999999999602,CLOSED,1.0,BANKIETF-EQ
SELL,2026-07-20T09:30:00+05:30,59.3,-0.016214242000269472,0.052957005621961026,9,0.4708368550542376,2.043390804597701,2026-07-20T13:39:00+05:30,59.45,0.15000000000000568,CLOSED,1.0,BANKIETF-EQ
BUY,2026-07-20T13:39:00+05:30,59.45,0.005128962071160313,0.01636391694484412,13,0.1954132819029782,2.151278976818545,2026-07-21T11:02:00+05:30,59.44,-0.010000000000005116,CLOSED,0.0,BANKIETF-EQ
SELL,2026-07-21T11:02:00+05:30,59.44,-0.002023048078995193,0.025033311140692523,11,36.821425283801325,2.4338999055712933,2026-07-21T11:04:00+05:30,59.54,0.10000000000000142,CLOSED,1.0,BANKIETF-EQ
BUY,2026-07-21T11:04:00+05:30,59.54,0.0015376425633747586,0.03047767853510129,11,30.373132061706563,0.005946717411988583,2026-07-21T11:43:00+05:30,59.47,-0.07000000000000028,CLOSED,0.0,BANKIETF-EQ
SELL,2026-07-21T11:43:00+05:30,59.47,-0.0025375232374880356,0.034785054261852036,11,-0.8760521530978278,0.262982689747004,2026-07-21T12:32:00+05:30,59.56,0.09000000000000341,CLOSED,1.0,BANKIETF-EQ
BUY,2026-07-21T12:32:00+05:30,59.56,0.0023581670877226356,0.009660917830793325,12,-0.9166315770176177,2.462121212121212,2026-07-21T13:00:00+05:30,59.44,-0.12000000000000455,CLOSED,0.0,BANKIETF-EQ
SELL,2026-07-21T13:00:00+05:30,59.44,-0.003975585335820394,0.03888730155490617,13,4.502617683177547,2.388201712654615,2026-07-21T13:37:00+05:30,59.54,0.10000000000000142,CLOSED,1.0,BANKIETF-EQ
BUY,2026-07-21T13:37:00+05:30,59.54,0.0026417351226104826,0.018973665961009828,13,13.509607941930794,2.4980134555278912,2026-07-21T13:47:00+05:30,59.45,-0.0899999999999963,CLOSED,0.0,BANKIETF-EQ
SELL,2026-07-21T13:47:00+05:30,59.45,-0.0007974766130922045,0.02710063549890274,13,-0.9648249189583025,2.2966867469879517,2026-07-24T12:26:00+05:30,58.09,-1.3599999999999994,CLOSED,0.0,BANKIETF-EQ
BUY,2026-07-24T12:26:00+05:30,58.09,0.004448930523249507,0.03829708431025353,12,3.182324539208458,2.4112137086033916,2026-07-27T13:58:00+05:30,58.49,0.3999999999999986,CLOSED,1.0,BANKIETF-EQ
SELL,2026-07-27T13:58:00+05:30,58.49,-4.7827474081980976e-05,0.0188856206322879,13,-0.6167883155402526,0.9166666666666666,2026-07-27T14:00:00+05:30,58.54,0.04999999999999716,CLOSED,1.0,BANKIETF-EQ
BUY,2026-07-27T14:00:00+05:30,58.54,0.0013342115183130733,0.01932183566158657,14,0.16423357514385425,1.7241379310344829,2026-07-28T09:33:00+05:30,58.42,-0.11999999999999744,CLOSED,0.0,BANKIETF-EQ
SELL,2026-07-28T09:33:00+05:30,58.42,-0.0049345114954195525,0.03687817782917217,9,-0.4987697706524257,1.800490883590463,2026-07-28T11:45:00+05:30,58.54,0.11999999999999744,CLOSED,1.0,BANKIETF-EQ
BUY,2026-07-28T11:45:00+05:30,58.54,0.0002934857437846833,0.019436506316149977,11,21.52940543252781,1.9908616187989558,2026-07-28T11:46:00+05:30,58.5,-0.03999999999999915,CLOSED,0.0,BANKIETF-EQ
SELL,2026-07-28T11:46:00+05:30,58.5,-0.0001384676971804819,0.020439612955673467,11,3.8676467744377376,2.280966767371601,2026-07-28T11:51:00+05:30,58.51,0.00999999999999801,CLOSED,1.0,BANKIETF-EQ
BUY,2026-07-28T11:51:00+05:30,58.51,0.00016683350672181205,0.020439612955673467,11,3.7352938429931,0.023291925465838508,2026-07-28T11:52:00+05:30,58.46,-0.04999999999999716,CLOSED,0.0,BANKIETF-EQ
SELL,2026-07-28T11:52:00+05:30,58.46,-0.0031065349542312454,0.017763883459298368,11,3.5802466925773646,0.43126684636118595,2026-07-29T09:20:00+05:30,58.58,0.11999999999999744,CLOSED,1.0,BANKIETF-EQ
BUY,2026-07-29T09:20:00+05:30,58.58,0.005849549054196702,0.12616127245183656,9,-0.6378800099033091,0.4086181277860327,2026-07-30T09:23:00+05:30,58.48,-0.10000000000000142,CLOSED,0.0,BANKIETF-EQ
SELL,2026-07-30T09:23:00+05:30,58.48,-0.007074471967370161,0.08916900308465592,9,-0.7932506770698536,1.3194996028594121,2026-07-30T12:46:00+05:30,58.63,0.15000000000000568,CLOSED,1.0,BANKIETF-EQ
BUY,2026-07-30T12:46:00+05:30,58.63,0.0023526720700481635,0.04667856991049445,12,-0.5995273994599738,0.005151259717149012,2026-07-30T14:29:00+05:30,58.46,-0.1700000000000017,CLOSED,0.0,BANKIETF-EQ
SELL,2026-07-30T14:29:00+05:30,58.46,-0.00018802344592617774,0.029363620727393673,14,0.5355337488320936,2.4719209914794735,2026-07-30T14:40:00+05:30,58.52,0.060000000000002274,CLOSED,1.0,BANKIETF-EQ
BUY,2026-07-30T14:40:00+05:30,58.52,0.0026076296645544243,0.030349812373574186,14,1.1443994590857915,0.1577811741436663,2026-08-03T15:08:00+05:30,59.17,0.6499999999999986,CLOSED,1.0,BANKIETF-EQ
SELL,2026-08-03T15:08:00+05:30,59.17,-0.004405319611668611,0.035339622081863864,15,-0.7729345008408058,1.4791275458616209,2026-08-04T09:23:00+05:30,59.38,0.21000000000000085,CLOSED,1.0,BANKIETF-EQ
BUY,2026-08-04T09:23:00+05:30,59.38,0.007525717977001113,0.21024853018379078,9,-0.7074614106893083,0.09327938862665767,2026-08-04T11:10:00+05:30,59.28,-0.10000000000000142,CLOSED,0.0,BANKIETF-EQ
SELL,2026-08-04T11:10:00+05:30,59.28,-0.0020720404466031067,0.011972189997378773,11,3.567164046001342,0.15522875816993464,2026-08-05T09:15:00+05:30,59.42,0.14000000000000057,CLOSED,1.0,BANKIETF-EQ
BUY,2026-08-05T09:15:00+05:30,59.42,0.012106529399719153,0.13135617398677743,9,2.0057321495495932,2.0431692094313454,2026-08-05T12:19:00+05:30,59.29,-0.13000000000000256,CLOSED,0.0,BANKIETF-EQ
SELL,2026-08-05T12:19:00+05:30,59.29,-0.0001433267468993566,0.015776212754933076,12,-0.05483323896316222,0.47846889952153115,2026-08-06T09:25:00+05:30,59.42,0.13000000000000256,CLOSED,1.0,BANKIETF-EQ
BUY,2026-08-06T09:25:00+05:30,59.42,0.008397472244348241,0.12377847596052916,9,-0.9194771769878514,0.832632464255677,2026-08-07T10:33:00+05:30,59.44,0.01999999999999602,CLOSED,1.0,BANKIETF-EQ
SELL,2026-08-07T10:33:00+05:30,59.44,-0.0011294106266271852,0.02547329756605727,10,5.1150854967722745,0.5709562563580876,2026-08-07T15:21:00+05:30,59.5,0.060000000000002274,CLOSED,1.0,BANKIETF-EQ
BUY,2026-08-07T15:21:00+05:30,59.5,0.00026104305628402163,0.09720539536923152,15,-0.8511544344762944,0.6928922664282522,,,,OPEN,,BANKIETF-EQ
BUY,2026-06-24T11:35:00+05:30,121.04,0.007796466312278744,0.14649990519526712,11,1.3071294867218566,2.2261966221697764,2026-06-24T12:36:00+05:30,120.39,-0.6500000000000057,CLOSED,0.0,EMIL-EQ
SELL,2026-06-24T12:36:00+05:30,120.39,-0.0007147371817534404,0.10263744172788346,12,0.40371516902874555,1.1733568592853993,2026-06-24T12:52:00+05:30,120.81,0.4200000000000017,CLOSED,1.0,EMIL-EQ
BUY,2026-06-24T12:52:00+05:30,120.81,0.002371422508950985,0.08643558937793368,12,0.014247311808807407,0.38033395176252316,2026-06-25T10:41:00+05:30,121.76,0.9500000000000028,CLOSED,1.0,EMIL-EQ
SELL,2026-06-25T10:41:00+05:30,121.76,-0.0001924647840635806,0.1577656489860823,10,-0.14304902595189894,0.6073667711598746,2026-06-30T10:04:00+05:30,117.95,-3.8100000000000023,CLOSED,0.0,EMIL-EQ
BUY,2026-06-30T10:04:00+05:30,117.95,0.0006965700536300246,0.4639636001048174,10,5.796992469095671,0.30573992133726646,2026-07-02T11:07:00+05:30,128.0,10.049999999999997,CLOSED,1.0,EMIL-EQ
SELL,2026-07-02T11:07:00+05:30,128.0,-0.004380970870378872,0.17233365570569484,11,4.829252572133535,1.0273202903356546,2026-07-02T11:39:00+05:30,128.91,0.9099999999999966,CLOSED,1.0,EMIL-EQ
BUY,2026-07-02T11:39:00+05:30,128.91,0.0025870913682596287,0.4555887521780042,11,3.5296992448029143,0.4210930367665366,2026-07-06T09:19:00+05:30,139.23,10.319999999999993,CLOSED,1.0,EMIL-EQ
SELL,2026-07-06T09:19:00+05:30,139.23,-0.01162706088252458,0.41136763768353757,9,0.2991341890683169,0.278887042595769,2026-07-07T10:09:00+05:30,134.85,-4.3799999999999955,CLOSED,0.0,EMIL-EQ
BUY,2026-07-07T10:09:00+05:30,134.85,0.010105824857581271,0.3249358911128971,10,-0.6971100111489258,0.4103189246178176,2026-07-07T10:18:00+05:30,133.55,-1.299999999999983,CLOSED,0.0,EMIL-EQ
SELL,2026-07-07T10:18:00+05:30,133.55,-0.004276694071418459,0.4538281613121821,10,-0.48630380618623037,0.8812326869806094,2026-07-07T10:28:00+05:30,134.23,0.6799999999999784,CLOSED,1.0,EMIL-EQ
BUY,2026-07-07T10:28:00+05:30,134.23,0.005304429067960247,0.2548223782253928,10,8.91406583057496,2.4369313036353444,2026-07-07T12:13:00+05:30,133.81,-0.4199999999999875,CLOSED,0.0,EMIL-EQ
SELL,2026-07-07T12:13:00+05:30,133.81,-0.002344682847306384,0.1338157937863352,12,0.5598507959310771,0.4157608695652174,2026-07-07T13:05:00+05:30,134.62,0.8100000000000023,CLOSED,1.0,EMIL-EQ
BUY,2026-07-07T13:05:00+05:30,134.62,0.004192549243445816,0.13447841627727758,13,2.731040193263489,0.26602243696545597,2026-07-07T14:21:00+05:30,133.76,-0.8600000000000136,CLOSED,0.0,EMIL-EQ
SELL,2026-07-07T14:21:00+05:30,133.76,-0.010321734086448974,0.08327331171776706,14,-0.6535458950392202,0.1049573055028463,2026-07-08T09:46:00+05:30,134.79,1.0300000000000011,CLOSED,1.0,EMIL-EQ
BUY,2026-07-08T09:46:00+05:30,134.79,0.00895119454081762,0.38861720668715927,9,5.236687071019587,0.7066918560500823,2026-07-08T11:34:00+05:30,133.82,-0.9699999999999989,CLOSED,0.0,EMIL-EQ
SELL,2026-07-08T11:34:00+05:30,133.82,-0.015653399602609724,0.4508214724256154,11,113.15841044076778,2.490214202740023,2026-07-08T11:50:00+05:30,134.66,0.8400000000000034,CLOSED,1.0,EMIL-EQ
BUY,2026-07-08T11:50:00+05:30,134.66,0.005781914985734372,0.2748817927764627,11,0.04665936468054837,1.379238174968606,2026-07-08T12:03:00+05:30,134.21,-0.44999999999998863,CLOSED,0.0,EMIL-EQ
SELL,2026-07-08T12:03:00+05:30,134.21,-0.006815857499265401,0.31273169188796524,12,-0.9499775450046675,0.706146408839779,2026-07-09T09:36:00+05:30,134.1,-0.11000000000001364,CLOSED,0.0,EMIL-EQ
BUY,2026-07-09T09:36:00+05:30,134.1,0.0014964372065297774,0.3735133494565095,9,1.12750164374354,0.2638784613346288,2026-07-09T10:48:00+05:30,132.4,-1.6999999999999886,CLOSED,0.0,EMIL-EQ
SELL,2026-07-09T10:48:00+05:30,132.4,-0.0027431594286394987,0.14087425440993356,10,-0.4616314627474463,1.4098414795244385,2026-07-09T11:32:00+05:30,133.0,0.5999999999999943,CLOSED,1.0,EMIL-EQ
BUY,2026-07-09T11:32:00+05:30,133.0,0.0035949847659685185,0.10873515224311901,11,-0.27214570132771543,1.020403587443946,2026-07-09T12:50:00+05:30,132.23,-0.7700000000000102,CLOSED,0.0,EMIL-EQ
SELL,2026-07-09T12:50:00+05:30,132.23,-0.01073215411007121,0.10801748829600843,12,1.3191165220140268,1.5123152709359606,2026-07-09T14:42:00+05:30,132.73,0.5,CLOSED,1.0,EMIL-EQ
BUY,2026-07-09T14:42:00+05:30,132.73,0.0003333286799765883,0.07211102550927902,14,-0.8714052284022037,0.5797331639135959,2026-07-09T14:46:00+05:30,132.25,-0.47999999999998977,CLOSED,0.0,EMIL-EQ
SELL,2026-07-09T14:46:00+05:30,132.25,-0.004297449420622298,0.07424434134816003,14,-0.8602377795769647,0.4064272211720227,2026-07-10T09:22:00+05:30,133.68,1.4300000000000068,CLOSED,1.0,EMIL-EQ
BUY,2026-07-10T09:22:00+05:30,133.68,0.031655351058522886,0.653710775326352,9,0.3341239252183042,1.9897619047619048,2026-07-10T11:29:00+05:30,133.4,-0.28000000000000114,CLOSED,0.0,EMIL-EQ
SELL,2026-07-10T11:29:00+05:30,133.4,-0.005819984829092026,0.3116550799985273,11,-0.864629979694113,0.6132075471698113,2026-07-10T11:43:00+05:30,133.81,0.4099999999999966,CLOSED,1.0,EMIL-EQ
BUY,2026-07-10T11:43:00+05:30,133.81,0.003598662128545387,0.1048861816976437,11,-0.07376044564135913,0.886863948033201,2026-07-13T09:20:00+05:30,133.08,-0.7299999999999898,CLOSED,0.0,EMIL-EQ
SELL,2026-07-13T09:20:00+05:30,133.08,-0.03252553860898148,0.6923783487211136,9,-0.31945172984246906,0.31735924932975873,2026-07-13T09:27:00+05:30,134.64,1.5599999999999739,CLOSED,1.0,EMIL-EQ
BUY,2026-07-13T09:27:00+05:30,134.64,0.006469027893507762,0.5736781908584816,9,1.275136985864679,1.7445133515970739,2026-07-13T09:29:00+05:30,133.81,-0.8299999999999841,CLOSED,0.0,EMIL-EQ
SELL,2026-07-13T09:29:00+05:30,133.81,-0.007916058079726345,0.5688350668984169,9,2.8993801915800548,1.267120971287497,2026-07-13T14:33:00+05:30,132.64,-1.170000000000016,CLOSED,0.0,EMIL-EQ
BUY,2026-07-13T14:33:00+05:30,132.64,0.0031916504633382977,0.07694875639742961,14,4.4149110978523,0.03166215992494895,2026-07-13T15:16:00+05:30,132.0,-0.6399999999999864,CLOSED,0.0,EMIL-EQ
SELL,2026-07-13T15:16:00+05:30,132.0,-0.002032757751465218,0.1002718527027668,15,0.016041480994879054,1.185312176062515,2026-07-14T13:55:00+05:30,130.65,-1.3499999999999943,CLOSED,0.0,EMIL-EQ
BUY,2026-07-14T13:55:00+05:30,130.65,0.006979360128493803,0.9431866788240357,13,-0.7135487331024557,0.7453048411081126,2026-07-15T11:33:00+05:30,132.01,1.3599999999999852,CLOSED,1.0,EMIL-EQ
SELL,2026-07-15T11:33:00+05:30,132.01,-0.013536203162083283,0.06573515886579229,11,-0.09874544713742138,2.1452626852267627,2026-07-15T14:42:00+05:30,132.35,0.3400000000000034,CLOSED,1.0,EMIL-EQ
BUY,2026-07-15T14:42:00+05:30,132.35,0.0008018680791417013,0.09788882582921525,14,0.8195398852412014,0.3312807881773399,2026-07-15T15:05:00+05:30,132.11,-0.23999999999998067,CLOSED,0.0,EMIL-EQ
SELL,2026-07-15T15:05:00+05:30,132.11,-0.00011364811357530181,0.06069962474714483,15,1.5527359207915623,1.6383193538365954,2026-07-16T12:53:00+05:30,134.07,1.9599999999999795,CLOSED,1.0,EMIL-EQ
BUY,2026-07-16T12:53:00+05:30,134.07,0.010578645342186993,0.8640994027181043,12,37.486818870864624,2.4764448909387036,2026-07-16T15:10:00+05:30,131.8,-2.269999999999982,CLOSED,0.0,EMIL-EQ
SELL,2026-07-16T15:10:00+05:30,131.8,-0.02188166818901358,0.0571644800359238,15,0.6605866039248602,0.45562390158172233,2026-07-20T09:43:00+05:30,129.72,-2.0800000000000125,CLOSED,0.0,EMIL-EQ
BUY,2026-07-20T09:43:00+05:30,129.72,0.011081581981152368,0.2019928491583554,9,-0.6395508071219518,1.2613981762917934,2026-07-20T11:14:00+05:30,128.81,-0.9099999999999966,CLOSED,0.0,EMIL-EQ
SELL,2026-07-20T11:14:00+05:30,128.81,-0.008523480550518743,0.0802496105909551,11,-0.4604236317702139,0.49586776859504134,2026-07-20T12:08:00+05:30,129.89,1.079999999999984,CLOSED,1.0,EMIL-EQ
BUY,2026-07-20T12:08:00+05:30,129.89,0.002024187284622352,0.08487899884214546,12,-0.2698602791717961,0.92058501913614,2026-07-21T09:19:00+05:30,129.68,-0.20999999999997954,CLOSED,0.0,EMIL-EQ
SELL,2026-07-21T09:19:00+05:30,129.68,-0.006053532184778853,0.1250999600319647,9,-0.6804752523411668,1.3377411016106582,2026-07-21T09:33:00+05:30,130.54,0.8599999999999852,CLOSED,1.0,EMIL-EQ
BUY,2026-07-21T09:33:00+05:30,130.54,0.014534105034416218,0.3001203462316758,9,1.5887130345806817,2.1416217520714347,2026-07-21T09:52:00+05:30,129.51,-1.0300000000000011,CLOSED,0.0,EMIL-EQ
SELL,2026-07-21T09:52:00+05:30,129.51,-0.005816443156141799,0.20833733329493254,9,-0.4435622312837315,0.6430775163902815,2026-07-21T12:07:00+05:30,130.0,0.4900000000000091,CLOSED,1.0,EMIL-EQ
BUY,2026-07-21T12:07:00+05:30,130.0,0.001503282536549651,0.09795690662508713,12,-0.66294642610511,0.9105960264900663,2026-07-22T09:44:00+05:30,131.81,1.8100000000000023,CLOSED,1.0,EMIL-EQ
SELL,2026-07-22T09:44:00+05:30,131.81,-0.01080588386798312,0.20919156558310886,9,-0.7094810210132932,1.7079780315074433,2026-07-22T10:07:00+05:30,133.14,1.329999999999984,CLOSED,1.0,EMIL-EQ
BUY,2026-07-22T10:07:00+05:30,133.14,0.0031516148783922045,0.395700504029104,10,9.604866716092507,0.29092001748251745,2026-07-22T10:28:00+05:30,131.9,-1.2399999999999807,CLOSED,0.0,EMIL-EQ
SELL,2026-07-22T10:28:00+05:30,131.9,-0.018501250667451535,0.2983659200080072,10,1.3619568912727387,0.6336906141367323,2026-07-22T10:44:00+05:30,133.84,1.9399999999999977,CLOSED,1.0,EMIL-EQ
BUY,2026-07-22T10:44:00+05:30,133.84,0.02627482204754284,0.6450331602156401,10,13.375943599959882,0.06756520217048836,2026-07-22T12:04:00+05:30,132.49,-1.3499999999999943,CLOSED,0.0,EMIL-EQ
SELL,2026-07-22T12:04:00+05:30,132.49,-0.00842632745898987,0.15353609781850036,12,-0.4579415005973341,2.0241086384302465,2026-07-24T11:57:00+05:30,127.97,-4.52000000000001,CLOSED,0.0,EMIL-EQ
BUY,2026-07-24T11:57:00+05:30,127.97,0.0038408634978876087,0.08042249547096753,11,-0.33712983926678114,0.028636884306987402,2026-07-27T11:03:00+05:30,127.0,-0.9699999999999989,CLOSED,0.0,EMIL-EQ
SELL,2026-07-27T11:03:00+05:30,127.0,-0.03837637961012067,0.8803667165196339,11,33.00678072892575,2.307798213047978,2026-07-28T10:14:00+05:30,127.33,0.3299999999999983,CLOSED,1.0,EMIL-EQ
BUY,2026-07-28T10:14:00+05:30,127.33,0.018540669595388692,0.12278707858185552,10,-0.8414268302143464,2.1792787466745493,2026-07-28T14:51:00+05:30,127.0,-0.3299999999999983,CLOSED,0.0,EMIL-EQ
SELL,2026-07-28T14:51:00+05:30,127.0,-0.036961384968884035,0.8009549855571696,14,24.936539587969925,2.4607403360827282,2026-07-29T09:46:00+05:30,129.31,2.3100000000000023,CLOSED,1.0,EMIL-EQ
BUY,2026-07-29T09:46:00+05:30,129.31,0.004257574493891026,0.208861995904792,9,-0.38028168999288703,1.7786288297338022,2026-07-30T09:34:00+05:30,129.77,0.46000000000000796,CLOSED,1.0,EMIL-EQ
SELL,2026-07-30T09:34:00+05:30,129.77,-0.01032167427323888,0.5578131905535706,9,-0.28109742669012683,1.3123104164487545,2026-07-31T09:28:00+05:30,130.42,0.6499999999999773,CLOSED,1.0,EMIL-EQ
BUY,2026-07-31T09:28:00+05:30,130.42,0.0037310043170218077,0.3529573471241074,9,1.5025365851215386,1.5748573804789936,2026-07-31T13:55:00+05:30,131.0,0.5800000000000125,CLOSED,1.0,EMIL-EQ
SELL,2026-07-31T13:55:00+05:30,131.0,-0.014947356359838626,0.07674633541739642,13,6.920807879736832,0.7305859138880976,2026-08-03T09:23:00+05:30,134.67,3.6699999999999875,CLOSED,1.0,EMIL-EQ
BUY,2026-08-03T09:23:00+05:30,134.67,0.07531639437373107,1.6837355955005398,9,0.5463805454145286,0.6459805519096595,2026-08-03T10:58:00+05:30,131.89,-2.780000000000001,CLOSED,0.0,EMIL-EQ
SELL,2026-08-03T10:58:00+05:30,131.89,-0.0021535986044381944,0.08056053624448983,10,0.10273515675314501,1.6089566020313943,2026-08-03T11:00:00+05:30,132.0,0.11000000000001364,CLOSED,1.0,EMIL-EQ
BUY,2026-08-03T11:00:00+05:30,132.0,0.0002030484314177691,0.07922541679705129,11,0.0460641621492677,0.515935166636314,2026-08-03T11:01:00+05:30,131.93,-0.06999999999999318,CLOSED,0.0,EMIL-EQ
SELL,2026-08-03T11:01:00+05:30,131.93,-0.0009300507999332325,0.07321202087089165,11,0.28965811959622695,0.5084001590562661,2026-08-03T11:09:00+05:30,131.99,0.060000000000002274,CLOSED,1.0,EMIL-EQ
BUY,2026-08-03T11:09:00+05:30,131.99,0.0007500441666012156,0.046856755708810816,11,1.1016697364366066,0.3512963329469309,2026-08-03T11:10:00+05:30,131.89,-0.10000000000002274,CLOSED,0.0,EMIL-EQ
SELL,2026-08-03T11:10:00+05:30,131.89,-0.0016698458524479652,0.04620004810001953,11,-0.15851625941371744,0.16962366724261452,2026-08-03T11:14:00+05:30,132.0,0.11000000000001364,CLOSED,1.0,EMIL-EQ
BUY,2026-08-03T11:14:00+05:30,132.0,0.0007625805685747633,0.03198958163736527,11,-0.37202069603720483,1.0328215748953222,2026-08-03T12:13:00+05:30,131.82,-0.18000000000000682,CLOSED,0.0,EMIL-EQ
SELL,2026-08-03T12:13:00+05:30,131.82,-0.00365731971327544,0.030568684048292463,12,-0.1440098227749475,1.1367827868852458,2026-08-03T12:44:00+05:30,132.0,0.18000000000000682,CLOSED,1.0,EMIL-EQ
BUY,2026-08-03T12:44:00+05:30,132.0,0.0007087037352989772,0.00632455532034299,12,-0.7777396669620392,0.13599537037037038,2026-08-03T12:56:00+05:30,131.85,-0.15000000000000568,CLOSED,0.0,EMIL-EQ
SELL,2026-08-03T12:56:00+05:30,131.85,-0.002010734765977184,0.019888578520237298,12,-0.7942312291455809,0.8104965952499584,2026-08-03T13:32:00+05:30,131.99,0.14000000000001478,CLOSED,1.0,EMIL-EQ
BUY,2026-08-03T13:32:00+05:30,131.99,0.00020596113999019793,0.006749485577105473,13,-0.9618800568758935,1.2323279924599435,2026-08-03T13:33:00+05:30,131.95,-0.040000000000020464,CLOSED,0.0,EMIL-EQ
SELL,2026-08-03T13:33:00+05:30,131.95,-0.00021260354440219795,0.006749485577105473,13,-0.9634403271407764,0.298728813559322,2026-08-03T13:50:00+05:30,132.0,0.05000000000001137,CLOSED,1.0,EMIL-EQ
BUY,2026-08-03T13:50:00+05:30,132.0,0.0010716394436884554,0.016363916944849573,13,1.82479030329732,0.7171725503134279,2026-08-03T14:14:00+05:30,131.91,-0.09000000000000341,CLOSED,0.0,EMIL-EQ
SELL,2026-08-03T14:14:00+05:30,131.91,-0.0001354218497166369,0.037947331922018164,14,0.011140145780793545,0.7424850380848749,2026-08-04T09:17:00+05:30,135.67,3.759999999999991,CLOSED,1.0,EMIL-EQ
BUY,2026-08-04T09:17:00+05:30,135.67,0.08613209811135096,1.3554011296373563,9,4.1094162923582935,2.286252837812506,2026-08-04T12:53:00+05:30,132.72,-2.9499999999999886,CLOSED,0.0,EMIL-EQ
SELL,2026-08-04T12:53:00+05:30,132.72,-0.0015934768076683353,0.0998943886756883,12,0.34187419005191144,0.09064578416648787,2026-08-04T12:55:00+05:30,133.31,0.5900000000000034,CLOSED,1.0,EMIL-EQ
BUY,2026-08-04T12:55:00+05:30,133.31,0.004804070770681782,0.11845768114488264,12,-0.4610027851942877,0.5142118863049095,2026-08-04T13:08:00+05:30,132.75,-0.5600000000000023,CLOSED,0.0,EMIL-EQ
SELL,2026-08-04T13:08:00+05:30,132.75,-0.0013748907279352472,0.35494757046327363,13,-0.7734661277897523,0.5371215263376192,2026-08-04T13:10:00+05:30,132.98,0.22999999999998977,CLOSED,1.0,EMIL-EQ
BUY,2026-08-04T13:10:00+05:30,132.98,0.0010479971041709296,0.15536337334706132,13,-0.1760161379939019,2.3454266069382226,2026-08-04T13:11:00+05:30,132.9,-0.07999999999998408,CLOSED,0.0,EMIL-EQ
SELL,2026-08-04T13:11:00+05:30,132.9,-0.00035251179275531865,0.16120725100868677,13,1.2744605063511099,2.0573876197494476,2026-08-04T15:22:00+05:30,134.55,1.6500000000000057,CLOSED,1.0,EMIL-EQ
BUY,2026-08-04T15:22:00+05:30,134.55,0.01862891371809806,0.9406528465793207,15,-0.17043691482940776,0.988568968997947,2026-08-06T13:51:00+05:30,149.75,15.199999999999989,CLOSED,1.0,EMIL-EQ
SELL,2026-08-06T13:51:00+05:30,149.75,-0.00809332829912282,0.14576998624164408,13,-0.6813444904942447,0.7219304439932915,2026-08-06T14:44:00+05:30,150.78,1.0300000000000011,CLOSED,1.0,EMIL-EQ
BUY,2026-08-06T14:44:00+05:30,150.78,0.009019968149994432,0.27957110008010316,14,-0.3292418055471906,0.48899065593486907,2026-08-06T15:01:00+05:30,150.0,-0.7800000000000011,CLOSED,0.0,EMIL-EQ
SELL,2026-08-06T15:01:00+05:30,150.0,-0.0024624554713384497,0.21145264770681224,15,-0.2987028730554072,0.745510419667723,2026-08-07T09:16:00+05:30,151.78,1.7800000000000011,CLOSED,1.0,EMIL-EQ
BUY,2026-08-07T09:16:00+05:30,151.78,0.019308327159569393,0.722145722444193,9,0.1992497028402802,1.3286823386089344,2026-08-07T11:14:00+05:30,150.83,-0.9499999999999886,CLOSED,0.0,EMIL-EQ
SELL,2026-08-07T11:14:00+05:30,150.83,-0.0006394689400451207,0.41289761980961576,11,-0.0917753867931653,0.2280618084700496,2026-08-07T11:55:00+05:30,151.98,1.1499999999999773,CLOSED,1.0,EMIL-EQ
BUY,2026-08-07T11:55:00+05:30,151.98,0.004692684171042793,0.18654758106178268,11,2.1059220983789277,0.175664120894142,2026-08-07T12:07:00+05:30,151.1,-0.8799999999999955,CLOSED,0.0,EMIL-EQ
SELL,2026-08-07T12:07:00+05:30,151.1,-0.01222561649070737,0.28252040240977067,12,-0.05722298464788388,0.547626582278481,2026-08-07T12:22:00+05:30,152.73,1.6299999999999955,CLOSED,1.0,EMIL-EQ
BUY,2026-08-07T12:22:00+05:30,152.73,0.02220805100034416,0.13449494001221038,12,-0.13878084652087253,0.4218376408971877,2026-08-07T13:34:00+05:30,151.0,-1.7299999999999898,CLOSED,0.0,EMIL-EQ
SELL,2026-08-07T13:34:00+05:30,151.0,-0.010890187417919514,0.19563003632139758,13,0.1124473433699471,2.115220179563916,2026-08-07T13:37:00+05:30,155.91,4.909999999999997,CLOSED,1.0,EMIL-EQ
BUY,2026-08-07T13:37:00+05:30,155.91,0.0905130868134768,0.2798094589775969,13,5.696776534938318,1.9573867572728971,2026-08-07T13:57:00+05:30,146.99,-8.919999999999987,CLOSED,0.0,EMIL-EQ
SELL,2026-08-07T13:57:00+05:30,146.99,-0.12148164887009073,4.393713817616155,13,-0.41295055140039566,0.7880424339163876,2026-08-07T14:58:00+05:30,155.68,8.689999999999998,CLOSED,1.0,EMIL-EQ
BUY,2026-08-07T14:58:00+05:30,155.68,0.06552475085106245,1.2302050416269774,14,1.6759949069987565,1.6538080215815,,,,OPEN,,EMIL-EQ
SELL,2026-06-25T10:37:00+05:30,57.0,-0.0027103278129597796,0.037712361663282144,10,-0.20150409199789837,1.2360963136586405,2026-06-29T12:45:00+05:30,56.34,-0.6599999999999966,CLOSED,0.0,UJJIVANSFB-EQ
BUY,2026-06-29T12:45:00+05:30,56.34,0.0065320976987741225,0.029458068127047342,12,-0.5839554619238168,1.0283348031133777,2026-07-02T12:03:00+05:30,61.21,4.869999999999997,CLOSED,1.0,UJJIVANSFB-EQ
SELL,2026-07-02T12:03:00+05:30,61.21,-0.014919558647978576,0.08395766128763346,12,0.6088025183651263,2.214058995821027,2026-07-02T12:36:00+05:30,61.69,0.4799999999999969,CLOSED,1.0,UJJIVANSFB-EQ
BUY,2026-07-02T12:36:00+05:30,61.69,0.001500834079481314,0.09276613366717178,12,9.509773338057041,0.7038774454029658,2026-07-02T13:01:00+05:30,61.21,-0.4799999999999969,CLOSED,0.0,UJJIVANSFB-EQ
SELL,2026-07-02T13:01:00+05:30,61.21,-0.003916719085410051,0.08556349169541487,13,1.183326167885776,2.0788686325024752,2026-07-02T14:11:00+05:30,61.68,0.46999999999999886,CLOSED,1.0,UJJIVANSFB-EQ
BUY,2026-07-02T14:11:00+05:30,61.68,0.007328356373964861,0.15887101686588415,14,-0.4304009762825941,0.7327942409755082,2026-07-02T15:17:00+05:30,61.24,-0.4399999999999977,CLOSED,0.0,UJJIVANSFB-EQ
SELL,2026-07-02T15:17:00+05:30,61.24,-0.001867178344794505,0.055817161837158936,15,-0.08315330559559198,0.35236916134198487,2026-07-06T12:08:00+05:30,59.99,-1.25,CLOSED,0.0,UJJIVANSFB-EQ
BUY,2026-07-06T12:08:00+05:30,59.99,0.01040590204422237,0.11870130580579287,12,-0.33473322277065615,1.659309840918493,2026-07-06T12:57:00+05:30,59.61,-0.38000000000000256,CLOSED,0.0,UJJIVANSFB-EQ
SELL,2026-07-06T12:57:00+05:30,59.61,-0.0033742923197891544,0.06136412270664011,12,1.128733264561627,0.23608621000407903,2026-07-06T15:20:00+05:30,59.9,0.28999999999999915,CLOSED,1.0,UJJIVANSFB-EQ
BUY,2026-07-06T15:20:00+05:30,59.9,0.014060985991114092,0.13938356351370043,15,1.2648798107456707,0.8189987933017663,2026-07-07T15:25:00+05:30,61.38,1.480000000000004,CLOSED,1.0,UJJIVANSFB-EQ
SELL,2026-07-07T15:25:00+05:30,61.38,-0.0063429276671399595,0.09170605214488314,15,0.0060509363453110105,1.5000122531429312,2026-07-09T09:37:00+05:30,61.45,0.07000000000000028,CLOSED,1.0,UJJIVANSFB-EQ
BUY,2026-07-09T09:37:00+05:30,61.45,0.01014562377811435,0.3229396228399365,9,1.265732058700413,0.4433671069551859,2026-07-13T09:42:00+05:30,64.88,3.4299999999999926,CLOSED,1.0,UJJIVANSFB-EQ
SELL,2026-07-13T09:42:00+05:30,64.88,-0.0042748281457413665,0.07814516406449322,9,-0.1181215716436443,0.6100888920161366,2026-07-13T10:36:00+05:30,65.45,0.5700000000000074,CLOSED,1.0,UJJIVANSFB-EQ
BUY,2026-07-13T10:36:00+05:30,65.45,0.0028459006120761564,0.1115994822767758,10,1.0544948633613787,1.8245869008878077,2026-07-13T11:50:00+05:30,65.08,-0.37000000000000455,CLOSED,0.0,UJJIVANSFB-EQ
SELL,2026-07-13T11:50:00+05:30,65.08,-8.565019841689832e-05,0.025407785333548687,11,2.3396212992517307,0.3121379157579062,2026-07-13T12:33:00+05:30,65.46,0.37999999999999545,CLOSED,1.0,UJJIVANSFB-EQ
BUY,2026-07-13T12:33:00+05:30,65.46,0.01813365811242996,0.08246884933786117,12,0.0551880033263677,1.7936541350900657,2026-07-14T10:08:00+05:30,65.75,0.29000000000000625,CLOSED,1.0,UJJIVANSFB-EQ
SELL,2026-07-14T10:08:00+05:30,65.75,-0.0029559217431337505,0.06254775952999816,10,-0.3755268818764863,1.3064861055419872,2026-07-15T09:31:00+05:30,65.93,0.18000000000000682,CLOSED,1.0,UJJIVANSFB-EQ
BUY,2026-07-15T09:31:00+05:30,65.93,0.03834707229004858,0.2768393035679723,9,-0.15656126430589032,0.758913486324448,2026-07-15T14:11:00+05:30,66.02,0.0899999999999892,CLOSED,1.0,UJJIVANSFB-EQ
SELL,2026-07-15T14:11:00+05:30,66.02,-0.005401703747968948,0.0801457006540778,14,-0.5847014690880563,0.45234225892401597,2026-07-16T11:58:00+05:30,65.66,-0.35999999999999943,CLOSED,0.0,UJJIVANSFB-EQ
BUY,2026-07-16T11:58:00+05:30,65.66,0.028380852889084842,0.15642179444622792,11,2.159100864856639,1.7424794449036414,2026-07-16T15:10:00+05:30,65.51,-0.14999999999999147,CLOSED,0.0,UJJIVANSFB-EQ
SELL,2026-07-16T15:10:00+05:30,65.51,-0.0012807630046188614,0.040221608343996254,15,-0.4776162648243251,0.6697094690134133,2026-07-16T15:16:00+05:30,65.63,0.11999999999999034,CLOSED,1.0,UJJIVANSFB-EQ
BUY,2026-07-16T15:16:00+05:30,65.63,0.0025699314365096888,0.03802046232695497,15,0.7098854297527699,0.9299959656908316,2026-07-17T09:21:00+05:30,65.35,-0.28000000000000114,CLOSED,0.0,UJJIVANSFB-EQ
SELL,2026-07-17T09:21:00+05:30,65.35,-0.00960320389186633,0.21592436947536203,9,0.1740283505922593,1.2271981483109198,2026-07-17T10:22:00+05:30,65.96,0.6099999999999994,CLOSED,1.0,UJJIVANSFB-EQ
BUY,2026-07-17T10:22:00+05:30,65.96,0.022813440382362743,0.32497692225756647,10,1.071779390157698,0.34447117132209537,2026-07-17T11:43:00+05:30,65.46,-0.5,CLOSED,0.0,UJJIVANSFB-EQ
SELL,2026-07-17T11:43:00+05:30,65.46,-0.006054148075144289,0.03893013685508248,11,-0.10737560544832937,2.184409145845152,2026-07-20T09:28:00+05:30,65.5,0.04000000000000625,CLOSED,1.0,UJJIVANSFB-EQ
BUY,2026-07-20T09:28:00+05:30,65.5,0.003243065539739183,0.1321993444260102,9,-0.4247751817558039,0.7941741847317596,2026-07-20T09:53:00+05:30,65.03,-0.46999999999999886,CLOSED,0.0,UJJIVANSFB-EQ
SELL,2026-07-20T09:53:00+05:30,65.03,-0.002375379930147073,0.1920908349945114,9,-0.7374717915735217,0.8790922098740196,2026-07-20T14:05:00+05:30,65.48,0.45000000000000284,CLOSED,1.0,UJJIVANSFB-EQ
BUY,2026-07-20T14:05:00+05:30,65.48,0.020672993629908033,0.11246727919216762,14,1.1167968678023386,1.6476378973570032,2026-07-21T10:43:00+05:30,65.37,-0.10999999999999943,CLOSED,0.0,UJJIVANSFB-EQ
SELL,2026-07-21T10:43:00+05:30,65.37,-0.01256411137778919,0.08286535263104293,10,-0.32082755889128817,0.7764538696982947,2026-07-21T13:31:00+05:30,65.5,0.12999999999999545,CLOSED,1.0,UJJIVANSFB-EQ
BUY,2026-07-21T13:31:00+05:30,65.5,0.0009347668093293096,0.011005049346147157,13,-0.26250021365642995,1.4679669934867765,2026-07-22T09:31:00+05:30,65.08,-0.4200000000000017,CLOSED,0.0,UJJIVANSFB-EQ
SELL,2026-07-22T09:31:00+05:30,65.08,-0.009683421790038923,0.06961002482082283,9,0.14988519094757435,1.362654356408373,2026-07-22T11:18:00+05:30,65.45,0.37000000000000455,CLOSED,1.0,UJJIVANSFB-EQ
BUY,2026-07-22T11:18:00+05:30,65.45,0.0011133787633039688,0.09711962840859062,11,-0.4297475021000711,0.6179946557629884,2026-07-22T12:41:00+05:30,65.17,-0.28000000000000114,CLOSED,0.0,UJJIVANSFB-EQ
SELL,2026-07-22T12:41:00+05:30,65.17,-0.0019168779521821803,0.06208417225384014,12,0.5698798124353097,1.0101181631642255,2026-07-22T12:49:00+05:30,65.37,0.20000000000000284,CLOSED,1.0,UJJIVANSFB-EQ
BUY,2026-07-22T12:49:00+05:30,65.37,0.003027930370709672,0.0654980915752513,12,0.9758810943614591,0.06966685282485555,2026-07-22T13:10:00+05:30,65.13,-0.2400000000000091,CLOSED,0.0,UJJIVANSFB-EQ
SELL,2026-07-22T13:10:00+05:30,65.13,-0.007378466641531147,0.08313977521152133,13,-0.7920511574842133,1.0092556550322218,2026-07-23T13:42:00+05:30,66.14,1.0100000000000051,CLOSED,1.0,UJJIVANSFB-EQ
BUY,2026-07-23T13:42:00+05:30,66.14,0.057112950639646436,0.5713376118081736,13,-0.5359588648616684,1.5547982218483778,2026-07-27T13:49:00+05:30,71.84,5.700000000000003,CLOSED,1.0,UJJIVANSFB-EQ
SELL,2026-07-27T13:49:00+05:30,71.84,-0.0021553593396319705,0.024966644414766283,13,-0.04441820998806701,0.9010887190178364,2026-07-28T09:23:00+05:30,72.34,0.5,CLOSED,1.0,UJJIVANSFB-EQ
BUY,2026-07-28T09:23:00+05:30,72.34,0.006444837116848008,0.39154395240721923,9,-0.5353890287641013,1.204139277079822,2026-07-28T10:05:00+05:30,71.52,-0.8200000000000074,CLOSED,0.0,UJJIVANSFB-EQ
SELL,2026-07-28T10:05:00+05:30,71.52,-0.019069451170108647,0.09106774035482362,10,-0.13050661897852867,0.1898177472669783,2026-07-29T13:34:00+05:30,70.23,-1.289999999999992,CLOSED,0.0,UJJIVANSFB-EQ
BUY,2026-07-29T13:34:00+05:30,70.23,0.011441045093686025,0.056174331821174955,13,5.976227017931582,1.8436992412220958,2026-07-30T09:30:00+05:30,70.04,-0.18999999999999773,CLOSED,0.0,UJJIVANSFB-EQ
SELL,2026-07-30T09:30:00+05:30,70.04,-0.0019485758063431226,0.07134423592694715,9,-0.13329666186229364,0.3310632532268416,2026-07-30T09:32:00+05:30,70.27,0.22999999999998977,CLOSED,1.0,UJJIVANSFB-EQ
BUY,2026-07-30T09:32:00+05:30,70.27,0.0018521102769967941,0.06863753427324704,9,-0.4586116556940098,1.2554213135068153,2026-07-30T09:36:00+05:30,70.06,-0.20999999999999375,CLOSED,0.0,UJJIVANSFB-EQ
SELL,2026-07-30T09:36:00+05:30,70.06,-0.0028514666902189935,0.08085652588243816,9,-0.0007659623666514123,0.44011512705919786,2026-07-30T09:39:00+05:30,70.33,0.269999999999996,CLOSED,1.0,UJJIVANSFB-EQ
BUY,2026-07-30T09:39:00+05:30,70.33,0.011186720413324807,0.07694875639742743,9,-0.20522475403777363,1.8688674958345255,2026-07-30T10:15:00+05:30,69.95,-0.37999999999999545,CLOSED,0.0,UJJIVANSFB-EQ
SELL,2026-07-30T10:15:00+05:30,69.95,-0.0034572411141862032,0.09675283515800057,10,0.7297403929202838,1.532809373920637,2026-07-30T11:42:00+05:30,70.08,0.12999999999999545,CLOSED,1.0,UJJIVANSFB-EQ
BUY,2026-07-30T11:42:00+05:30,70.08,1.739715431925489e-05,0.027182510717167076,11,-0.4070979629443044,0.5629230703733662,2026-07-30T11:47:00+05:30,70.05,-0.030000000000001137,CLOSED,0.0,UJJIVANSFB-EQ
SELL,2026-07-30T11:47:00+05:30,70.05,-0.0004976646181747024,0.022827858224352175,11,1.5485972153883523,2.3808966991848193,2026-07-30T12:14:00+05:30,70.39,0.3400000000000034,CLOSED,1.0,UJJIVANSFB-EQ
BUY,2026-07-30T12:14:00+05:30,70.39,0.016591870354164012,0.05816642788871434,12,0.4203362555592523,2.106440229898623,2026-07-30T14:49:00+05:30,70.2,-0.18999999999999773,CLOSED,0.0,UJJIVANSFB-EQ
SELL,2026-07-30T14:49:00+05:30,70.2,-0.0010527024247142564,0.16191904698884924,14,-0.7795224996559456,0.4759469771466782,2026-07-31T09:15:00+05:30,70.7,0.5,CLOSED,1.0,UJJIVANSFB-EQ
BUY,2026-07-31T09:15:00+05:30,70.7,0.0028699593852086914,0.06539622822966666,9,0.14899166991059556,0.8337962080869601,2026-07-31T14:42:00+05:30,71.9,1.2000000000000028,CLOSED,1.0,UJJIVANSFB-EQ
SELL,2026-07-31T14:42:00+05:30,71.9,-0.013057398323161225,0.16965324111911917,14,1.9566744923468742,0.4407151424665117,2026-08-03T09:26:00+05:30,72.42,0.519999999999996,CLOSED,1.0,UJJIVANSFB-EQ
BUY,2026-08-03T09:26:00+05:30,72.42,0.007958393666012033,0.17387415628040478,9,-0.34977597189841464,0.9986457169997818,2026-08-03T13:30:00+05:30,72.18,-0.23999999999999488,CLOSED,0.0,UJJIVANSFB-EQ
SELL,2026-08-03T13:30:00+05:30,72.18,-0.0069742272717897074,0.025144029554196562,13,0.5630750133522929,1.1590146448563932,2026-08-04T11:21:00+05:30,71.75,-0.4300000000000068,CLOSED,0.0,UJJIVANSFB-EQ
BUY,2026-08-04T11:21:00+05:30,71.75,0.014157400711048321,0.06951418720104867,11,2.0140401914704222,0.18665837831599597,2026-08-04T11:51:00+05:30,70.92,-0.8299999999999983,CLOSED,0.0,UJJIVANSFB-EQ
SELL,2026-08-04T11:51:00+05:30,70.92,-0.005568977141436555,0.21140797840510192,11,25.065327357180827,2.383039061027137,2026-08-04T14:43:00+05:30,70.55,-0.37000000000000455,CLOSED,0.0,UJJIVANSFB-EQ
BUY,2026-08-04T14:43:00+05:30,70.55,0.003917204621917621,0.04062019202318095,14,-0.11648865811913964,0.5744371822803195,2026-08-04T14:52:00+05:30,70.3,-0.25,CLOSED,0.0,UJJIVANSFB-EQ
SELL,2026-08-04T14:52:00+05:30,70.3,-0.007518117704625141,0.16125893601423874,14,0.8855554380956441,0.8436121718189789,2026-08-04T15:08:00+05:30,70.55,0.25,CLOSED,1.0,UJJIVANSFB-EQ
BUY,2026-08-04T15:08:00+05:30,70.55,0.0042326635687942975,0.13089860367645154,15,0.26130863785006786,1.8414077942558407,2026-08-05T11:04:00+05:30,70.0,-0.5499999999999972,CLOSED,0.0,UJJIVANSFB-EQ
SELL,2026-08-05T11:04:00+05:30,70.0,-0.023580144108991626,0.4161410017450021,11,2.8067365664661263,0.225984792588949,2026-08-06T09:16:00+05:30,70.26,0.2600000000000051,CLOSED,1.0,UJJIVANSFB-EQ
BUY,2026-08-06T09:16:00+05:30,70.26,0.013272574223571396,0.16003124694883955,9,-0.4223405499231043,1.5416726324780416,2026-08-07T09:23:00+05:30,71.24,0.9799999999999898,CLOSED,1.0,UJJIVANSFB-EQ
SELL,2026-08-07T09:23:00+05:30,71.24,-0.009117855268371156,0.24073960113690523,9,-0.19738465586182233,0.6507347441524424,,,,OPEN,,UJJIVANSFB-EQ
BUY,2026-06-24T11:51:00+05:30,179.69,0.004359920735824411,0.25224547127308194,11,-0.7013653492244284,1.1988302645523607,2026-06-24T13:04:00+05:30,178.66,-1.0300000000000011,CLOSED,0.0,CUPID-EQ
SELL,2026-06-24T13:04:00+05:30,178.66,-0.004483824816323104,0.09534149149242621,13,0.36176820533993115,1.4473313982762195,2026-06-24T13:39:00+05:30,179.33,0.6700000000000159,CLOSED,1.0,CUPID-EQ
BUY,2026-06-24T13:39:00+05:30,179.33,0.005569677440260759,0.5386247921017661,13,1.4907674177560688,0.4819952795737225,2026-06-24T13:58:00+05:30,178.83,-0.5,CLOSED,0.0,CUPID-EQ
SELL,2026-06-24T13:58:00+05:30,178.83,-0.0008288224008209968,0.07475143997126801,13,-0.24354370413321902,1.0285465380536336,2026-06-24T14:08:00+05:30,179.16,0.3299999999999841,CLOSED,1.0,CUPID-EQ
BUY,2026-06-24T14:08:00+05:30,179.16,0.000918474269927112,0.14192721139137535,14,2.0591318152305105,1.9222749061207538,2026-06-24T14:20:00+05:30,178.69,-0.46999999999999886,CLOSED,0.0,CUPID-EQ
SELL,2026-06-24T14:20:00+05:30,178.69,-0.0028599984149816557,0.07975657409337004,14,-0.1561703113831677,0.8157051282051282,2026-06-24T15:05:00+05:30,180.03,1.3400000000000034,CLOSED,1.0,CUPID-EQ
BUY,2026-06-24T15:05:00+05:30,180.03,0.0208693391276859,0.6324283007231364,15,-0.520025586117833,2.182692577342465,2026-06-30T13:26:00+05:30,189.46,9.430000000000007,CLOSED,1.0,CUPID-EQ
SELL,2026-06-30T13:26:00+05:30,189.46,-0.014180496279144923,0.19106717841289764,13,-0.6478537955503436,1.5890391115403186,2026-06-30T15:26:00+05:30,190.39,0.9299999999999784,CLOSED,1.0,CUPID-EQ
BUY,2026-06-30T15:26:00+05:30,190.39,0.006435157692590278,0.2605315080113467,15,0.7059763054855752,1.5670343712940729,2026-07-01T12:54:00+05:30,192.34,1.950000000000017,CLOSED,1.0,CUPID-EQ
SELL,2026-07-01T12:54:00+05:30,192.34,-0.0030585173170890436,0.25280866722132517,12,-0.8064407437354173,0.47286184210526316,2026-07-01T12:57:00+05:30,193.2,0.8599999999999852,CLOSED,1.0,CUPID-EQ
BUY,2026-07-01T12:57:00+05:30,193.2,0.007455200883775064,0.15452076451618071,12,1.0182761424512743,2.22320091994318,2026-07-01T14:43:00+05:30,192.65,-0.549999999999983,CLOSED,0.0,CUPID-EQ
SELL,2026-07-01T14:43:00+05:30,192.65,-0.004956448134566094,0.08954204474869532,14,-0.008874491486449056,1.3159955002204282,2026-07-01T15:11:00+05:30,193.39,0.7399999999999807,CLOSED,1.0,CUPID-EQ
BUY,2026-07-01T15:11:00+05:30,193.39,0.009247355632277361,0.1740657602427619,15,0.5957931838445376,1.1002857064366363,2026-07-02T12:30:00+05:30,193.39,0.0,CLOSED,0.0,CUPID-EQ
SELL,2026-07-02T12:30:00+05:30,193.39,-0.0011771250007054134,0.08769264507357175,12,-0.45275515456842796,0.7190718505480717,2026-07-03T09:26:00+05:30,194.09,0.700000000000017,CLOSED,1.0,CUPID-EQ
BUY,2026-07-03T09:26:00+05:30,194.09,0.004561028707009888,0.25495969180331757,9,0.3176616462469417,0.25257737947109077,2026-07-08T14:05:00+05:30,220.88,26.789999999999992,CLOSED,1.0,CUPID-EQ
SELL,2026-07-08T14:05:00+05:30,220.88,-0.01228302142088035,0.2213318273041112,14,0.38179643608065594,1.0507682398436946,2026-07-08T14:28:00+05:30,224.69,3.8100000000000023,CLOSED,1.0,CUPID-EQ
BUY,2026-07-08T14:28:00+05:30,224.69,0.006951767180656602,0.3212752367951486,14,-0.7348756425118731,1.0000383105983877,2026-07-08T14:51:00+05:30,221.76,-2.930000000000007,CLOSED,0.0,CUPID-EQ
SELL,2026-07-08T14:51:00+05:30,221.76,-0.0367024727957902,0.41685195880019266,14,0.12321297870493585,1.2881572544456812,2026-07-09T12:36:00+05:30,210.82,-10.939999999999998,CLOSED,0.0,CUPID-EQ
BUY,2026-07-09T12:36:00+05:30,210.82,0.0005150177139248601,0.25198103985110204,12,0.17774424048184215,1.6353644185255891,2026-07-09T15:03:00+05:30,208.46,-2.359999999999985,CLOSED,0.0,CUPID-EQ
SELL,2026-07-09T15:03:00+05:30,208.46,-0.0616739767490326,1.6784480265345647,15,0.42478293281114843,0.9486592905773344,2026-07-10T09:18:00+05:30,216.66,8.199999999999989,CLOSED,1.0,CUPID-EQ
BUY,2026-07-10T09:18:00+05:30,216.66,0.03569034859875875,1.5601955005703616,9,1.787560840741908,1.2545909177733645,2026-07-10T12:02:00+05:30,214.95,-1.710000000000008,CLOSED,0.0,CUPID-EQ
SELL,2026-07-10T12:02:00+05:30,214.95,-0.003621169029289151,0.8928257264314104,12,2.751901043748159,1.0852484645920328,2026-07-13T09:34:00+05:30,214.23,-0.7199999999999989,CLOSED,0.0,CUPID-EQ
BUY,2026-07-13T09:34:00+05:30,214.23,0.011083379252913141,0.35764662882671294,9,-0.036166954633387836,0.45601692061926336,2026-07-13T09:45:00+05:30,212.88,-1.3499999999999943,CLOSED,0.0,CUPID-EQ
SELL,2026-07-13T09:45:00+05:30,212.88,-0.00823957581299432,0.3896151947755638,9,-0.41948156497964795,0.26442764852081146,2026-07-14T09:25:00+05:30,209.73,-3.1500000000000057,CLOSED,0.0,CUPID-EQ
BUY,2026-07-14T09:25:00+05:30,209.73,0.017497312982832674,0.6872295427616919,9,-0.24025608841757826,0.8695235949449833,2026-07-15T13:10:00+05:30,218.32,8.590000000000003,CLOSED,1.0,CUPID-EQ
SELL,2026-07-15T13:10:00+05:30,218.32,-0.025805299985703176,0.47795862210492956,13,0.2966775156702426,0.6221117167133449,2026-07-15T15:13:00+05:30,219.86,1.5400000000000205,CLOSED,1.0,CUPID-EQ
BUY,2026-07-15T15:13:00+05:30,219.86,0.0005093814954992739,0.3189583741563256,15,0.019488687115264247,1.076469431246109,2026-07-16T10:15:00+05:30,218.3,-1.5600000000000023,CLOSED,0.0,CUPID-EQ
SELL,2026-07-16T10:15:00+05:30,218.3,-0.01542857049557025,0.41689860211380775,10,0.7491761249586818,0.4463609249719177,2026-07-17T10:58:00+05:30,214.07,-4.230000000000018,CLOSED,0.0,CUPID-EQ
BUY,2026-07-17T10:58:00+05:30,214.07,0.020607546957311176,0.3621295041525582,10,-0.12057750459900121,0.6514484616939467,2026-07-17T12:12:00+05:30,212.42,-1.6500000000000057,CLOSED,0.0,CUPID-EQ
SELL,2026-07-17T12:12:00+05:30,212.42,-0.0032435908059688643,0.1777638883463141,12,-0.1443477268145681,0.9750777153682975,2026-07-17T12:14:00+05:30,213.26,0.8400000000000034,CLOSED,1.0,CUPID-EQ
BUY,2026-07-17T12:14:00+05:30,213.26,0.004052797036156465,0.224254319913802,12,0.7118783421363964,1.7041281714802194,2026-07-17T12:20:00+05:30,212.9,-0.3599999999999852,CLOSED,0.0,CUPID-EQ
SELL,2026-07-17T12:20:00+05:30,212.9,-0.0024903940356995414,0.3252007926736291,12,-0.6158776845516992,1.6467665058540313,2026-07-17T14:24:00+05:30,213.85,0.9499999999999886,CLOSED,1.0,CUPID-EQ
BUY,2026-07-17T14:24:00+05:30,213.85,0.016218861852581732,0.43881659038828547,14,1.4173935534689994,1.109383579000718,2026-07-20T09:40:00+05:30,209.71,-4.139999999999986,CLOSED,0.0,CUPID-EQ
SELL,2026-07-20T09:40:00+05:30,209.71,-0.006377014706338357,1.0582800511521853,9,0.5585570394436562,1.0866511828001044,2026-07-20T14:28:00+05:30,206.78,-2.930000000000007,CLOSED,0.0,CUPID-EQ
BUY,2026-07-20T14:28:00+05:30,206.78,0.02310526199805955,0.7947808922380182,14,-0.5498644744511693,0.5602792926788961,2026-07-21T14:38:00+05:30,210.36,3.5800000000000125,CLOSED,1.0,CUPID-EQ
SELL,2026-07-21T14:38:00+05:30,210.36,-0.002239274455651674,0.1761470345415327,14,-0.48410535875476624,1.2689060499359794,2026-07-21T14:45:00+05:30,211.2,0.839999999999975,CLOSED,1.0,CUPID-EQ
BUY,2026-07-21T14:45:00+05:30,211.2,0.00258316515506501,0.3214273721317986,14,0.7995675297432714,0.9759165195016417,2026-07-22T09:28:00+05:30,209.7,-1.5,CLOSED,0.0,CUPID-EQ
SELL,2026-07-22T09:28:00+05:30,209.7,-0.004337749102625164,0.7299436812369675,9,-0.348043237180802,1.4514283877508651,2026-07-22T14:56:00+05:30,206.56,-3.1399999999999864,CLOSED,0.0,CUPID-EQ
BUY,2026-07-22T14:56:00+05:30,206.56,0.00896510056498035,0.15116216457830534,14,0.320583441204603,1.7499384837636824,2026-07-23T11:59:00+05:30,206.81,0.25,CLOSED,1.0,CUPID-EQ
SELL,2026-07-23T11:59:00+05:30,206.81,-0.002254155193277266,0.4618369120515735,11,1.1455570291397361,0.5316952557564518,2026-07-23T12:00:00+05:30,207.63,0.8199999999999932,CLOSED,1.0,CUPID-EQ
BUY,2026-07-23T12:00:00+05:30,207.63,0.005210545518008519,0.4385126375982028,12,1.461808800941482,0.7659918597940649,2026-07-23T12:02:00+05:30,206.85,-0.7800000000000011,CLOSED,0.0,CUPID-EQ
SELL,2026-07-23T12:02:00+05:30,206.85,-0.0026900159381583267,0.49575979846874846,12,0.022557602742224462,1.4713845323673742,2026-07-23T13:44:00+05:30,207.4,0.5500000000000114,CLOSED,1.0,CUPID-EQ
BUY,2026-07-23T13:44:00+05:30,207.4,0.002714180404802527,0.1434534380518264,13,-0.027337244750667723,0.8651617321673164,2026-07-29T13:30:00+05:30,231.34,23.939999999999998,CLOSED,1.0,CUPID-EQ
SELL,2026-07-29T13:30:00+05:30,231.34,-0.009578339748121271,0.2609725400624923,13,0.025403889390113434,0.855090154237965,2026-07-29T14:30:00+05:30,233.31,1.9699999999999989,CLOSED,1.0,CUPID-EQ
BUY,2026-07-29T14:30:00+05:30,233.31,0.01341053750173799,0.19825908974538245,14,1.0150085872564785,1.0825143911204402,2026-07-30T09:33:00+05:30,231.75,-1.5600000000000023,CLOSED,0.0,CUPID-EQ
SELL,2026-07-30T09:33:00+05:30,231.75,-0.010519020370580183,0.7193399752550953,9,-0.08781968883922808,0.31795022199938505,2026-07-31T09:16:00+05:30,232.84,1.0900000000000034,CLOSED,1.0,CUPID-EQ
BUY,2026-07-31T09:16:00+05:30,232.84,0.027957515220507895,0.8593854393305342,9,0.568841615377487,1.7556179636955993,2026-07-31T13:27:00+05:30,232.16,-0.6800000000000068,CLOSED,0.0,CUPID-EQ
SELL,2026-07-31T13:27:00+05:30,232.16,-0.0019340740333885509,0.13082643293904847,13,-0.40317051648153873,0.7218937062259166,2026-07-31T13:31:00+05:30,232.38,0.21999999999999886,CLOSED,1.0,CUPID-EQ
BUY,2026-07-31T13:31:00+05:30,232.38,0.00013661920826654535,0.1293788579671686,13,-0.029527269153511386,1.2955562861984369,2026-07-31T13:33:00+05:30,232.18,-0.19999999999998863,CLOSED,0.0,CUPID-EQ
SELL,2026-07-31T13:33:00+05:30,232.18,-0.000527429184314548,0.11350966674448858,13,0.14696379198778134,0.36694450091482006,2026-07-31T13:55:00+05:30,232.4,0.21999999999999886,CLOSED,1.0,CUPID-EQ
BUY,2026-07-31T13:55:00+05:30,232.4,0.0008413281292682092,0.11127543404643446,13,0.1919003114837782,1.3022739153162572,2026-07-31T14:02:00+05:30,232.28,-0.12000000000000455,CLOSED,0.0,CUPID-EQ
SELL,2026-07-31T14:02:00+05:30,232.28,-0.00013584658864539722,0.09045563676312267,14,-0.40578737229166745,1.6100309192531812,2026-07-31T14:03:00+05:30,232.34,0.060000000000002274,CLOSED,1.0,CUPID-EQ
BUY,2026-07-31T14:03:00+05:30,232.34,0.000315528958640254,0.08342661445845508,14,-0.3569917654383562,1.049462491922693,2026-07-31T14:04:00+05:30,232.22,-0.12000000000000455,CLOSED,0.0,CUPID-EQ
SELL,2026-07-31T14:04:00+05:30,232.22,-0.0014116203771786205,0.07279346735036464,14,-0.18003940176859515,0.782231201878447,2026-08-03T09:38:00+05:30,233.7,1.4799999999999898,CLOSED,1.0,CUPID-EQ
BUY,2026-08-03T09:38:00+05:30,233.7,0.029657519538640133,0.3790177363190871,9,0.6160942641126627,1.865434432227854,2026-08-03T11:56:00+05:30,232.5,-1.1999999999999886,CLOSED,0.0,CUPID-EQ
SELL,2026-08-03T11:56:00+05:30,232.5,-0.0026846851595486087,0.15817009128712484,11,0.24645191808807296,0.9861123091520745,2026-08-03T13:30:00+05:30,232.93,0.4300000000000068,CLOSED,1.0,CUPID-EQ
BUY,2026-08-03T13:30:00+05:30,232.93,0.008953154117019645,0.11023207841236798,13,0.28803280086375393,0.5410836262351615,2026-08-03T13:52:00+05:30,231.87,-1.0600000000000023,CLOSED,0.0,CUPID-EQ
SELL,2026-08-03T13:52:00+05:30,231.87,-0.00833260968717152,0.13084766375870618,13,-0.6571158539110209,1.1761627298419455,2026-08-04T09:19:00+05:30,236.61,4.740000000000009,CLOSED,1.0,CUPID-EQ
BUY,2026-08-04T09:19:00+05:30,236.61,0.07622529679614296,2.021919055419046,9,4.03268215796424,1.4538689746481637,2026-08-04T15:22:00+05:30,237.25,0.6399999999999864,CLOSED,1.0,CUPID-EQ
SELL,2026-08-04T15:22:00+05:30,237.25,-0.009890189089045499,0.3015902297268034,15,-0.5847079919792925,0.49046169268125833,2026-08-05T09:16:00+05:30,241.67,4.4199999999999875,CLOSED,1.0,CUPID-EQ
BUY,2026-08-05T09:16:00+05:30,241.67,0.05066291228073934,1.1599449220640665,9,-0.31054217925727495,2.1084659969421864,2026-08-07T09:28:00+05:30,255.48,13.810000000000002,CLOSED,1.0,CUPID-EQ
SELL,2026-08-07T09:28:00+05:30,255.48,-0.08156653975286121,6.078793374419705,9,2.215749948311125,0.5379492050650467,2026-08-07T13:30:00+05:30,259.76,4.280000000000001,CLOSED,1.0,CUPID-EQ
BUY,2026-08-07T13:30:00+05:30,259.76,0.019622607951161736,0.6556294685262326,13,2.2178898089259587,0.5341934928698009,,,,OPEN,,CUPID-EQ
SELL,2026-06-29T09:23:00+05:30,158.52,-0.04253994786434538,0.8156285919461141,9,-0.36442995793591915,1.2078905119451082,2026-06-30T10:38:00+05:30,157.93,-0.5900000000000034,CLOSED,0.0,ASHOKLEY-EQ
BUY,2026-06-30T10:38:00+05:30,157.93,0.0068525970760287625,0.19133739833080474,10,2.556798123646436,2.121469769637069,2026-06-30T15:07:00+05:30,157.58,-0.3499999999999943,CLOSED,0.0,ASHOKLEY-EQ
SELL,2026-06-30T15:07:00+05:30,157.58,-0.0034483354613438475,0.4604104449051726,15,-0.1712164106363287,0.960205997752616,2026-07-01T09:19:00+05:30,160.46,2.8799999999999955,CLOSED,1.0,ASHOKLEY-EQ
BUY,2026-07-01T09:19:00+05:30,160.46,0.005271084715187617,1.04731614668691,9,1.4094379202359233,1.0953602718322097,2026-07-01T12:21:00+05:30,159.69,-0.7700000000000102,CLOSED,0.0,ASHOKLEY-EQ
SELL,2026-07-01T12:21:00+05:30,159.69,-0.007555849797195263,0.19833753496949713,12,1.6692753768637973,0.279964608131434,2026-07-01T12:37:00+05:30,162.08,2.390000000000015,CLOSED,1.0,ASHOKLEY-EQ
BUY,2026-07-01T12:37:00+05:30,162.08,0.039956767754964546,0.38517528477304525,12,-0.5672102668298039,0.8019232041640016,2026-07-03T14:19:00+05:30,165.82,3.7399999999999807,CLOSED,1.0,ASHOKLEY-EQ
SELL,2026-07-03T14:19:00+05:30,165.82,-0.006813849140361939,0.18705020122356794,14,-0.3250899714140845,0.9246814879439238,2026-07-06T10:45:00+05:30,165.74,-0.07999999999998408,CLOSED,0.0,ASHOKLEY-EQ
BUY,2026-07-06T10:45:00+05:30,165.74,0.016837144587238694,0.08708233651742471,10,0.4672979631326586,1.2570651723280175,2026-07-06T14:20:00+05:30,166.08,0.3400000000000034,CLOSED,1.0,ASHOKLEY-EQ
SELL,2026-07-06T14:20:00+05:30,166.08,-0.0005356952117357129,0.13064370546558093,14,2.1547493107237763,1.4456787149732444,2026-07-08T12:59:00+05:30,163.4,-2.680000000000007,CLOSED,0.0,ASHOKLEY-EQ
BUY,2026-07-08T12:59:00+05:30,163.4,0.020857541458847537,0.14080719678577097,12,2.3456273285088383,0.44419001380599044,2026-07-08T13:52:00+05:30,160.48,-2.920000000000016,CLOSED,0.0,ASHOKLEY-EQ
SELL,2026-07-08T13:52:00+05:30,160.48,-0.0034772146129501084,1.059719040333073,13,6.542509632885157,0.7703430647401093,2026-07-10T09:51:00+05:30,156.42,-4.060000000000002,CLOSED,0.0,ASHOKLEY-EQ
BUY,2026-07-10T09:51:00+05:30,156.42,0.006303398960081321,0.10435516278555856,9,-0.2394578313208925,0.903229320487061,2026-07-13T09:18:00+05:30,154.9,-1.5199999999999818,CLOSED,0.0,ASHOKLEY-EQ
SELL,2026-07-13T09:18:00+05:30,154.9,-0.02591810690458919,1.4861224713999899,9,0.1534747899433308,1.0583849424759262,2026-07-13T10:25:00+05:30,157.01,2.109999999999985,CLOSED,1.0,ASHOKLEY-EQ
BUY,2026-07-13T10:25:00+05:30,157.01,0.0065603155437476655,0.16106934324486868,10,-0.37532064805442283,0.4316010678789309,2026-07-14T09:19:00+05:30,155.51,-1.5,CLOSED,0.0,ASHOKLEY-EQ
SELL,2026-07-14T09:19:00+05:30,155.51,-0.014296375262963285,1.808481253550741,9,2.5239629675019546,0.571187074806582,2026-07-14T14:40:00+05:30,155.5,-0.009999999999990905,CLOSED,0.0,ASHOKLEY-EQ
BUY,2026-07-14T14:40:00+05:30,155.5,0.006434768335765082,0.13808612449401708,14,0.2901385937724255,0.511197826611569,2026-07-14T15:25:00+05:30,155.06,-0.4399999999999977,CLOSED,0.0,ASHOKLEY-EQ
SELL,2026-07-14T15:25:00+05:30,155.06,-0.0019016271997528084,0.05232377832092844,15,0.1717063890855623,0.8872789598353893,2026-07-15T09:15:00+05:30,156.53,1.4699999999999989,CLOSED,1.0,ASHOKLEY-EQ
BUY,2026-07-15T09:15:00+05:30,156.53,0.0243834680224622,0.0404969134626333,9,-0.357595841472093,0.8916979704971486,2026-07-15T11:54:00+05:30,156.26,-0.27000000000001023,CLOSED,0.0,ASHOKLEY-EQ
SELL,2026-07-15T11:54:00+05:30,156.26,-0.0012590556969811826,0.08999382694879175,11,-0.09652749311374785,0.5643739548630465,2026-07-15T12:02:00+05:30,156.56,0.30000000000001137,CLOSED,1.0,ASHOKLEY-EQ
BUY,2026-07-15T12:02:00+05:30,156.56,0.0017193402786277315,0.17201098156158107,12,0.10383094051519746,0.64758286605395,2026-07-15T13:13:00+05:30,156.3,-0.2599999999999909,CLOSED,0.0,ASHOKLEY-EQ
SELL,2026-07-15T13:13:00+05:30,156.3,-0.008297262363954007,0.1208350574589609,13,0.9336755003885865,0.27272493327549313,2026-07-15T14:21:00+05:30,156.84,0.539999999999992,CLOSED,1.0,ASHOKLEY-EQ
BUY,2026-07-15T14:21:00+05:30,156.84,0.0042259075316208325,0.0723341013784121,14,1.0820567373967982,0.5564686446162755,2026-07-15T15:13:00+05:30,156.53,-0.3100000000000023,CLOSED,0.0,ASHOKLEY-EQ
SELL,2026-07-15T15:13:00+05:30,156.53,-0.001683679104348537,0.07607744592043571,15,0.1756000679547129,1.2925466705205768,2026-07-16T09:54:00+05:30,157.21,0.6800000000000068,CLOSED,1.0,ASHOKLEY-EQ
BUY,2026-07-16T09:54:00+05:30,157.21,0.013662503763443494,0.3218419211697338,9,-0.6990844796759058,0.897475327835609,2026-07-16T12:35:00+05:30,157.08,-0.12999999999999545,CLOSED,0.0,ASHOKLEY-EQ
SELL,2026-07-16T12:35:00+05:30,157.08,-0.001045070847306689,0.11179842972461156,12,-0.00758813300260925,0.8300589390962672,2026-07-17T14:05:00+05:30,155.18,-1.9000000000000057,CLOSED,0.0,ASHOKLEY-EQ
BUY,2026-07-17T14:05:00+05:30,155.18,0.0013880175104110369,0.09107384061543115,14,0.4548247799132814,1.4768608368057536,2026-07-20T09:17:00+05:30,153.94,-1.240000000000009,CLOSED,0.0,ASHOKLEY-EQ
SELL,2026-07-20T09:17:00+05:30,153.94,-0.02776041859943891,0.4414873849965685,9,0.003180756848945566,1.0275997730765893,2026-07-20T13:28:00+05:30,154.9,0.960000000000008,CLOSED,1.0,ASHOKLEY-EQ
BUY,2026-07-20T13:28:00+05:30,154.9,0.004082796121762825,0.3849227916810826,13,0.021858010617678874,0.2996477829438013,2026-07-21T10:21:00+05:30,153.14,-1.7600000000000193,CLOSED,0.0,ASHOKLEY-EQ
SELL,2026-07-21T10:21:00+05:30,153.14,-0.016538867289554525,0.7787625511740459,10,14.1575724170216,2.4705211521703685,2026-07-21T14:46:00+05:30,153.85,0.710000000000008,CLOSED,1.0,ASHOKLEY-EQ
BUY,2026-07-21T14:46:00+05:30,153.85,0.004629108558247414,0.04357624225296673,14,0.27456260790356557,1.0573668929040372,2026-07-22T09:29:00+05:30,152.95,-0.9000000000000057,CLOSED,0.0,ASHOKLEY-EQ
SELL,2026-07-22T09:29:00+05:30,152.95,-0.013865354080226221,0.09674709297958058,9,-0.5440693261649993,1.153200362033818,2026-07-22T15:20:00+05:30,152.82,-0.12999999999999545,CLOSED,0.0,ASHOKLEY-EQ
BUY,2026-07-22T15:20:00+05:30,152.82,0.00246634099539115,0.05292552419307228,15,0.7887566302974247,1.2828696980027179,2026-07-22T15:23:00+05:30,152.2,-0.6200000000000045,CLOSED,0.0,ASHOKLEY-EQ
SELL,2026-07-22T15:23:00+05:30,152.2,-0.002301109656814983,0.050066622281383914,15,2.603495364988379,1.3015798788068862,2026-07-23T10:15:00+05:30,152.97,0.7700000000000102,CLOSED,1.0,ASHOKLEY-EQ
BUY,2026-07-23T10:15:00+05:30,152.97,0.005429957066870899,0.11353413583587768,10,-0.6149023038626709,1.4240750256937307,2026-07-23T12:06:00+05:30,152.62,-0.3499999999999943,CLOSED,0.0,ASHOKLEY-EQ
SELL,2026-07-23T12:06:00+05:30,152.62,-0.004762084371419746,0.10113247637518365,12,-0.5270087403762918,1.6289895176230564,2026-07-24T11:56:00+05:30,150.1,-2.5200000000000102,CLOSED,0.0,ASHOKLEY-EQ
BUY,2026-07-24T11:56:00+05:30,150.1,0.013712794106288662,0.21700230413523286,11,1.3623581262255569,1.1974974615517966,2026-07-29T13:27:00+05:30,158.18,8.080000000000013,CLOSED,1.0,ASHOKLEY-EQ
SELL,2026-07-29T13:27:00+05:30,158.18,-0.0004923536525293112,0.07919034733546645,13,-0.775297919180536,0.9311112332380743,2026-07-30T15:09:00+05:30,158.18,0.0,CLOSED,0.0,ASHOKLEY-EQ
BUY,2026-07-30T15:09:00+05:30,158.18,0.011254752496766638,0.46103868239732887,15,1.5748705388778703,0.8311806218528294,2026-08-04T10:37:00+05:30,173.66,15.47999999999999,CLOSED,1.0,ASHOKLEY-EQ
SELL,2026-08-04T10:37:00+05:30,173.66,-0.0014400786309058265,0.055627730894266314,10,-0.2757564334599827,1.252877312846377,2026-08-04T14:28:00+05:30,173.2,-0.46000000000000796,CLOSED,0.0,ASHOKLEY-EQ
BUY,2026-08-04T14:28:00+05:30,173.2,0.0005123924951088254,0.04737556801184256,14,-0.5190649967714059,1.0910872743773319,2026-08-05T14:14:00+05:30,175.98,2.780000000000001,CLOSED,1.0,ASHOKLEY-EQ
SELL,2026-08-05T14:14:00+05:30,175.98,-0.006031148444881626,0.10619165064479513,14,0.28007236917145584,1.1349138217243244,2026-08-06T09:29:00+05:30,176.55,0.5700000000000216,CLOSED,1.0,ASHOKLEY-EQ
BUY,2026-08-06T09:29:00+05:30,176.55,0.0007566188005328754,0.4459957648030045,9,0.0012032998183248323,0.7740399616331342,2026-08-06T09:57:00+05:30,175.92,-0.6300000000000239,CLOSED,0.0,ASHOKLEY-EQ
SELL,2026-08-06T09:57:00+05:30,175.92,-0.007727253889953365,0.1647759421490609,9,1.4688888887643012,0.8379769274637388,2026-08-06T11:23:00+05:30,177.1,1.1800000000000068,CLOSED,1.0,ASHOKLEY-EQ
BUY,2026-08-06T11:23:00+05:30,177.1,0.004628652453027285,0.15231546211728,11,0.37491541719902255,1.78228913712158,2026-08-07T09:22:00+05:30,176.1,-1.0,CLOSED,0.0,ASHOKLEY-EQ
SELL,2026-08-07T09:22:00+05:30,176.1,-0.00015588347553455796,0.6611471512118551,9,-0.7024457811964712,0.4367324030461769,2026-08-07T10:43:00+05:30,177.03,0.9300000000000068,CLOSED,1.0,ASHOKLEY-EQ
BUY,2026-08-07T10:43:00+05:30,177.03,0.004511974806239889,0.15697133496278765,10,-0.7444407298031476,0.46663164988503925,2026-08-07T11:03:00+05:30,176.0,-1.0300000000000011,CLOSED,0.0,ASHOKLEY-EQ
SELL,2026-08-07T11:03:00+05:30,176.0,-0.015944360442854928,0.3471807086294472,11,1.592258375972395,1.3875596059864312,2026-08-07T12:33:00+05:30,177.05,1.0500000000000114,CLOSED,1.0,ASHOKLEY-EQ
BUY,2026-08-07T12:33:00+05:30,177.05,0.007440215585949027,0.17903755037545374,12,0.8511896595751072,2.041975776238977,,,,OPEN,,ASHOKLEY-EQ
SELL,2026-06-24T11:23:00+05:30,114.67,-0.00019097478807710775,0.00483045891539895,11,-0.8020446022340127,0.9874110123476652,2026-06-24T11:46:00+05:30,114.69,0.01999999999999602,CLOSED,1.0,LIQUIDCASE-EQ
BUY,2026-06-24T11:46:00+05:30,114.69,0.00020466326242777258,0.006992058987797812,11,0.4989802855005594,0.05176323402924388,2026-06-24T12:01:00+05:30,114.67,-0.01999999999999602,CLOSED,0.0,LIQUIDCASE-EQ
SELL,2026-06-24T12:01:00+05:30,114.67,-4.556941663839633e-05,0.008164965809275636,12,0.02955610999782685,1.6363523385972856,2026-06-24T12:06:00+05:30,114.69,0.01999999999999602,CLOSED,1.0,LIQUIDCASE-EQ
BUY,2026-06-24T12:06:00+05:30,114.69,0.00013376228849992745,0.007378647873725286,12,-0.23211987251861377,1.0543732081753445,2026-06-24T13:19:00+05:30,114.68,-0.009999999999990905,CLOSED,0.0,LIQUIDCASE-EQ
SELL,2026-06-24T13:19:00+05:30,114.68,-5.9578898344192144e-05,0.008164965809275636,13,-0.657130011223751,0.5447373022117318,2026-06-24T13:21:00+05:30,114.69,0.009999999999990905,CLOSED,1.0,LIQUIDCASE-EQ
BUY,2026-06-24T13:21:00+05:30,114.69,0.0001496031419218515,0.008164965809275636,13,1.0111946222130954,0.6250411211263899,2026-06-24T13:22:00+05:30,114.67,-0.01999999999999602,CLOSED,0.0,LIQUIDCASE-EQ
SELL,2026-06-24T13:22:00+05:30,114.67,-0.00030523765187150684,0.00875595035770712,13,0.03915218535813896,1.4939379734968454,2026-06-24T13:24:00+05:30,114.69,0.01999999999999602,CLOSED,1.0,LIQUIDCASE-EQ
BUY,2026-06-24T13:24:00+05:30,114.69,0.00027403947747032875,0.00875595035770766,13,0.40319666634589313,0.8391913360399555,2026-06-24T13:59:00+05:30,114.68,-0.009999999999990905,CLOSED,0.0,LIQUIDCASE-EQ
SELL,2026-06-24T13:59:00+05:30,114.68,-4.1570760774358234e-05,0.0031622776601655032,13,2.59258427839375,2.199663689491675,2026-06-24T14:00:00+05:30,114.69,0.009999999999990905,CLOSED,1.0,LIQUIDCASE-EQ
BUY,2026-06-24T14:00:00+05:30,114.69,0.00023247946857810626,0.0031622776601655032,14,2.347065826532376,1.7957883465360474,2026-06-24T15:18:00+05:30,114.68,-0.009999999999990905,CLOSED,0.0,LIQUIDCASE-EQ
SELL,2026-06-24T15:18:00+05:30,114.68,-4.638610627430102e-05,0.004830458915392086,15,0.022439830394536536,1.1778571937829745,2026-06-24T15:29:00+05:30,114.69,0.009999999999990905,CLOSED,1.0,LIQUIDCASE-EQ
BUY,2026-06-24T15:29:00+05:30,114.69,1.0721553934991251e-05,0.007888106377463785,15,1.0977052598688108,0.9500194097385539,2026-06-25T14:14:00+05:30,114.73,0.04000000000000625,CLOSED,1.0,LIQUIDCASE-EQ
SELL,2026-06-25T14:14:00+05:30,114.73,-1.598970354608442e-05,0.005270462766942505,14,-0.5516660137852454,1.3351723635785961,2026-06-25T14:15:00+05:30,114.74,0.009999999999990905,CLOSED,1.0,LIQUIDCASE-EQ
BUY,2026-06-25T14:15:00+05:30,114.74,9.787251972631032e-05,0.005163977794938526,14,-0.45371302155594867,0.7685164040496308,2026-06-25T14:17:00+05:30,114.73,-0.009999999999990905,CLOSED,0.0,LIQUIDCASE-EQ
SELL,2026-06-25T14:17:00+05:30,114.73,-5.7118965815203425e-05,0.005163977794938526,14,-0.40534887350004295,0.4386582783543041,2026-06-25T14:18:00+05:30,114.74,0.009999999999990905,CLOSED,1.0,LIQUIDCASE-EQ
BUY,2026-06-25T14:18:00+05:30,114.74,5.9022903244203795e-05,0.005270462766942506,14,-0.4475313627136346,0.9505478441254681,2026-06-25T14:19:00+05:30,114.73,-0.009999999999990905,CLOSED,0.0,LIQUIDCASE-EQ
SELL,2026-06-25T14:19:00+05:30,114.73,-0.00019473612376986977,0.005270462766942505,14,-0.5939063782270544,1.1307884142067772,2026-06-25T14:42:00+05:30,114.75,0.01999999999999602,CLOSED,1.0,LIQUIDCASE-EQ
BUY,2026-06-25T14:42:00+05:30,114.75,0.00030875057021804856,0.007378647873724216,14,-0.5073610029940459,0.7554237950425579,2026-06-29T13:12:00+05:30,114.75,0.0,CLOSED,0.0,LIQUIDCASE-EQ
SELL,2026-06-29T13:12:00+05:30,114.75,-0.00018213527600636408,0.007888106377465386,13,-0.444746773576981,0.8116001395779284,2026-06-29T13:17:00+05:30,114.76,0.010000000000005116,CLOSED,1.0,LIQUIDCASE-EQ
BUY,2026-06-29T13:17:00+05:30,114.76,2.7697837423487172e-05,0.008232726023484871,13,-0.03158709207352211,0.49074900910216035,2026-06-30T11:08:00+05:30,114.76,0.0,CLOSED,0.0,LIQUIDCASE-EQ
SELL,2026-06-30T11:08:00+05:30,114.76,-2.3310037220492004e-05,0.00849836585598582,11,0.4447045155431964,1.1999664932198044,2026-06-30T11:11:00+05:30,114.78,0.01999999999999602,CLOSED,1.0,LIQUIDCASE-EQ
BUY,2026-06-30T11:11:00+05:30,114.78,5.5008964853775556e-05,0.0031622776601655032,11,0.21896896004076186,0.904297524891858,2026-06-30T11:15:00+05:30,114.76,-0.01999999999999602,CLOSED,0.0,LIQUIDCASE-EQ
SELL,2026-06-30T11:15:00+05:30,114.76,-0.0001750419181022075,0.006992058987798264,11,-0.14343792096937755,0.6694708347746342,2026-06-30T11:17:00+05:30,114.77,0.009999999999990905,CLOSED,1.0,LIQUIDCASE-EQ
BUY,2026-06-30T11:17:00+05:30,114.77,0.00010247507425838172,0.007071067811862394,11,-0.06805012453555534,0.32594095327775774,2026-06-30T15:02:00+05:30,114.76,-0.009999999999990905,CLOSED,0.0,LIQUIDCASE-EQ
SELL,2026-06-30T15:02:00+05:30,114.76,-0.00014229945341972053,0.005676462121975311,15,-0.7032052784125288,1.928260839006836,2026-07-01T09:16:00+05:30,114.79,0.030000000000001137,CLOSED,1.0,LIQUIDCASE-EQ
BUY,2026-07-01T09:16:00+05:30,114.79,0.0001764705713923463,0.006324555320336999,9,0.15885900605495618,1.4838787003447076,2026-07-06T13:47:00+05:30,114.86,0.06999999999999318,CLOSED,1.0,LIQUIDCASE-EQ
SELL,2026-07-06T13:47:00+05:30,114.86,-9.64787817812332e-06,0.004216370213559997,13,-0.3162878588884422,1.2325149323629216,2026-07-06T13:48:00+05:30,114.87,0.010000000000005116,CLOSED,1.0,LIQUIDCASE-EQ
BUY,2026-07-06T13:48:00+05:30,114.87,0.00021651819615410377,0.004216370213559997,13,-0.3901275221071497,0.5055025363253375,2026-07-06T13:50:00+05:30,114.86,-0.010000000000005116,CLOSED,0.0,LIQUIDCASE-EQ
SELL,2026-07-06T13:50:00+05:30,114.86,-7.437799375845245e-05,0.004830458915398951,13,-0.053482806989574486,1.3375843774130072,2026-07-06T13:55:00+05:30,114.87,0.010000000000005116,CLOSED,1.0,LIQUIDCASE-EQ
BUY,2026-07-06T13:55:00+05:30,114.87,3.931521259904916e-05,0.004216370213559996,13,0.2662963608572063,0.17695916440457923,2026-07-06T13:56:00+05:30,114.86,-0.010000000000005116,CLOSED,0.0,LIQUIDCASE-EQ
SELL,2026-07-06T13:56:00+05:30,114.86,-9.97113288752167e-05,0.004830458915398951,13,-0.4231940434933115,1.014128991897954,2026-07-06T13:57:00+05:30,114.88,0.01999999999999602,CLOSED,1.0,LIQUIDCASE-EQ
BUY,2026-07-06T13:57:00+05:30,114.88,0.000494852293443499,0.004830458915398951,13,-0.0643596569035214,1.7881303118705913,2026-07-07T12:21:00+05:30,114.87,-0.009999999999990905,CLOSED,0.0,LIQUIDCASE-EQ
SELL,2026-07-07T12:21:00+05:30,114.87,-0.0001181236870482655,0.004830458915392086,12,-0.017642172993300412,1.4121046716969017,2026-07-07T12:22:00+05:30,114.88,0.009999999999990905,CLOSED,1.0,LIQUIDCASE-EQ
BUY,2026-07-07T12:22:00+05:30,114.88,0.00011941853326881394,0.004830458915392086,12,-0.04856339231456874,1.1108642367997605,2026-07-07T12:23:00+05:30,114.87,-0.009999999999990905,CLOSED,0.0,LIQUIDCASE-EQ
SELL,2026-07-07T12:23:00+05:30,114.87,-1.956401710533745e-05,0.005163977794938526,12,-0.0852822356433563,1.0707556726094003,2026-07-07T12:30:00+05:30,114.89,0.01999999999999602,CLOSED,1.0,LIQUIDCASE-EQ
BUY,2026-07-07T12:30:00+05:30,114.89,0.00022128441623539503,0.004216370213554004,12,0.42259309175568893,1.5227709713075546,2026-07-07T13:23:00+05:30,114.87,-0.01999999999999602,CLOSED,0.0,LIQUIDCASE-EQ
SELL,2026-07-07T13:23:00+05:30,114.87,-4.0640627725884704e-05,0.004830458915392086,13,-0.5680826803891292,0.9849842576895133,2026-07-07T13:24:00+05:30,114.88,0.009999999999990905,CLOSED,1.0,LIQUIDCASE-EQ
BUY,2026-07-07T13:24:00+05:30,114.88,0.00016169038486183235,0.004830458915392086,13,-0.4767594771915935,1.013217909336312,2026-07-07T15:10:00+05:30,114.87,-0.009999999999990905,CLOSED,0.0,LIQUIDCASE-EQ
SELL,2026-07-07T15:10:00+05:30,114.87,-3.722285418087731e-05,0.005270462766942505,15,0.32652872909950437,1.1645343735285305,2026-07-07T15:12:00+05:30,114.89,0.01999999999999602,CLOSED,1.0,LIQUIDCASE-EQ
BUY,2026-07-07T15:12:00+05:30,114.89,0.00015515017331411502,0.005270462766942505,15,0.17909653024510086,0.6996288299899279,2026-07-08T12:47:00+05:30,114.88,-0.010000000000005116,CLOSED,0.0,LIQUIDCASE-EQ
SELL,2026-07-08T12:47:00+05:30,114.88,-5.944942412850273e-05,0.0051639777949458645,12,0.5563139931261148,1.4259923799397485,2026-07-08T12:48:00+05:30,114.89,0.010000000000005116,CLOSED,1.0,LIQUIDCASE-EQ
BUY,2026-07-08T12:48:00+05:30,114.89,5.4151271390672925e-05,0.0051639777949458645,12,1.2128113710638446,1.4722920045367338,2026-07-08T12:49:00+05:30,114.88,-0.010000000000005116,CLOSED,0.0,LIQUIDCASE-EQ
SELL,2026-07-08T12:49:00+05:30,114.88,-0.00020152537114062635,0.005270462766949995,12,0.32591925505285135,0.3982289544167211,2026-07-08T12:57:00+05:30,114.89,0.010000000000005116,CLOSED,1.0,LIQUIDCASE-EQ
BUY,2026-07-08T12:57:00+05:30,114.89,7.762813249637495e-05,0.0051639777949458645,12,0.8047576798263337,0.8383261130058071,2026-07-08T12:58:00+05:30,114.88,-0.010000000000005116,CLOSED,0.0,LIQUIDCASE-EQ
SELL,2026-07-08T12:58:00+05:30,114.88,-0.00017858202745236898,0.00483045891539895,12,0.9728658061249073,1.2524466338259441,2026-07-08T13:13:00+05:30,114.89,0.010000000000005116,CLOSED,1.0,LIQUIDCASE-EQ
BUY,2026-07-08T13:13:00+05:30,114.89,4.6700886303861944e-05,0.004216370213559997,13,-0.39948553676958426,1.579285541097551,2026-07-08T13:14:00+05:30,114.88,-0.010000000000005116,CLOSED,0.0,LIQUIDCASE-EQ
SELL,2026-07-08T13:14:00+05:30,114.88,-0.00020519881924380655,0.004216370213559997,13,0.9290098698314607,1.5017040164164128,2026-07-08T13:39:00+05:30,114.9,0.020000000000010232,CLOSED,1.0,LIQUIDCASE-EQ
BUY,2026-07-08T13:39:00+05:30,114.9,0.000453422100846564,0.006324555320339994,13,-0.8057337325431769,1.4324813070901452,2026-07-09T14:43:00+05:30,114.9,0.0,CLOSED,0.0,LIQUIDCASE-EQ
SELL,2026-07-09T14:43:00+05:30,114.9,-0.00030443145513394916,0.005676462121973364,14,0.7168796609579223,0.5850959910390997,2026-07-09T14:49:00+05:30,114.92,0.01999999999999602,CLOSED,1.0,LIQUIDCASE-EQ
BUY,2026-07-09T14:49:00+05:30,114.92,0.0003131963190292014,0.007378647873724215,14,-0.054473097147671436,0.4922945205479452,2026-07-13T11:32:00+05:30,114.96,0.03999999999999204,CLOSED,1.0,LIQUIDCASE-EQ
SELL,2026-07-13T11:32:00+05:30,114.96,-0.00017279800816758317,0.0051639777949458645,11,-0.3503733537367824,0.8629677137632707,2026-07-13T11:33:00+05:30,114.97,0.010000000000005116,CLOSED,1.0,LIQUIDCASE-EQ
BUY,2026-07-13T11:33:00+05:30,114.97,8.97731421705983e-07,0.0051639777949458645,11,-0.5023032565172713,1.1518948987678108,2026-07-13T11:34:00+05:30,114.96,-0.010000000000005116,CLOSED,0.0,LIQUIDCASE-EQ
SELL,2026-07-13T11:34:00+05:30,114.96,-0.0001978945336700468,0.005270462766949995,11,-0.46690452821984885,0.9624010822466791,2026-07-13T11:49:00+05:30,114.97,0.010000000000005116,CLOSED,1.0,LIQUIDCASE-EQ
BUY,2026-07-13T11:49:00+05:30,114.97,9.379918049476882e-05,0.0051639777949458645,11,1.0898397916208207,0.26034825626357977,2026-07-13T11:53:00+05:30,114.96,-0.010000000000005116,CLOSED,0.0,LIQUIDCASE-EQ
SELL,2026-07-13T11:53:00+05:30,114.96,-4.058138464570441e-05,0.006749485577108982,11,-0.35388898363892,1.2005129027087675,2026-07-13T11:54:00+05:30,114.98,0.020000000000010232,CLOSED,1.0,LIQUIDCASE-EQ
BUY,2026-07-13T11:54:00+05:30,114.98,0.0004898975023268702,0.006992058987804587,11,-0.34437720190932153,1.0411166657304949,2026-07-13T12:10:00+05:30,114.96,-0.020000000000010232,CLOSED,0.0,LIQUIDCASE-EQ
SELL,2026-07-13T12:10:00+05:30,114.96,-7.374762901212092e-05,0.006992058987804587,12,0.249848085856811,0.8246495421764849,2026-07-13T12:24:00+05:30,114.98,0.020000000000010232,CLOSED,1.0,LIQUIDCASE-EQ
BUY,2026-07-13T12:24:00+05:30,114.98,0.0001318977679746647,0.007071067811869092,12,-0.3503834717970939,1.2410037321812406,2026-07-13T13:56:00+05:30,114.96,-0.020000000000010232,CLOSED,0.0,LIQUIDCASE-EQ
SELL,2026-07-13T13:56:00+05:30,114.96,-0.0002024330083729186,0.0051639777949458645,13,-0.6631224267525478,1.594918283227164,2026-07-13T14:01:00+05:30,114.97,0.010000000000005116,CLOSED,1.0,LIQUIDCASE-EQ
BUY,2026-07-13T14:01:00+05:30,114.97,1.4214130220743754e-05,0.005270462766949995,14,3.201452742166798,0.8370380280047475,2026-07-13T14:03:00+05:30,114.96,-0.010000000000005116,CLOSED,0.0,LIQUIDCASE-EQ
SELL,2026-07-13T14:03:00+05:30,114.96,-0.0001457428229614545,0.0051639777949458645,14,4.492071755988538,1.0582732200877352,2026-07-13T14:11:00+05:30,114.97,0.010000000000005116,CLOSED,1.0,LIQUIDCASE-EQ
BUY,2026-07-13T14:11:00+05:30,114.97,9.420746015218571e-05,0.00483045891539895,14,-0.7433413577036321,1.1295365298516795,2026-07-14T13:34:00+05:30,114.98,0.010000000000005116,CLOSED,1.0,LIQUIDCASE-EQ
SELL,2026-07-14T13:34:00+05:30,114.98,-0.00015413753493275854,0.004830458915392086,13,-0.8426464758415395,1.2144782586788936,2026-07-14T13:35:00+05:30,114.99,0.009999999999990905,CLOSED,1.0,LIQUIDCASE-EQ
BUY,2026-07-14T13:35:00+05:30,114.99,5.4130917718717336e-05,0.004830458915392086,13,-0.8311991693901273,1.2410302409021015,2026-07-14T13:36:00+05:30,114.98,-0.009999999999990905,CLOSED,0.0,LIQUIDCASE-EQ
SELL,2026-07-14T13:36:00+05:30,114.98,-0.00011205313922609703,0.005163977794938526,13,-0.1273037824558109,0.7960572005808447,2026-07-14T13:39:00+05:30,114.99,0.009999999999990905,CLOSED,1.0,LIQUIDCASE-EQ
BUY,2026-07-14T13:39:00+05:30,114.99,0.00014906620016541094,0.004830458915392086,13,0.17894392097307596,0.5418616577985769,2026-07-14T13:40:00+05:30,114.98,-0.009999999999990905,CLOSED,0.0,LIQUIDCASE-EQ
SELL,2026-07-14T13:40:00+05:30,114.98,-2.2497351894034065e-05,0.005163977794938526,13,1.1071711475342283,1.6951096811286543,2026-07-14T13:41:00+05:30,114.99,0.009999999999990905,CLOSED,1.0,LIQUIDCASE-EQ
BUY,2026-07-14T13:41:00+05:30,114.99,0.00017825245124823065,0.004830458915392086,13,3.016352041950825,1.778668553014226,2026-07-14T13:54:00+05:30,114.98,-0.009999999999990905,CLOSED,0.0,LIQUIDCASE-EQ
SELL,2026-07-14T13:54:00+05:30,114.98,-5.199380994728816e-06,0.005270462766942505,13,-0.9410128231109884,0.8971054373193075,2026-07-14T13:55:00+05:30,114.99,0.009999999999990905,CLOSED,1.0,LIQUIDCASE-EQ
BUY,2026-07-14T13:55:00+05:30,114.99,0.0001928999115395746,0.005270462766942505,13,-0.08258956011868537,1.5570057890222986,2026-07-14T14:19:00+05:30,114.98,-0.009999999999990905,CLOSED,0.0,LIQUIDCASE-EQ
SELL,2026-07-14T14:19:00+05:30,114.98,-2.2399898516513563e-05,0.004830458915392086,14,-0.2805210655266996,1.0015665028041265,2026-07-14T14:20:00+05:30,115.0,0.01999999999999602,CLOSED,1.0,LIQUIDCASE-EQ
BUY,2026-07-14T14:20:00+05:30,115.0,0.0005302300446149071,0.004830458915392086,14,-0.06789665061533992,1.1492973997609923,2026-07-14T14:31:00+05:30,114.98,-0.01999999999999602,CLOSED,0.0,LIQUIDCASE-EQ
SELL,2026-07-14T14:31:00+05:30,114.98,-2.111562890794446e-05,0.007071067811862394,14,0.45532890463247144,0.80300542818099,2026-07-14T14:32:00+05:30,114.99,0.009999999999990905,CLOSED,1.0,LIQUIDCASE-EQ
BUY,2026-07-14T14:32:00+05:30,114.99,0.00016595459681433258,0.006992058987798264,14,1.5139912638621016,1.1063017510519886,2026-07-14T14:33:00+05:30,114.98,-0.009999999999990905,CLOSED,0.0,LIQUIDCASE-EQ
SELL,2026-07-14T14:33:00+05:30,114.98,-2.0245214776676014e-05,0.004830458915392086,14,0.17717627329041458,1.4001716769551085,2026-07-14T14:34:00+05:30,114.99,0.009999999999990905,CLOSED,1.0,LIQUIDCASE-EQ
BUY,2026-07-14T14:34:00+05:30,114.99,0.00016671388392918278,0.004830458915392086,14,0.040678485666955616,0.5375763407497595,2026-07-14T14:35:00+05:30,114.98,-0.009999999999990905,CLOSED,0.0,LIQUIDCASE-EQ
SELL,2026-07-14T14:35:00+05:30,114.98,-1.959092860075706e-05,0.005163977794938526,14,0.27076107620724993,0.6766455392036851,2026-07-14T14:56:00+05:30,115.0,0.01999999999999602,CLOSED,1.0,LIQUIDCASE-EQ
BUY,2026-07-14T14:56:00+05:30,115.0,0.00045719658488037416,0.006992058987798264,14,-0.1115458545907508,0.5191916973257921,2026-07-15T13:48:00+05:30,114.99,-0.010000000000005116,CLOSED,0.0,LIQUIDCASE-EQ
SELL,2026-07-15T13:48:00+05:30,114.99,-0.00010289875212493612,0.0051639777949458645,13,0.1639026282478338,0.8211468488737049,2026-07-15T14:04:00+05:30,115.01,0.020000000000010232,CLOSED,1.0,LIQUIDCASE-EQ
BUY,2026-07-15T14:04:00+05:30,115.01,2.1407818578917883e-05,0.006324555320339994,14,0.15604426002046815,0.5158407312579264,2026-07-16T13:36:00+05:30,115.01,0.0,CLOSED,0.0,LIQUIDCASE-EQ
SELL,2026-07-16T13:36:00+05:30,115.01,-8.19417844898706e-05,0.006992058987797813,13,-0.7500969134228437,0.7171703664081305,2026-07-16T13:39:00+05:30,115.03,0.01999999999999602,CLOSED,1.0,LIQUIDCASE-EQ
BUY,2026-07-16T13:39:00+05:30,115.03,8.575954479030627e-05,0.005163977794938526,13,0.33661901108102066,1.3329642737104332,2026-07-16T13:40:00+05:30,115.01,-0.01999999999999602,CLOSED,0.0,LIQUIDCASE-EQ
SELL,2026-07-16T13:40:00+05:30,115.01,-0.00024123891718845245,0.007071067811862394,13,0.43537338567723566,1.3772785948990767,2026-07-16T13:57:00+05:30,115.02,0.009999999999990905,CLOSED,1.0,LIQUIDCASE-EQ
BUY,2026-07-16T13:57:00+05:30,115.02,1.1032418974428258e-05,0.0031622776601699975,13,0.9106562370706379,1.763364967966611,2026-07-16T14:09:00+05:30,115.01,-0.009999999999990905,CLOSED,0.0,LIQUIDCASE-EQ
SELL,2026-07-16T14:09:00+05:30,115.01,-0.00012731606137325683,0.0031622776601655032,14,0.9913637713190685,0.6921290309745957,2026-07-16T14:10:00+05:30,115.03,0.01999999999999602,CLOSED,1.0,LIQUIDCASE-EQ
BUY,2026-07-16T14:10:00+05:30,115.03,0.00028482386447788367,0.004216370213554005,14,1.8196503803659536,0.5910347958888843,2026-07-16T14:12:00+05:30,115.01,-0.01999999999999602,CLOSED,0.0,LIQUIDCASE-EQ
SELL,2026-07-16T14:12:00+05:30,115.01,-2.7280421284851747e-05,0.005676462121973364,14,-0.2888005666472139,0.6838239362585072,2026-07-16T14:13:00+05:30,115.03,0.01999999999999602,CLOSED,1.0,LIQUIDCASE-EQ
BUY,2026-07-16T14:13:00+05:30,115.03,0.00037882882342640464,0.006324555320334002,14,-0.42839249125163237,1.2427984733489095,2026-07-16T15:05:00+05:30,115.01,-0.01999999999999602,CLOSED,0.0,LIQUIDCASE-EQ
SELL,2026-07-16T15:05:00+05:30,115.01,-0.0003185450952727736,0.00875595035770712,15,1.0787900946001858,0.7809445372694126,2026-07-16T15:17:00+05:30,115.03,0.01999999999999602,CLOSED,1.0,LIQUIDCASE-EQ
BUY,2026-07-16T15:17:00+05:30,115.03,1.1146218313989333e-05,0.005676462121973364,15,-0.7073956595282075,0.4817069484882983,2026-07-20T11:45:00+05:30,115.07,0.03999999999999204,CLOSED,1.0,LIQUIDCASE-EQ
SELL,2026-07-20T11:45:00+05:30,115.07,-9.484646455867451e-05,0.0051639777949458645,11,-0.13275328926752988,0.7632747229699024,2026-07-20T11:48:00+05:30,115.08,0.010000000000005116,CLOSED,1.0,LIQUIDCASE-EQ
BUY,2026-07-20T11:48:00+05:30,115.08,0.00019518707930076036,0.004830458915398951,11,-0.2458546052736274,1.2271082764536945,2026-07-20T12:09:00+05:30,115.07,-0.010000000000005116,CLOSED,0.0,LIQUIDCASE-EQ
SELL,2026-07-20T12:09:00+05:30,115.07,-5.871036833817414e-05,0.00483045891539895,12,1.052082694232556,1.639767869420944,2026-07-20T12:23:00+05:30,115.08,0.010000000000005116,CLOSED,1.0,LIQUIDCASE-EQ
BUY,2026-07-20T12:23:00+05:30,115.08,0.000135228605247776,0.005270462766949995,12,0.30430324158809136,0.5082550987374554,2026-07-20T13:54:00+05:30,115.07,-0.010000000000005116,CLOSED,0.0,LIQUIDCASE-EQ
SELL,2026-07-20T13:54:00+05:30,115.07,-0.0001735480575444261,0.0051639777949458645,13,-0.14844761693025746,0.4463855198249323,2026-07-20T13:55:00+05:30,115.08,0.010000000000005116,CLOSED,1.0,LIQUIDCASE-EQ
BUY,2026-07-20T13:55:00+05:30,115.08,1.263417955550614e-06,0.00483045891539895,13,-0.5865835493690856,1.4274085935415,2026-07-20T13:56:00+05:30,115.07,-0.010000000000005116,CLOSED,0.0,LIQUIDCASE-EQ
SELL,2026-07-20T13:56:00+05:30,115.07,-0.0001961315466501022,0.0051639777949458645,13,-0.5307790085044728,1.2911788893188856,2026-07-20T14:09:00+05:30,115.09,0.020000000000010232,CLOSED,1.0,LIQUIDCASE-EQ
BUY,2026-07-20T14:09:00+05:30,115.09,0.0004279394095093391,0.0051639777949458645,14,-0.6775375990346627,1.3233640314884045,2026-07-20T15:14:00+05:30,115.07,-0.020000000000010232,CLOSED,0.0,LIQUIDCASE-EQ
SELL,2026-07-20T15:14:00+05:30,115.07,-0.00017810399630711863,0.0051639777949458645,15,-0.4225239616552503,0.5710512255893265,2026-07-21T09:17:00+05:30,115.09,0.020000000000010232,CLOSED,1.0,LIQUIDCASE-EQ
BUY,2026-07-21T09:17:00+05:30,115.09,0.00036528408558695994,0.007378647873729993,9,0.2337788040465002,0.39284218352209965,2026-07-21T12:41:00+05:30,115.09,0.0,CLOSED,0.0,LIQUIDCASE-EQ
SELL,2026-07-21T12:41:00+05:30,115.09,-6.323290426998203e-05,0.005270462766942506,12,-0.2947026169472877,0.9653916211293261,2026-07-21T12:42:00+05:30,115.1,0.009999999999990905,CLOSED,1.0,LIQUIDCASE-EQ
BUY,2026-07-21T12:42:00+05:30,115.1,5.885847339350162e-05,0.005163977794938526,12,0.003990089972096789,0.4145669904930126,2026-07-21T12:43:00+05:30,115.09,-0.009999999999990905,CLOSED,0.0,LIQUIDCASE-EQ
SELL,2026-07-21T12:43:00+05:30,115.09,-0.00018816020601710397,0.005163977794938526,12,-0.15745650756379015,0.57624358195771,2026-07-21T12:50:00+05:30,115.1,0.009999999999990905,CLOSED,1.0,LIQUIDCASE-EQ
BUY,2026-07-21T12:50:00+05:30,115.1,2.2846722474448147e-05,0.005270462766942506,12,-0.6814892984515841,0.6302721023668526,2026-07-21T12:51:00+05:30,115.09,-0.009999999999990905,CLOSED,0.0,LIQUIDCASE-EQ
SELL,2026-07-21T12:51:00+05:30,115.09,-0.00022135269187098535,0.005163977794938526,12,-0.6399290489019359,1.2474326059050065,2026-07-21T13:01:00+05:30,115.1,0.009999999999990905,CLOSED,1.0,LIQUIDCASE-EQ
BUY,2026-07-21T13:01:00+05:30,115.1,8.853646798091337e-05,0.005163977794938526,13,0.4897287705030421,0.6579328314997105,2026-07-21T13:02:00+05:30,115.09,-0.009999999999990905,CLOSED,0.0,LIQUIDCASE-EQ
SELL,2026-07-21T13:02:00+05:30,115.09,-0.0001580972553513777,0.004830458915392086,13,0.07993387151752314,0.636941092268236,2026-07-21T14:24:00+05:30,115.1,0.009999999999990905,CLOSED,1.0,LIQUIDCASE-EQ
BUY,2026-07-21T14:24:00+05:30,115.1,0.00013441957428494557,0.006749485577102431,14,-0.8566542346201012,0.6074171556782879,2026-07-22T13:44:00+05:30,115.1,0.0,CLOSED,0.0,LIQUIDCASE-EQ
SELL,2026-07-22T13:44:00+05:30,115.1,-0.00011282677228630582,0.004216370213559997,13,0.2827936285416775,1.8262355702316948,2026-07-22T13:49:00+05:30,115.12,0.020000000000010232,CLOSED,1.0,LIQUIDCASE-EQ
BUY,2026-07-22T13:49:00+05:30,115.12,0.0002827215603608415,0.005676462121978371,13,1.1482002018701933,0.1973855544898465,2026-07-22T14:18:00+05:30,115.1,-0.020000000000010232,CLOSED,0.0,LIQUIDCASE-EQ
SELL,2026-07-22T14:18:00+05:30,115.1,-2.2756770263317966e-05,0.004714045207912728,14,-0.22223471727417599,1.4431696596396866,2026-07-22T14:22:00+05:30,115.12,0.020000000000010232,CLOSED,1.0,LIQUIDCASE-EQ
BUY,2026-07-22T14:22:00+05:30,115.12,0.00027294425802853453,0.004216370213559997,14,0.12290612372190805,1.3400177007639276,2026-07-24T15:28:00+05:30,115.17,0.04999999999999716,CLOSED,1.0,LIQUIDCASE-EQ
SELL,2026-07-24T15:28:00+05:30,115.17,-1.343901552831331e-05,0.008164965809281437,15,-0.25992416432077026,1.605676468227172,2026-07-27T09:15:00+05:30,115.19,0.01999999999999602,CLOSED,1.0,LIQUIDCASE-EQ
BUY,2026-07-27T09:15:00+05:30,115.19,0.0006038633356156102,0.006666666666670077,9,-0.05582639157488914,0.9722151534738375,2026-07-27T14:29:00+05:30,115.18,-0.009999999999990905,CLOSED,0.0,LIQUIDCASE-EQ
SELL,2026-07-27T14:29:00+05:30,115.18,-0.000187157478450172,0.004216370213554005,14,1.4404570731891635,2.041021645021645,2026-07-27T14:32:00+05:30,115.2,0.01999999999999602,CLOSED,1.0,LIQUIDCASE-EQ
BUY,2026-07-27T14:32:00+05:30,115.2,3.9744646634261935e-05,0.004830458915392086,14,5.757134143057863,0.8825473173153489,2026-07-27T15:06:00+05:30,115.18,-0.01999999999999602,CLOSED,0.0,LIQUIDCASE-EQ
SELL,2026-07-27T15:06:00+05:30,115.18,-0.0002731030814018516,0.004216370213554005,15,0.6898696853318069,0.7655239659242533,2026-07-27T15:22:00+05:30,115.19,0.009999999999990905,CLOSED,1.0,LIQUIDCASE-EQ
BUY,2026-07-27T15:22:00+05:30,115.19,2.0033679303276244e-05,0.008164965809275636,15,1.1230732185846055,0.8450143316698973,2026-07-28T12:13:00+05:30,115.19,0.0,CLOSED,0.0,LIQUIDCASE-EQ
SELL,2026-07-28T12:13:00+05:30,115.19,-9.324541036663555e-05,0.004830458915398951,12,-0.014130573292499313,1.3234428183659108,2026-07-28T12:25:00+05:30,115.2,0.010000000000005116,CLOSED,1.0,LIQUIDCASE-EQ
BUY,2026-07-28T12:25:00+05:30,115.2,0.00010167903338584967,0.005270462766949995,12,-0.7959036090740315,1.2632188607249932,2026-07-28T12:26:00+05:30,115.19,-0.010000000000005116,CLOSED,0.0,LIQUIDCASE-EQ
SELL,2026-07-28T12:26:00+05:30,115.19,-9.24001957752481e-05,0.0051639777949458645,12,-0.8147204434233324,1.2578412449484286,2026-07-28T12:31:00+05:30,115.2,0.010000000000005116,CLOSED,1.0,LIQUIDCASE-EQ
BUY,2026-07-28T12:31:00+05:30,115.2,0.00011816825574716216,0.0051639777949458645,12,3.333765606590601,2.0991795350002436,2026-07-28T12:32:00+05:30,115.19,-0.010000000000005116,CLOSED,0.0,LIQUIDCASE-EQ
SELL,2026-07-28T12:32:00+05:30,115.19,-7.644784990097525e-05,0.0051639777949458645,12,2.906625610714066,1.1044871573270647,2026-07-28T12:33:00+05:30,115.2,0.010000000000005116,CLOSED,1.0,LIQUIDCASE-EQ
BUY,2026-07-28T12:33:00+05:30,115.2,0.0001019443046643988,0.0051639777949458645,12,2.484861124437523,0.21771962064085504,2026-07-28T12:41:00+05:30,115.19,-0.010000000000005116,CLOSED,0.0,LIQUIDCASE-EQ
SELL,2026-07-28T12:41:00+05:30,115.19,-7.338195327672532e-05,0.0051639777949458645,12,0.15628365246776896,1.1930899748434405,2026-07-28T12:42:00+05:30,115.2,0.010000000000005116,CLOSED,1.0,LIQUIDCASE-EQ
BUY,2026-07-28T12:42:00+05:30,115.2,0.00010402564879319824,0.005270462766949995,12,-0.2753615945005966,1.3967515001034554,2026-07-28T12:43:00+05:30,115.19,-0.010000000000005116,CLOSED,0.0,LIQUIDCASE-EQ
SELL,2026-07-28T12:43:00+05:30,115.19,-9.058977905001258e-05,0.0051639777949458645,12,-0.416016640647293,0.6746079659507674,2026-07-28T13:21:00+05:30,115.2,0.010000000000005116,CLOSED,1.0,LIQUIDCASE-EQ
BUY,2026-07-28T13:21:00+05:30,115.2,1.906812418773255e-05,0.0051639777949458645,13,-0.49985834785649,1.6497341348877155,2026-07-28T13:22:00+05:30,115.19,-0.010000000000005116,CLOSED,0.0,LIQUIDCASE-EQ
SELL,2026-07-28T13:22:00+05:30,115.19,-0.00016122923174061488,0.0051639777949458645,13,-0.44525764661143036,1.8781432307382822,2026-07-28T13:27:00+05:30,115.21,0.01999999999999602,CLOSED,1.0,LIQUIDCASE-EQ
BUY,2026-07-28T13:27:00+05:30,115.21,0.0001285618013280198,0.0051639777949458645,13,1.461510091743654,1.4468719778797827,2026-07-29T13:43:00+05:30,115.21,0.0,CLOSED,0.0,LIQUIDCASE-EQ
SELL,2026-07-29T13:43:00+05:30,115.21,-0.0001867569738080421,0.005270462766949995,13,0.7629043271058582,1.3896380564362258,2026-07-29T14:06:00+05:30,115.22,0.010000000000005116,CLOSED,1.0,LIQUIDCASE-EQ
BUY,2026-07-29T14:06:00+05:30,115.22,8.984909268589826e-05,0.00483045891539895,14,-0.15480749298610044,0.3500248484887601,2026-07-29T14:08:00+05:30,115.21,-0.010000000000005116,CLOSED,0.0,LIQUIDCASE-EQ
SELL,2026-07-29T14:08:00+05:30,115.21,-2.726431159523028e-05,0.004216370213559997,14,-0.8259147882282777,0.8332637075718016,2026-07-29T14:09:00+05:30,115.22,0.010000000000005116,CLOSED,1.0,LIQUIDCASE-EQ
BUY,2026-07-29T14:09:00+05:30,115.22,0.00010539482741245406,0.004830458915398951,14,-0.7100615718172217,1.3349925629206367,2026-07-29T14:22:00+05:30,115.21,-0.010000000000005116,CLOSED,0.0,LIQUIDCASE-EQ
SELL,2026-07-29T14:22:00+05:30,115.21,-4.822131744368847e-06,0.004830458915398951,14,-0.291327099581189,0.942266372109914,2026-07-29T15:05:00+05:30,115.22,0.010000000000005116,CLOSED,1.0,LIQUIDCASE-EQ
BUY,2026-07-29T15:05:00+05:30,115.22,0.00012118946299345763,0.004216370213559997,15,21.826250747545647,1.400435221222882,2026-08-03T12:37:00+05:30,115.29,0.07000000000000739,CLOSED,1.0,LIQUIDCASE-EQ
SELL,2026-08-03T12:37:00+05:30,115.29,-0.00012867407694879267,0.005163977794938526,12,1.4364072676496398,1.786058606798722,2026-08-03T12:38:00+05:30,115.31,0.01999999999999602,CLOSED,1.0,LIQUIDCASE-EQ
BUY,2026-08-03T12:38:00+05:30,115.31,0.0002954642984221476,0.005270462766942505,12,1.262074633368148,1.6810633066023577,2026-08-03T12:46:00+05:30,115.29,-0.01999999999999602,CLOSED,0.0,LIQUIDCASE-EQ
SELL,2026-08-03T12:46:00+05:30,115.29,-0.00016092643649164457,0.005676462121973364,12,-0.42823463043819626,0.6541275352066792,2026-08-03T13:40:00+05:30,115.31,0.01999999999999602,CLOSED,1.0,LIQUIDCASE-EQ
BUY,2026-08-03T13:40:00+05:30,115.31,0.0002960936141026783,0.004714045207909379,13,-0.2739622834146027,0.9003939223410242,2026-08-04T11:41:00+05:30,115.3,-0.010000000000005116,CLOSED,0.0,LIQUIDCASE-EQ
SELL,2026-08-04T11:41:00+05:30,115.3,-0.00018516460549338802,0.0051639777949458645,11,-0.5678036932740121,1.140694142673507,2026-08-04T15:10:00+05:30,115.31,0.010000000000005116,CLOSED,1.0,LIQUIDCASE-EQ
BUY,2026-08-04T15:10:00+05:30,115.31,0.00010738626251991868,0.004216370213559997,15,-0.3170909924996061,1.0880111818706337,2026-08-05T13:26:00+05:30,115.31,0.0,CLOSED,0.0,LIQUIDCASE-EQ
SELL,2026-08-05T13:26:00+05:30,115.31,-0.0003023209252168811,0.005163977794938526,13,1.2564594543000667,1.8136192467281713,2026-08-05T13:30:00+05:30,115.33,0.01999999999999602,CLOSED,1.0,LIQUIDCASE-EQ
BUY,2026-08-05T13:30:00+05:30,115.33,0.00026724046944572586,0.004830458915392086,13,0.39557017359608754,0.45350266406525025,2026-08-05T13:34:00+05:30,115.31,-0.01999999999999602,CLOSED,0.0,LIQUIDCASE-EQ
SELL,2026-08-05T13:34:00+05:30,115.31,-7.516522612795143e-06,0.005676462121973364,13,-0.679058841784302,1.2058054076941689,2026-08-05T13:44:00+05:30,115.33,0.01999999999999602,CLOSED,1.0,LIQUIDCASE-EQ
BUY,2026-08-05T13:44:00+05:30,115.33,0.0003043455921551806,0.008232726023483145,13,-0.5877832283866307,0.8574653822998194,2026-08-05T13:49:00+05:30,115.31,-0.01999999999999602,CLOSED,0.0,LIQUIDCASE-EQ
SELL,2026-08-05T13:49:00+05:30,115.31,-1.2362898305779874e-05,0.007888106377465386,13,2.832169375593802,1.4761438439020302,2026-08-05T14:40:00+05:30,115.33,0.01999999999999602,CLOSED,1.0,LIQUIDCASE-EQ
BUY,2026-08-05T14:40:00+05:30,115.33,0.0001927702629039766,0.007378647873725286,14,-0.5977039519174215,0.8884766332345398,2026-08-07T14:53:00+05:30,115.37,0.04000000000000625,CLOSED,1.0,LIQUIDCASE-EQ
SELL,2026-08-07T14:53:00+05:30,115.37,-0.00012863621291204857,0.004216370213554004,14,-0.8828771139840985,0.506579194193665,2026-08-07T15:11:00+05:30,115.39,0.01999999999999602,CLOSED,1.0,LIQUIDCASE-EQ
BUY,2026-08-07T15:11:00+05:30,115.39,1.7716411605783018e-05,0.004216370213559997,15,-0.6659145844932562,1.4706571983653782,2026-08-07T15:12:00+05:30,115.38,-0.010000000000005116,CLOSED,0.0,LIQUIDCASE-EQ
SELL,2026-08-07T15:12:00+05:30,115.38,-2.0696744802926822e-05,0.004830458915398951,15,-0.6161004386065493,0.880249803506134,2026-08-07T15:15:00+05:30,115.39,0.010000000000005116,CLOSED,1.0,LIQUIDCASE-EQ
BUY,2026-08-07T15:15:00+05:30,115.39,0.00023813494171341496,0.004830458915398951,15,0.1558103144161207,1.1975596183963697,,,,OPEN,,LIQUIDCASE-EQ
SELL,2026-06-24T12:44:00+05:30,27.18,-0.004007983094447597,0.014337208778404416,12,2.6480686127023905,2.447058823529412,2026-06-24T13:03:00+05:30,27.24,0.05999999999999872,CLOSED,1.0,AUTOIETF-EQ
BUY,2026-06-24T13:03:00+05:30,27.24,0.0014827744852254682,0.020248456731316592,13,0.19660193936162682,2.210953346855984,2026-06-24T15:22:00+05:30,27.14,-0.09999999999999787,CLOSED,0.0,AUTOIETF-EQ
SELL,2026-06-24T15:22:00+05:30,27.14,-0.012415314467400273,0.028693785622209377,15,4.543410354330386,2.0307042253521126,2026-06-25T09:15:00+05:30,27.48,0.33999999999999986,CLOSED,1.0,AUTOIETF-EQ
BUY,2026-06-25T09:15:00+05:30,27.48,0.007764756039989365,0.05400617248673239,9,-0.10105318125987775,1.2025561580170412,2026-06-25T15:00:00+05:30,27.79,0.3099999999999987,CLOSED,1.0,AUTOIETF-EQ
SELL,2026-06-25T15:00:00+05:30,27.79,-0.011293449286329707,0.01449137674618977,15,-0.428059007672007,0.21111209257132763,2026-06-30T10:51:00+05:30,27.34,-0.4499999999999993,CLOSED,0.0,AUTOIETF-EQ
BUY,2026-06-30T10:51:00+05:30,27.34,0.004607140067823802,0.015491933384829439,10,19.98188968511067,0.5986602619431831,2026-06-30T15:20:00+05:30,27.32,-0.019999999999999574,CLOSED,0.0,AUTOIETF-EQ
SELL,2026-06-30T15:20:00+05:30,27.32,-0.01148731310227292,0.011972189997378474,15,6.187189381040339,0.15788260602335588,2026-07-01T09:17:00+05:30,27.54,0.21999999999999886,CLOSED,1.0,AUTOIETF-EQ
BUY,2026-07-01T09:17:00+05:30,27.54,0.012240111193086338,0.06091888960832432,9,2.6616822415273873,1.143966009068252,2026-07-01T12:27:00+05:30,27.54,0.0,CLOSED,0.0,AUTOIETF-EQ
SELL,2026-07-01T12:27:00+05:30,27.54,-0.0037308298577570015,0.011352924243951179,12,-0.9519184895808767,0.35790219702338766,2026-07-01T14:05:00+05:30,27.6,0.060000000000002274,CLOSED,1.0,AUTOIETF-EQ
BUY,2026-07-01T14:05:00+05:30,27.6,0.0005701594005417503,0.011005049346146406,14,12.285714134412386,0.1775120504263997,2026-07-03T14:09:00+05:30,28.01,0.41000000000000014,CLOSED,1.0,AUTOIETF-EQ
SELL,2026-07-03T14:09:00+05:30,28.01,-0.000272479524009705,0.01080123449734666,14,-0.9572319760250717,1.0338345864661653,2026-07-06T09:36:00+05:30,28.04,0.029999999999997584,CLOSED,1.0,AUTOIETF-EQ
BUY,2026-07-06T09:36:00+05:30,28.04,0.0007261245188121259,0.037058512292499325,9,-0.7123544024921185,1.3471676948962423,2026-07-07T10:54:00+05:30,28.19,0.15000000000000213,CLOSED,1.0,AUTOIETF-EQ
SELL,2026-07-07T10:54:00+05:30,28.19,-0.0013147385035540866,0.009189365834726704,10,2.6622474705456955,2.448284778486468,2026-07-07T11:08:00+05:30,28.27,0.0799999999999983,CLOSED,1.0,AUTOIETF-EQ
BUY,2026-07-07T11:08:00+05:30,28.27,0.003866524823614667,0.015491933384829286,11,14.030567379245255,1.4482858803021499,2026-07-07T12:43:00+05:30,28.21,-0.05999999999999872,CLOSED,0.0,AUTOIETF-EQ
SELL,2026-07-07T12:43:00+05:30,28.21,-0.00387725741218149,0.015811388300841122,12,2.5116278485667944,0.10596026490066225,2026-07-07T13:45:00+05:30,28.26,0.05000000000000071,CLOSED,1.0,AUTOIETF-EQ
BUY,2026-07-07T13:45:00+05:30,28.26,0.001427738827460166,0.007888106377466187,13,0.44852941058684503,2.023205221174764,2026-07-07T15:26:00+05:30,28.18,-0.08000000000000185,CLOSED,0.0,AUTOIETF-EQ
SELL,2026-07-07T15:26:00+05:30,28.18,-0.0051437695903179355,0.030203016773531755,15,0.42357274382900434,0.2990821166759071,2026-07-08T11:33:00+05:30,28.14,-0.03999999999999915,CLOSED,0.0,AUTOIETF-EQ
BUY,2026-07-08T11:33:00+05:30,28.14,0.0018206349435967702,0.035652645218989046,11,-0.64051005316269,0.12789904502046384,2026-07-08T12:01:00+05:30,28.06,-0.08000000000000185,CLOSED,0.0,AUTOIETF-EQ
SELL,2026-07-08T12:01:00+05:30,28.06,-0.004386816200987059,0.018287822299127378,12,-0.9025079473231598,0.14039855072463767,2026-07-08T12:54:00+05:30,28.17,0.11000000000000298,CLOSED,1.0,AUTOIETF-EQ
BUY,2026-07-08T12:54:00+05:30,28.17,0.00915175013013056,0.024517567397911187,12,0.4999999917218544,0.6181015452538632,2026-07-08T13:56:00+05:30,27.97,-0.20000000000000284,CLOSED,0.0,AUTOIETF-EQ
SELL,2026-07-08T13:56:00+05:30,27.97,-0.02283199515273131,0.07083627444874367,13,-0.6726790442006909,0.4112641815235008,2026-07-10T09:25:00+05:30,27.78,-0.18999999999999773,CLOSED,0.0,AUTOIETF-EQ
BUY,2026-07-10T09:25:00+05:30,27.78,0.008566340402782606,0.015055453054181508,9,-0.5991397843020003,1.5061695278969958,2026-07-10T11:30:00+05:30,27.72,-0.060000000000002274,CLOSED,0.0,AUTOIETF-EQ
SELL,2026-07-10T11:30:00+05:30,27.72,-0.001312753130798465,0.011972189997378573,11,-0.2830188668976094,0.12904858299595143,2026-07-10T11:36:00+05:30,27.75,0.030000000000001137,CLOSED,1.0,AUTOIETF-EQ
BUY,2026-07-10T11:36:00+05:30,27.75,0.0009801589463658217,0.014337208778404416,11,-0.21153846046792268,0.272785622593068,2026-07-10T13:21:00+05:30,27.7,-0.05000000000000071,CLOSED,0.0,AUTOIETF-EQ
SELL,2026-07-10T13:21:00+05:30,27.7,-0.0011585365650803867,0.011352924243950901,13,2.104991388109606,2.305062823355506,2026-07-10T13:46:00+05:30,27.78,0.08000000000000185,CLOSED,1.0,AUTOIETF-EQ
BUY,2026-07-10T13:46:00+05:30,27.78,0.0017415005708046037,0.030349812373573183,13,0.8824893682209329,0.5195071868583162,2026-07-13T09:16:00+05:30,27.5,-0.28000000000000114,CLOSED,0.0,AUTOIETF-EQ
SELL,2026-07-13T09:16:00+05:30,27.5,-0.03283976419199573,0.10640071010623497,9,12.39315683539975,0.858840258363058,2026-07-13T10:43:00+05:30,27.75,0.25,CLOSED,1.0,AUTOIETF-EQ
BUY,2026-07-13T10:43:00+05:30,27.75,0.0009079628762336009,0.012292725943057692,10,-0.701159114118905,0.7105077574047954,2026-07-14T09:23:00+05:30,27.59,-0.16000000000000014,CLOSED,0.0,AUTOIETF-EQ
SELL,2026-07-14T09:23:00+05:30,27.59,-0.027279153966296703,0.10562512327408952,9,-0.049073256796934375,1.1564878410989419,2026-07-15T09:19:00+05:30,27.68,0.08999999999999986,CLOSED,1.0,AUTOIETF-EQ
BUY,2026-07-15T09:19:00+05:30,27.68,0.0016281982129484705,0.06539622822966745,9,-0.378074264486397,1.5130955457913327,2026-07-15T13:07:00+05:30,27.56,-0.120000000000001,CLOSED,0.0,AUTOIETF-EQ
SELL,2026-07-15T13:07:00+05:30,27.56,-0.007476025788268801,0.03888730155490604,13,-0.6376811584157511,1.9195652173913043,2026-07-16T09:19:00+05:30,27.75,0.19000000000000128,CLOSED,1.0,AUTOIETF-EQ
BUY,2026-07-16T09:19:00+05:30,27.75,0.012481902231162415,0.04501851470969145,9,0.4462756499868512,0.4935202770640152,2026-07-16T13:12:00+05:30,27.72,-0.030000000000001137,CLOSED,0.0,AUTOIETF-EQ
SELL,2026-07-16T13:12:00+05:30,27.72,-0.0019680389513818722,0.01699673171197582,13,-0.6236469582695796,1.1393805309734513,2026-07-16T15:00:00+05:30,27.76,0.0400000000000027,CLOSED,1.0,AUTOIETF-EQ
BUY,2026-07-16T15:00:00+05:30,27.76,0.0031404178850683796,0.0185292561462499,15,0.38261964687327493,1.9420659500819821,2026-07-16T15:09:00+05:30,27.73,-0.030000000000001137,CLOSED,0.0,AUTOIETF-EQ
SELL,2026-07-16T15:09:00+05:30,27.73,-0.0002460956627654836,0.016499158227686415,15,-0.878696552747317,1.6498447204968945,2026-07-17T09:18:00+05:30,27.86,0.129999999999999,CLOSED,1.0,AUTOIETF-EQ
BUY,2026-07-17T09:18:00+05:30,27.86,0.005723198171874097,0.06436872946806806,9,0.10530058787566379,1.6613048513704798,2026-07-20T09:33:00+05:30,27.86,0.0,CLOSED,0.0,AUTOIETF-EQ
SELL,2026-07-20T09:33:00+05:30,27.86,-0.004953912815196698,0.028303906287138195,9,-0.591439688460251,0.4756613756613757,2026-07-20T10:30:00+05:30,27.94,0.08000000000000185,CLOSED,1.0,AUTOIETF-EQ
BUY,2026-07-20T10:30:00+05:30,27.94,0.002847844643447741,0.010540925533894374,10,0.8235294052183673,0.37489102005231034,2026-07-20T10:42:00+05:30,27.9,-0.0400000000000027,CLOSED,0.0,AUTOIETF-EQ
SELL,2026-07-20T10:42:00+05:30,27.9,-0.0008745428005885431,0.019002923751652568,10,1.168757123236154,0.6591745531019979,2026-07-20T10:44:00+05:30,27.91,0.010000000000001563,CLOSED,1.0,AUTOIETF-EQ
BUY,2026-07-20T10:44:00+05:30,27.91,0.0004201350392637176,0.014491376746189444,10,-0.5498202355549303,0.2709640616086708,2026-07-20T11:13:00+05:30,27.9,-0.010000000000001563,CLOSED,0.0,AUTOIETF-EQ
SELL,2026-07-20T11:13:00+05:30,27.9,-0.00039430324603844665,0.005676462121975103,11,27.34298770067459,2.421879201850159,2026-07-20T14:00:00+05:30,27.91,0.010000000000001563,CLOSED,1.0,AUTOIETF-EQ
BUY,2026-07-20T14:00:00+05:30,27.91,0.005911554696710611,0.014337208778404279,14,10.324041631985338,2.0338461538461536,2026-07-21T10:25:00+05:30,27.86,-0.05000000000000071,CLOSED,0.0,AUTOIETF-EQ
SELL,2026-07-21T10:25:00+05:30,27.86,-0.004284038213732626,0.01837873166945358,10,-0.8266092877772059,0.46018614270941055,2026-07-21T11:49:00+05:30,27.93,0.07000000000000028,CLOSED,1.0,AUTOIETF-EQ
BUY,2026-07-21T11:49:00+05:30,27.93,0.0025217023254910337,0.011547005383792611,11,1.5089285662468115,0.015056118258965233,2026-07-22T14:14:00+05:30,28.2,0.2699999999999996,CLOSED,1.0,AUTOIETF-EQ
SELL,2026-07-22T14:14:00+05:30,28.2,-0.0005067296688112953,0.015055453054181144,14,-0.4959950693284194,2.139364303178484,2026-07-23T09:24:00+05:30,28.31,0.10999999999999943,CLOSED,1.0,AUTOIETF-EQ
BUY,2026-07-23T09:24:00+05:30,28.31,0.009300382134459318,0.04738729318662861,9,-0.9304409898108169,1.621721778791334,2026-07-23T13:16:00+05:30,28.42,0.11000000000000298,CLOSED,1.0,AUTOIETF-EQ
SELL,2026-07-23T13:16:00+05:30,28.42,-0.0001900313232625,0.01646545204697051,13,1.6916010387690217,1.5845928815212091,2026-07-24T12:35:00+05:30,28.23,-0.19000000000000128,CLOSED,0.0,AUTOIETF-EQ
BUY,2026-07-24T12:35:00+05:30,28.23,0.0029372227097396995,0.017029386365926283,12,0.7366482497067238,0.059208200777659946,2026-07-29T11:07:00+05:30,28.82,0.5899999999999999,CLOSED,1.0,AUTOIETF-EQ
SELL,2026-07-29T11:07:00+05:30,28.82,-0.00013160327168738485,0.013984117975602062,11,-0.663889453025864,0.7005743651753326,2026-07-29T14:58:00+05:30,28.84,0.019999999999999574,CLOSED,1.0,AUTOIETF-EQ
BUY,2026-07-29T14:58:00+05:30,28.84,0.002460671995629169,0.008164965809277086,14,0.2175773531639608,1.77007299270073,2026-08-03T13:45:00+05:30,29.9,1.0599999999999987,CLOSED,1.0,AUTOIETF-EQ
SELL,2026-08-03T13:45:00+05:30,29.9,-0.0009618495808625744,0.010749676997732492,13,0.028717056173099817,0.0009063444108761329,2026-08-03T15:02:00+05:30,29.94,0.0400000000000027,CLOSED,1.0,AUTOIETF-EQ
BUY,2026-08-03T15:02:00+05:30,29.94,0.0026095698010185674,0.01837873166945371,15,-0.15438014815016837,0.0420163777083461,2026-08-03T15:09:00+05:30,29.9,-0.0400000000000027,CLOSED,0.0,AUTOIETF-EQ
SELL,2026-08-03T15:09:00+05:30,29.9,-0.0016927154067231964,0.019550504398154287,15,10.010091697201414,2.1956503624697943,2026-08-03T15:22:00+05:30,29.94,0.0400000000000027,CLOSED,1.0,AUTOIETF-EQ
BUY,2026-08-03T15:22:00+05:30,29.94,0.0017042896298402957,0.017919573407621302,15,-0.7673731751499537,1.7008961911874532,2026-08-03T15:25:00+05:30,29.85,-0.08999999999999986,CLOSED,0.0,AUTOIETF-EQ
SELL,2026-08-03T15:25:00+05:30,29.85,-0.0013831653218877064,0.019321835661586368,15,15.697443070330658,2.2635048915355167,2026-08-03T15:28:00+05:30,29.94,0.08999999999999986,CLOSED,1.0,AUTOIETF-EQ
BUY,2026-08-03T15:28:00+05:30,29.94,0.0011511523175816,0.031710495984067076,15,9.77639748179297,0.7135766890810118,2026-08-04T12:14:00+05:30,29.95,0.00999999999999801,CLOSED,1.0,AUTOIETF-EQ
SELL,2026-08-04T12:14:00+05:30,29.95,-0.004837128629535909,0.025055493963954036,12,-0.2490458012890784,0.12134688691232529,2026-08-05T09:18:00+05:30,30.23,0.28000000000000114,CLOSED,1.0,AUTOIETF-EQ
BUY,2026-08-05T09:18:00+05:30,30.23,0.0010797274643879764,0.15144122438901675,9,21.98909434013822,0.4517125924703682,2026-08-05T14:54:00+05:30,30.34,0.10999999999999943,CLOSED,1.0,AUTOIETF-EQ
SELL,2026-08-05T14:54:00+05:30,30.34,-0.0007217596598705089,0.014337208778405107,14,-0.7213011538713004,1.0024472891566265,2026-08-05T15:03:00+05:30,30.37,0.030000000000001137,CLOSED,1.0,AUTOIETF-EQ
BUY,2026-08-05T15:03:00+05:30,30.37,0.0021148084611318364,0.026161889160464854,15,1.3929359806316706,0.7895141451414514,2026-08-06T09:19:00+05:30,30.27,-0.10000000000000142,CLOSED,0.0,AUTOIETF-EQ
SELL,2026-08-06T09:19:00+05:30,30.27,-0.008994450246322543,0.03979112128771105,9,3.06251784039275,0.5257887709929028,2026-08-06T10:30:00+05:30,30.38,0.10999999999999943,CLOSED,1.0,AUTOIETF-EQ
BUY,2026-08-06T10:30:00+05:30,30.38,0.0017036980302903679,0.012516655570345316,10,0.9818181754427391,0.0163826998689384,2026-08-06T10:58:00+05:30,30.33,-0.05000000000000071,CLOSED,0.0,AUTOIETF-EQ
SELL,2026-08-06T10:58:00+05:30,30.33,-0.0019487722673702166,0.013165611772088165,10,-0.806351504911981,0.6456997863247864,2026-08-07T09:17:00+05:30,30.41,0.08000000000000185,CLOSED,1.0,AUTOIETF-EQ
BUY,2026-08-07T09:17:00+05:30,30.41,0.0005846989694667071,0.08837420438114305,9,1.5712052107027978,1.9838856795378534,,,,OPEN,,AUTOIETF-EQ
BUY,2026-06-24T13:03:00+05:30,173.93,0.018324667158622195,0.1658680868106387,13,-0.11548411113665107,1.2240784556192552,2026-06-25T09:33:00+05:30,173.26,-0.6700000000000159,CLOSED,0.0,WIPRO-EQ
SELL,2026-06-25T09:33:00+05:30,173.26,-0.02111796993039238,0.3701110944327689,9,0.6146599136252596,1.389520577319282,2026-06-25T10:15:00+05:30,174.53,1.2700000000000102,CLOSED,1.0,WIPRO-EQ
BUY,2026-06-25T10:15:00+05:30,174.53,0.003275683902714489,0.11155965021259094,10,-0.30018702159057414,1.316306204765044,2026-06-25T13:09:00+05:30,174.46,-0.06999999999999318,CLOSED,0.0,WIPRO-EQ
SELL,2026-06-25T13:09:00+05:30,174.46,-0.0004268003297955216,0.05561774297230201,13,0.8603373026100363,0.32245264438394255,2026-06-25T13:22:00+05:30,174.62,0.1599999999999966,CLOSED,1.0,WIPRO-EQ
BUY,2026-06-25T13:22:00+05:30,174.62,7.298160983593098e-05,0.138740365030828,13,0.8064656620082334,0.8942778615858321,2026-06-29T10:17:00+05:30,174.79,0.1699999999999875,CLOSED,1.0,WIPRO-EQ
SELL,2026-06-29T10:17:00+05:30,174.79,-0.0037512015127776914,0.07254117604658983,10,0.349675880523944,0.9102921326387347,2026-06-29T10:25:00+05:30,175.37,0.5800000000000125,CLOSED,1.0,WIPRO-EQ
BUY,2026-06-29T10:25:00+05:30,175.37,0.005854672926048092,0.23083423585864696,10,0.31721925036577286,1.1359383072117473,2026-06-29T10:39:00+05:30,174.83,-0.539999999999992,CLOSED,0.0,WIPRO-EQ
SELL,2026-06-29T10:39:00+05:30,174.83,-0.0045737012376036714,0.2048332655275173,10,0.20042547012554446,1.081703591129715,2026-06-29T10:58:00+05:30,175.16,0.3299999999999841,CLOSED,1.0,WIPRO-EQ
BUY,2026-06-29T10:58:00+05:30,175.16,0.00021650129574220654,0.08395766128763588,10,-0.2822307271651972,1.235226434459091,2026-06-29T12:50:00+05:30,175.25,0.09000000000000341,CLOSED,1.0,WIPRO-EQ
SELL,2026-06-29T12:50:00+05:30,175.25,-0.0008058758737444043,0.03596294389136187,12,-0.3823170417068233,1.2713957695519065,2026-06-29T15:05:00+05:30,175.7,0.44999999999998863,CLOSED,1.0,WIPRO-EQ
BUY,2026-06-29T15:05:00+05:30,175.7,0.01072806798716033,0.31684030327244617,15,3.296690566043601,0.651076430947905,2026-06-30T09:19:00+05:30,174.24,-1.4599999999999795,CLOSED,0.0,WIPRO-EQ
SELL,2026-06-30T09:19:00+05:30,174.24,-0.0018391698527462459,0.4842634728235359,9,-0.5940013961041107,0.6640268294826288,2026-07-01T14:44:00+05:30,171.66,-2.5800000000000125,CLOSED,0.0,WIPRO-EQ
BUY,2026-07-01T14:44:00+05:30,171.66,0.013080142818728109,0.5714513685928679,14,1.2786105295975572,1.0320732732026596,2026-07-01T15:23:00+05:30,169.74,-1.9199999999999875,CLOSED,0.0,WIPRO-EQ
SELL,2026-07-01T15:23:00+05:30,169.74,-0.013442682383290029,0.11049886877249437,15,0.6901231904071484,1.363926157156926,2026-07-02T09:17:00+05:30,171.45,1.7099999999999795,CLOSED,1.0,WIPRO-EQ
BUY,2026-07-02T09:17:00+05:30,171.45,0.024133609875777968,0.9130346226853744,9,4.444759516935807,2.2143096956691664,2026-07-03T12:37:00+05:30,176.15,4.700000000000017,CLOSED,1.0,WIPRO-EQ
SELL,2026-07-03T12:37:00+05:30,176.15,-0.0003136198026887965,0.11059937713306331,12,-0.6250222584103983,0.9133354092872991,2026-07-03T15:09:00+05:30,176.22,0.06999999999999318,CLOSED,1.0,WIPRO-EQ
BUY,2026-07-03T15:09:00+05:30,176.22,0.011149810228511883,0.10439774369635776,15,-0.339441592511928,1.0113975012365852,2026-07-06T09:20:00+05:30,174.93,-1.289999999999992,CLOSED,0.0,WIPRO-EQ
SELL,2026-07-06T09:20:00+05:30,174.93,-0.0033294700459307984,0.28721072403377057,9,0.02964582691684999,0.8228694946449473,2026-07-06T15:06:00+05:30,174.52,-0.4099999999999966,CLOSED,0.0,WIPRO-EQ
BUY,2026-07-06T15:06:00+05:30,174.52,0.001226383633452959,0.14760683513231887,15,2.261140845365678,0.7094899992101175,2026-07-07T12:36:00+05:30,174.39,-0.13000000000002387,CLOSED,0.0,WIPRO-EQ
SELL,2026-07-07T12:36:00+05:30,174.39,-0.006980671498663208,0.16686654681045615,12,2.0795773101626174,0.45778633537422775,2026-07-08T09:34:00+05:30,174.8,0.410000000000025,CLOSED,1.0,WIPRO-EQ
BUY,2026-07-08T09:34:00+05:30,174.8,0.019247592886231235,0.19420493185178744,9,-0.4561109278729284,0.7502455878107889,2026-07-08T13:59:00+05:30,174.11,-0.6899999999999977,CLOSED,0.0,WIPRO-EQ
SELL,2026-07-08T13:59:00+05:30,174.11,-0.004694740929816446,0.16277114131333045,13,0.4434654708361088,0.6194360358479594,2026-07-09T11:54:00+05:30,173.62,-0.4900000000000091,CLOSED,0.0,WIPRO-EQ
BUY,2026-07-09T11:54:00+05:30,173.62,0.0030941666814198773,0.07177124153246695,11,-0.7768614566179273,1.3878561051879938,2026-07-09T14:41:00+05:30,173.5,-0.12000000000000455,CLOSED,0.0,WIPRO-EQ
SELL,2026-07-09T14:41:00+05:30,173.5,-0.00039030674294552133,0.1588010635284834,14,0.6443730774127779,0.9339998352863664,2026-07-10T09:17:00+05:30,176.79,3.289999999999992,CLOSED,1.0,WIPRO-EQ
BUY,2026-07-10T09:17:00+05:30,176.79,0.017774420823282743,1.725912319132502,9,1.9923766237684895,2.05985242237363,2026-07-10T15:24:00+05:30,175.39,-1.4000000000000057,CLOSED,0.0,WIPRO-EQ
SELL,2026-07-10T15:24:00+05:30,175.39,-0.0030012655183419257,0.09897249898611059,15,0.25021147480403855,0.7855098070940555,2026-07-13T09:52:00+05:30,175.95,0.5600000000000023,CLOSED,1.0,WIPRO-EQ
BUY,2026-07-13T09:52:00+05:30,175.95,0.004548728352151692,0.20812389472513,9,-0.2789453481085487,0.7484944268840459,2026-07-14T10:16:00+05:30,178.34,2.390000000000015,CLOSED,1.0,WIPRO-EQ
SELL,2026-07-14T10:16:00+05:30,178.34,-0.001709999605580225,0.1949244868033679,10,0.47840522271109304,1.0953212835266253,2026-07-14T10:31:00+05:30,178.95,0.6099999999999852,CLOSED,1.0,WIPRO-EQ
BUY,2026-07-14T10:31:00+05:30,178.95,0.0012268361316615307,0.27244571324699896,10,2.225351706481683,1.7103775439976403,2026-07-14T10:49:00+05:30,178.17,-0.7800000000000011,CLOSED,0.0,WIPRO-EQ
SELL,2026-07-14T10:49:00+05:30,178.17,-0.004037068496889897,0.2658236675358759,10,1.194553547981229,1.5783111904255485,2026-07-16T09:21:00+05:30,176.82,-1.3499999999999943,CLOSED,0.0,WIPRO-EQ
BUY,2026-07-16T09:21:00+05:30,176.82,0.02538799763263734,1.3084256867616797,9,0.9113808524115563,0.8508776467342575,2026-07-17T09:17:00+05:30,174.61,-2.2099999999999795,CLOSED,0.0,WIPRO-EQ
SELL,2026-07-17T09:17:00+05:30,174.61,-0.04048361000446667,1.2383362494357781,9,3.6545805328467456,2.151586927039338,2026-07-17T14:02:00+05:30,175.65,1.039999999999992,CLOSED,1.0,WIPRO-EQ
BUY,2026-07-17T14:02:00+05:30,175.65,0.0011283090949854547,0.08834276679188151,14,-0.3939117475280948,0.877665790925325,2026-07-20T13:41:00+05:30,176.19,0.539999999999992,CLOSED,1.0,WIPRO-EQ
SELL,2026-07-20T13:41:00+05:30,176.19,-0.0012293865660439574,0.0428044649799813,13,-0.646399050213272,0.531887030609025,2026-07-20T13:50:00+05:30,176.36,0.17000000000001592,CLOSED,1.0,WIPRO-EQ
BUY,2026-07-20T13:50:00+05:30,176.36,9.818822911852022e-05,0.05337498373666475,13,-0.16625105989820244,0.6374901681804747,2026-07-20T13:51:00+05:30,176.25,-0.11000000000001364,CLOSED,0.0,WIPRO-EQ
SELL,2026-07-20T13:51:00+05:30,176.25,-0.0008655455341939199,0.05811865258054651,13,-0.505856881132622,0.901390995393776,2026-07-20T14:03:00+05:30,176.33,0.0800000000000125,CLOSED,1.0,WIPRO-EQ
BUY,2026-07-20T14:03:00+05:30,176.33,0.0006516439031419747,0.037653389990515485,14,0.6536903507399245,1.1889131127060726,2026-07-20T14:13:00+05:30,176.19,-0.14000000000001478,CLOSED,0.0,WIPRO-EQ
SELL,2026-07-20T14:13:00+05:30,176.19,-0.0013072841360090835,0.042110964526274684,14,-0.26172676343983126,0.9780241800814908,2026-07-20T14:43:00+05:30,176.54,0.3499999999999943,CLOSED,1.0,WIPRO-EQ
BUY,2026-07-20T14:43:00+05:30,176.54,0.005291489520365144,0.09944289260116966,14,0.8911482016786928,1.4990436505225766,2026-07-21T09:54:00+05:30,175.8,-0.7399999999999807,CLOSED,0.0,WIPRO-EQ
SELL,2026-07-21T09:54:00+05:30,175.8,-0.00403936827723186,0.24454947238635447,9,-0.564361526735246,0.5565842230932108,2026-07-22T11:44:00+05:30,174.7,-1.1000000000000227,CLOSED,0.0,WIPRO-EQ
BUY,2026-07-22T11:44:00+05:30,174.7,0.0015727283753808757,0.06815016100086736,11,-0.3776806200088815,0.874920164895779,2026-07-22T12:21:00+05:30,174.32,-0.37999999999999545,CLOSED,0.0,WIPRO-EQ
SELL,2026-07-22T12:21:00+05:30,174.32,-0.0015850043390811606,0.09094564921485226,12,0.023523862862434863,0.7983641024164051,2026-07-22T15:13:00+05:30,174.58,0.2600000000000193,CLOSED,1.0,WIPRO-EQ
BUY,2026-07-22T15:13:00+05:30,174.58,0.003588335334278581,0.07465476095556799,15,0.2135354126407105,0.8438864174946992,2026-07-23T09:19:00+05:30,174.3,-0.28000000000000114,CLOSED,0.0,WIPRO-EQ
SELL,2026-07-23T09:19:00+05:30,174.3,-0.0005467726645601924,0.20992326640412612,9,0.9342181882706775,0.8542932993628038,2026-07-23T09:50:00+05:30,175.17,0.8699999999999761,CLOSED,1.0,WIPRO-EQ
BUY,2026-07-23T09:50:00+05:30,175.17,0.01340569852549283,0.22460088057609207,9,-0.45161589572048316,0.6646965948418656,2026-07-23T11:10:00+05:30,174.33,-0.839999999999975,CLOSED,0.0,WIPRO-EQ
SELL,2026-07-23T11:10:00+05:30,174.33,-0.0020744512125517264,0.05892556509888218,11,-0.23844911569669994,1.2155615323609532,2026-07-23T12:02:00+05:30,174.71,0.37999999999999545,CLOSED,1.0,WIPRO-EQ
BUY,2026-07-23T12:02:00+05:30,174.71,0.006232393718306914,0.10996969279457373,12,-0.31754157583718196,1.3797981096894492,2026-07-23T13:05:00+05:30,174.08,-0.6299999999999955,CLOSED,0.0,WIPRO-EQ
SELL,2026-07-23T13:05:00+05:30,174.08,-0.006185360696246444,0.08590045918904961,13,1.9182116744575135,0.6281993102196406,2026-07-23T13:48:00+05:30,174.78,0.6999999999999886,CLOSED,1.0,WIPRO-EQ
BUY,2026-07-23T13:48:00+05:30,174.78,9.941408955988468e-05,0.08124722217474009,13,-0.5212746874664821,0.6868895033335056,2026-07-24T09:39:00+05:30,173.74,-1.039999999999992,CLOSED,0.0,WIPRO-EQ
SELL,2026-07-24T09:39:00+05:30,173.74,-0.004711305674888298,0.4272600041088708,9,1.8475829417117686,1.6763336309401748,2026-07-24T11:43:00+05:30,174.78,1.039999999999992,CLOSED,1.0,WIPRO-EQ
BUY,2026-07-24T11:43:00+05:30,174.78,0.011967949957868854,0.22040367006422396,11,-0.5784066679388861,0.37364532019704433,2026-07-27T09:46:00+05:30,176.04,1.259999999999991,CLOSED,1.0,WIPRO-EQ
SELL,2026-07-27T09:46:00+05:30,176.04,-0.0026507638185081393,0.22760833806246009,9,-0.124373593040799,0.9885149428593687,2026-07-27T11:12:00+05:30,176.59,0.5500000000000114,CLOSED,1.0,WIPRO-EQ
BUY,2026-07-27T11:12:00+05:30,176.59,0.0051040333138700576,0.0757554545157585,11,-0.4422114357808929,1.4391944176701374,2026-07-27T12:44:00+05:30,176.5,-0.09000000000000341,CLOSED,0.0,WIPRO-EQ
SELL,2026-07-27T12:44:00+05:30,176.5,-0.0007355806652831321,0.08669230390037652,12,-0.5113208896334362,1.0502034186032898,2026-07-27T13:19:00+05:30,176.9,0.4000000000000057,CLOSED,1.0,WIPRO-EQ
BUY,2026-07-27T13:19:00+05:30,176.9,0.005812464148835601,0.14284412639113037,13,1.5055173465527252,1.1214132344329495,2026-07-29T14:42:00+05:30,183.6,6.699999999999989,CLOSED,1.0,WIPRO-EQ
SELL,2026-07-29T14:42:00+05:30,183.6,-0.001994284600929139,0.2058829225015434,14,0.6236915234141267,0.7271523919609232,2026-07-30T09:17:00+05:30,186.03,2.430000000000007,CLOSED,1.0,WIPRO-EQ
BUY,2026-07-30T09:17:00+05:30,186.03,0.019201479011078045,0.9645200303202072,9,1.0187501324353267,1.5970872155762794,2026-07-30T13:48:00+05:30,187.8,1.7700000000000102,CLOSED,1.0,WIPRO-EQ
SELL,2026-07-30T13:48:00+05:30,187.8,-0.001242129237145438,0.05906681715555996,13,-0.26793310213289784,0.7675269720517428,2026-07-31T12:30:00+05:30,184.84,-2.960000000000008,CLOSED,0.0,WIPRO-EQ
BUY,2026-07-31T12:30:00+05:30,184.84,0.004137445163480245,0.11867790208983817,12,-0.35297731510093705,1.0393714124849105,2026-07-31T13:38:00+05:30,184.17,-0.6700000000000159,CLOSED,0.0,WIPRO-EQ
SELL,2026-07-31T13:38:00+05:30,184.17,-0.006082999859223291,0.1826228657948158,13,0.15219185511569516,0.7414253845456645,2026-07-31T14:52:00+05:30,184.65,0.4800000000000182,CLOSED,1.0,WIPRO-EQ
BUY,2026-07-31T14:52:00+05:30,184.65,0.002089713817395436,0.14768209099278023,14,-0.04834448749204947,1.0081043151044076,2026-07-31T14:58:00+05:30,183.71,-0.9399999999999977,CLOSED,0.0,WIPRO-EQ
SELL,2026-07-31T14:58:00+05:30,183.71,-0.0043849375666507396,0.06992058987800749,14,0.3634160806266698,0.7263677263801547,2026-08-03T09:36:00+05:30,184.74,1.0300000000000011,CLOSED,1.0,WIPRO-EQ
BUY,2026-08-03T09:36:00+05:30,184.74,0.004700813819770732,0.14391355429948768,9,-0.08484007473975873,0.7349732518628613,2026-08-04T12:12:00+05:30,187.55,2.8100000000000023,CLOSED,1.0,WIPRO-EQ
SELL,2026-08-04T12:12:00+05:30,187.55,-0.001051843442993036,0.08111035007253528,12,-0.16299444505820598,1.056077680281502,2026-08-04T12:18:00+05:30,187.78,0.22999999999998977,CLOSED,1.0,WIPRO-EQ
BUY,2026-08-04T12:18:00+05:30,187.78,0.0004069196349991686,0.1426884718538915,12,1.023250883301833,0.7059712179957386,2026-08-04T12:24:00+05:30,187.6,-0.18000000000000682,CLOSED,0.0,WIPRO-EQ
SELL,2026-08-04T12:24:00+05:30,187.6,-0.000857972717624088,0.07647802879839603,12,0.31724615116662364,0.509170496826439,2026-08-04T12:26:00+05:30,187.74,0.14000000000001478,CLOSED,1.0,WIPRO-EQ
BUY,2026-08-04T12:26:00+05:30,187.74,0.0006321164267483885,0.07842901957254476,12,-0.5278431130409629,1.0200731715284355,2026-08-04T15:28:00+05:30,186.3,-1.4399999999999977,CLOSED,0.0,WIPRO-EQ
SELL,2026-08-04T15:28:00+05:30,186.3,-0.012224852188627783,0.10123679612121672,15,0.8833497395851424,0.3656947481313085,2026-08-05T09:23:00+05:30,188.25,1.9499999999999886,CLOSED,1.0,WIPRO-EQ
BUY,2026-08-05T09:23:00+05:30,188.25,0.0036467852026117256,0.5590080500314799,9,-0.8492158696880826,1.055911160996993,2026-08-05T09:37:00+05:30,187.65,-0.5999999999999943,CLOSED,0.0,WIPRO-EQ
SELL,2026-08-05T09:37:00+05:30,187.65,-0.004308552199051065,0.0837721778263973,9,-0.2433716740294618,1.0911526570450165,2026-08-06T09:16:00+05:30,188.06,0.4099999999999966,CLOSED,1.0,WIPRO-EQ
BUY,2026-08-06T09:16:00+05:30,188.06,0.001401568412187734,0.31082149217838556,9,1.6775967305451684,1.8594233128394229,2026-08-06T09:33:00+05:30,186.15,-1.9099999999999966,CLOSED,0.0,WIPRO-EQ
SELL,2026-08-06T09:33:00+05:30,186.15,-0.0027227949968594185,0.32202311856276594,9,-0.0774537530697423,0.6817884855063723,2026-08-07T09:17:00+05:30,186.85,0.6999999999999886,CLOSED,1.0,WIPRO-EQ
BUY,2026-08-07T09:17:00+05:30,186.85,0.011610684324830891,0.6015914080355723,9,0.6421900348706737,1.0124647028354694,2026-08-07T11:04:00+05:30,186.33,-0.5199999999999818,CLOSED,0.0,WIPRO-EQ
SELL,2026-08-07T11:04:00+05:30,186.33,-0.007230593869689027,0.09723396754449906,11,0.15901798371278042,0.9256695853721348,2026-08-07T11:27:00+05:30,186.88,0.549999999999983,CLOSED,1.0,WIPRO-EQ
BUY,2026-08-07T11:27:00+05:30,186.88,0.0047033606723938855,0.06720615051218624,11,-0.6403139686260872,1.4379532083732387,2026-08-07T15:13:00+05:30,186.67,-0.21000000000000796,CLOSED,0.0,WIPRO-EQ
SELL,2026-08-07T15:13:00+05:30,186.67,-0.0010655722725993802,0.06756889488186303,15,1.3106499384267252,1.2114291411925664,,,,OPEN,,WIPRO-EQ
SELL,2026-06-24T11:33:00+05:30,32.83,-0.0011624138206791437,0.0695141872010482,11,-0.6504678622716964,1.144756878078183,2026-06-24T12:34:00+05:30,33.43,0.6000000000000014,CLOSED,1.0,VOGL-EQ
BUY,2026-06-24T12:34:00+05:30,33.43,0.047587564541371724,0.09562077877393288,12,0.9570609195574606,0.2947955471972338,2026-06-25T12:58:00+05:30,33.52,0.09000000000000341,CLOSED,1.0,VOGL-EQ
SELL,2026-06-25T12:58:00+05:30,33.52,-0.06587783059631878,0.10532489417670007,12,-0.3672184435142695,1.0550572853636744,2026-06-25T13:55:00+05:30,34.4,0.8799999999999955,CLOSED,1.0,VOGL-EQ
BUY,2026-06-25T13:55:00+05:30,34.4,0.04087757320303825,0.09140872800534633,13,-0.6004305310044977,0.6044447802309565,2026-06-25T14:06:00+05:30,33.79,-0.6099999999999994,CLOSED,0.0,VOGL-EQ
SELL,2026-06-25T14:06:00+05:30,33.79,-0.00835923207840068,0.18245547402037535,14,-0.5454111872651524,0.9658066669845963,2026-06-25T14:10:00+05:30,34.0,0.21000000000000085,CLOSED,1.0,VOGL-EQ
BUY,2026-06-25T14:10:00+05:30,34.0,0.002653317372209031,0.11017158334968938,14,-0.47221713122210396,0.8342014710989046,2026-06-25T14:11:00+05:30,33.92,-0.0799999999999983,CLOSED,0.0,VOGL-EQ
SELL,2026-06-25T14:11:00+05:30,33.92,-0.004266620354888067,0.10916348595875128,14,-0.3531689636914889,0.8893419054219444,2026-06-29T10:29:00+05:30,33.7,-0.21999999999999886,CLOSED,0.0,VOGL-EQ
BUY,2026-06-29T10:29:00+05:30,33.7,0.016667323415108327,0.06979334575094626,10,-0.000934133082341776,0.9306829765545361,2026-06-29T10:51:00+05:30,33.4,-0.30000000000000426,CLOSED,0.0,VOGL-EQ
SELL,2026-06-29T10:51:00+05:30,33.4,-0.005859618022503258,0.051305187088853024,10,-0.15115745843839762,0.822182339526983,2026-06-29T13:58:00+05:30,33.52,0.12000000000000455,CLOSED,1.0,VOGL-EQ
BUY,2026-06-29T13:58:00+05:30,33.52,0.03926996594697454,0.12447668233225274,13,0.939828123775959,1.4374990198692115,2026-06-29T14:21:00+05:30,32.99,-0.5300000000000011,CLOSED,0.0,VOGL-EQ
SELL,2026-06-29T14:21:00+05:30,32.99,-0.016397640920494547,0.07930251502246993,14,-0.07683789678355696,0.7173696941581895,2026-06-29T15:27:00+05:30,33.34,0.3500000000000014,CLOSED,1.0,VOGL-EQ
BUY,2026-06-29T15:27:00+05:30,33.34,0.025625678315284808,0.07071853442423093,15,1.3515449818266863,0.479798469346028,2026-06-30T09:47:00+05:30,33.01,-0.3300000000000054,CLOSED,0.0,VOGL-EQ
SELL,2026-06-30T09:47:00+05:30,33.01,-0.006549384218105379,0.2716390579018012,9,0.6052956265318324,0.713919577152836,2026-06-30T10:08:00+05:30,33.43,0.4200000000000017,CLOSED,1.0,VOGL-EQ
BUY,2026-06-30T10:08:00+05:30,33.43,0.014076564172909223,0.16906277598046948,10,1.001301891206728,0.46393432906590804,2026-06-30T10:27:00+05:30,32.9,-0.5300000000000011,CLOSED,0.0,VOGL-EQ
SELL,2026-06-30T10:27:00+05:30,32.9,-0.03207391813122098,0.14416425816870634,10,0.14760542327416748,0.6455874603537588,2026-06-30T10:47:00+05:30,33.78,0.8800000000000026,CLOSED,1.0,VOGL-EQ
BUY,2026-06-30T10:47:00+05:30,33.78,0.06858065765313898,0.20829733022239613,10,0.5337369407184466,1.2977574001353094,2026-06-30T11:26:00+05:30,33.05,-0.730000000000004,CLOSED,0.0,VOGL-EQ
SELL,2026-06-30T11:26:00+05:30,33.05,-0.01154069413452852,0.11867790208983521,11,-0.09552345167012831,1.0860745025009253,2026-07-01T09:17:00+05:30,32.91,-0.14000000000000057,CLOSED,0.0,VOGL-EQ
BUY,2026-07-01T09:17:00+05:30,32.91,0.019117340944652,0.20787015177749818,9,1.1134873040486148,1.5838946027502527,2026-07-03T09:49:00+05:30,42.54,9.630000000000003,CLOSED,1.0,VOGL-EQ
SELL,2026-07-03T09:49:00+05:30,42.54,-0.02141771294733937,0.4355277768919495,9,-0.12058598153314583,0.6818278553893826,2026-07-03T11:31:00+05:30,43.63,1.0900000000000034,CLOSED,1.0,VOGL-EQ
BUY,2026-07-03T11:31:00+05:30,43.63,0.023968833179733914,0.20222374846798885,11,-0.1278450531816011,0.809949104944793,2026-07-03T11:37:00+05:30,42.88,-0.75,CLOSED,0.0,VOGL-EQ
SELL,2026-07-03T11:37:00+05:30,42.88,-0.0277495429133563,0.20924467336908073,11,-0.2416027731813075,1.3683004623981545,2026-07-03T15:21:00+05:30,43.23,0.3499999999999943,CLOSED,1.0,VOGL-EQ
BUY,2026-07-03T15:21:00+05:30,43.23,0.0865466231458764,0.3057304549944466,15,0.14015769829966063,0.9456848350260461,2026-07-06T09:18:00+05:30,40.51,-2.719999999999999,CLOSED,0.0,VOGL-EQ
SELL,2026-07-06T09:18:00+05:30,40.51,-0.1434632702050147,1.106797683007654,9,1.9152664786532403,1.327373487059097,2026-07-08T09:20:00+05:30,37.94,-2.5700000000000003,CLOSED,0.0,VOGL-EQ
BUY,2026-07-08T09:20:00+05:30,37.94,0.03980360213799343,0.9758847837276252,9,5.852082904752773,0.8320319268135606,2026-07-08T10:33:00+05:30,36.19,-1.75,CLOSED,0.0,VOGL-EQ
SELL,2026-07-08T10:33:00+05:30,36.19,-0.0077824534815278444,0.15529183995160736,10,0.3728034854390844,0.5746470306273069,2026-07-08T10:45:00+05:30,36.87,0.6799999999999997,CLOSED,1.0,VOGL-EQ
BUY,2026-07-08T10:45:00+05:30,36.87,0.034339334508375126,0.12420413304985617,10,0.5488671088172499,0.8282947361598091,2026-07-08T14:06:00+05:30,36.42,-0.44999999999999574,CLOSED,0.0,VOGL-EQ
SELL,2026-07-08T14:06:00+05:30,36.42,-0.0528314330707849,0.195507885603965,14,1.070250935595073,1.6065103168863841,2026-07-09T09:27:00+05:30,37.33,0.9099999999999966,CLOSED,1.0,VOGL-EQ
BUY,2026-07-09T09:27:00+05:30,37.33,0.061705430539095774,0.17590717248973547,9,-0.455630630307371,1.2699235216594604,2026-07-09T15:03:00+05:30,37.8,0.46999999999999886,CLOSED,1.0,VOGL-EQ
SELL,2026-07-09T15:03:00+05:30,37.8,-0.052519888576164894,0.059292120518291705,15,0.39112565418903883,0.7384338800524284,2026-07-10T09:20:00+05:30,39.33,1.5300000000000011,CLOSED,1.0,VOGL-EQ
BUY,2026-07-10T09:20:00+05:30,39.33,0.05298093774966396,0.5031070131360391,9,2.9224950443610407,0.8512803016534549,2026-07-10T12:31:00+05:30,38.88,-0.44999999999999574,CLOSED,0.0,VOGL-EQ
SELL,2026-07-10T12:31:00+05:30,38.88,-0.0031781753044193687,0.02043961295567424,12,-0.11666375142127153,0.5801133335614997,2026-07-13T09:20:00+05:30,39.37,0.4899999999999949,CLOSED,1.0,VOGL-EQ
BUY,2026-07-13T09:20:00+05:30,39.37,0.02458884527862905,0.20826265467753247,9,1.2392660072638528,0.9934722510030664,2026-07-13T11:24:00+05:30,38.92,-0.44999999999999574,CLOSED,0.0,VOGL-EQ
SELL,2026-07-13T11:24:00+05:30,38.92,-0.0036525750799594045,0.12841339493993667,11,2.930425815788199,0.33742640477182584,2026-07-13T15:05:00+05:30,39.11,0.18999999999999773,CLOSED,1.0,VOGL-EQ
BUY,2026-07-13T15:05:00+05:30,39.11,0.0016825405464938584,0.09787179823058846,15,0.8280229716800251,1.6682418731804571,2026-07-13T15:29:00+05:30,38.87,-0.240000000000002,CLOSED,0.0,VOGL-EQ
SELL,2026-07-13T15:29:00+05:30,38.87,-0.0021262826050813194,0.033482997343593626,15,1.3936901475531331,1.153833285519743,2026-07-16T10:54:00+05:30,36.83,-2.039999999999999,CLOSED,0.0,VOGL-EQ
BUY,2026-07-16T10:54:00+05:30,36.83,0.005770037964512444,0.08932462644136205,10,1.9115468590475417,0.49318654104319787,2026-07-16T11:53:00+05:30,36.57,-0.259999999999998,CLOSED,0.0,VOGL-EQ
SELL,2026-07-16T11:53:00+05:30,36.57,-0.005334011277264078,0.08870049480007196,11,0.8175755442391753,1.0453694801622597,2026-07-16T12:38:00+05:30,37.04,0.46999999999999886,CLOSED,1.0,VOGL-EQ
BUY,2026-07-16T12:38:00+05:30,37.04,0.010390684177121436,0.1722917422410141,12,1.6407696197574855,1.0274581147402269,2026-07-16T13:37:00+05:30,36.59,-0.44999999999999574,CLOSED,0.0,VOGL-EQ
SELL,2026-07-16T13:37:00+05:30,36.59,-0.012469701458924932,0.029981475762358174,13,-0.06219540844478497,1.343713356784991,2026-07-17T14:43:00+05:30,35.54,-1.0500000000000043,CLOSED,0.0,VOGL-EQ
BUY,2026-07-17T14:43:00+05:30,35.54,0.00038826040617499574,0.02913569784454938,14,-0.5244018534064406,1.568126865473354,2026-07-20T11:44:00+05:30,35.69,0.14999999999999858,CLOSED,1.0,VOGL-EQ
SELL,2026-07-20T11:44:00+05:30,35.69,-0.0008537954971417913,0.025144029554194394,11,-0.22100751497215668,0.3915627794434801,2026-07-20T13:53:00+05:30,35.68,-0.00999999999999801,CLOSED,0.0,VOGL-EQ
BUY,2026-07-20T13:53:00+05:30,35.68,0.007167272901709414,0.052704627669474036,13,1.758828840572661,0.4943108786136017,2026-07-20T15:21:00+05:30,35.38,-0.29999999999999716,CLOSED,0.0,VOGL-EQ
SELL,2026-07-20T15:21:00+05:30,35.38,-0.007594215550414216,0.033928028399998034,15,-0.10262104079636274,1.6876436573345481,2026-07-21T13:36:00+05:30,35.1,-0.28000000000000114,CLOSED,0.0,VOGL-EQ
BUY,2026-07-21T13:36:00+05:30,35.1,0.009369121818573549,0.11140017953306852,13,-0.8546492890137092,0.2891731947710189,2026-07-21T14:22:00+05:30,34.87,-0.23000000000000398,CLOSED,0.0,VOGL-EQ
SELL,2026-07-21T14:22:00+05:30,34.87,-0.006179277088706034,0.05739725119240999,14,2.66157976350913,1.2094298557822354,2026-07-23T09:23:00+05:30,33.57,-1.2999999999999972,CLOSED,0.0,VOGL-EQ
BUY,2026-07-23T09:23:00+05:30,33.57,0.009746963436520352,0.22832725052724961,9,0.08454984797512743,0.7055093278462019,2026-07-23T11:32:00+05:30,33.36,-0.21000000000000085,CLOSED,0.0,VOGL-EQ
SELL,2026-07-23T11:32:00+05:30,33.36,-0.010393607637291339,0.09060905032059523,11,0.9417393088233309,0.4762187103083166,2026-07-24T11:40:00+05:30,32.92,-0.4399999999999977,CLOSED,0.0,VOGL-EQ
BUY,2026-07-24T11:40:00+05:30,32.92,0.023248612395799506,0.05034326612809739,11,-0.5954258015907259,0.9115368725469944,2026-07-27T14:19:00+05:30,34.41,1.4899999999999949,CLOSED,1.0,VOGL-EQ
SELL,2026-07-27T14:19:00+05:30,34.41,-0.000563045624191538,0.022135943621178565,14,0.515548033120372,0.24471067569336938,2026-07-27T14:20:00+05:30,34.56,0.15000000000000568,CLOSED,1.0,VOGL-EQ
BUY,2026-07-27T14:20:00+05:30,34.56,0.006336080729468715,0.03922867431980025,14,1.3627365830093212,1.6957646329042189,2026-07-27T14:22:00+05:30,34.45,-0.10999999999999943,CLOSED,0.0,VOGL-EQ
SELL,2026-07-27T14:22:00+05:30,34.45,-0.004569925294492602,0.04452215428550507,14,1.1742064656099382,1.27808605957645,2026-07-27T14:28:00+05:30,34.62,0.1699999999999946,CLOSED,1.0,VOGL-EQ
BUY,2026-07-27T14:28:00+05:30,34.62,0.006791444767637214,0.041646661864362305,14,-0.7600777424259089,1.1580972798200604,2026-07-28T09:42:00+05:30,34.42,-0.19999999999999574,CLOSED,0.0,VOGL-EQ
SELL,2026-07-28T09:42:00+05:30,34.42,-0.009713779373269473,0.06851601597031341,9,0.22752829639494557,1.2238985915199554,2026-07-29T09:40:00+05:30,34.44,0.01999999999999602,CLOSED,1.0,VOGL-EQ
BUY,2026-07-29T09:40:00+05:30,34.44,0.013197691320470972,0.14974051630144167,9,-0.15794590655251223,0.321632078236531,2026-07-29T11:05:00+05:30,34.1,-0.3399999999999963,CLOSED,0.0,VOGL-EQ
SELL,2026-07-29T11:05:00+05:30,34.1,-0.025816327673299232,0.0972739544905127,11,3.9436954718553543,1.938350465050705,2026-07-29T14:04:00+05:30,34.24,0.14000000000000057,CLOSED,1.0,VOGL-EQ
BUY,2026-07-29T14:04:00+05:30,34.24,0.012482887309419918,0.025407785333546515,14,-0.3808252278759849,0.2806755802564745,2026-07-30T09:40:00+05:30,33.86,-0.38000000000000256,CLOSED,0.0,VOGL-EQ
SELL,2026-07-30T09:40:00+05:30,33.86,-0.031552986373998795,0.15846836347429757,9,0.1465802631077168,1.020998495215231,2026-07-30T15:14:00+05:30,33.74,-0.11999999999999744,CLOSED,0.0,VOGL-EQ
BUY,2026-07-30T15:14:00+05:30,33.74,0.008880444232161475,0.05641118880348343,15,1.5185019777707156,1.4333333333333333,2026-07-31T09:15:00+05:30,32.85,-0.8900000000000006,CLOSED,0.0,VOGL-EQ
SELL,2026-07-31T09:15:00+05:30,32.85,-0.05437811136058924,0.0577735041154491,9,0.2881650908501119,0.7697917594985593,2026-07-31T09:27:00+05:30,33.87,1.019999999999996,CLOSED,1.0,VOGL-EQ
BUY,2026-07-31T09:27:00+05:30,33.87,0.031118182581221548,0.15002222057637554,9,-0.6849323439457424,0.6991009495588929,2026-08-03T11:25:00+05:30,35.45,1.5800000000000054,CLOSED,1.0,VOGL-EQ
SELL,2026-08-03T11:25:00+05:30,35.45,-0.0036883466149344405,0.042544094772365086,11,-0.28048800431418797,1.2272787785902615,2026-08-03T13:31:00+05:30,35.54,0.0899999999999963,CLOSED,1.0,VOGL-EQ
BUY,2026-08-03T13:31:00+05:30,35.54,0.006384145398552227,0.04306326095925054,13,-0.3567177676715164,0.48720144350615474,2026-08-03T14:16:00+05:30,35.38,-0.1599999999999966,CLOSED,0.0,VOGL-EQ
SELL,2026-08-03T14:16:00+05:30,35.38,-0.002290459581086629,0.018737959096741252,14,-0.029486951390564568,0.8009629115047664,2026-08-04T09:43:00+05:30,35.47,0.0899999999999963,CLOSED,1.0,VOGL-EQ
BUY,2026-08-04T09:43:00+05:30,35.47,0.00792832151397027,0.03464101615137817,9,0.7353521635567118,1.1976558996091642,2026-08-04T12:42:00+05:30,35.55,0.0799999999999983,CLOSED,1.0,VOGL-EQ
SELL,2026-08-04T12:42:00+05:30,35.55,-0.00408266157564233,0.0259058123036328,12,0.7241993731227866,0.5466746018564653,2026-08-04T13:07:00+05:30,36.01,0.46000000000000085,CLOSED,1.0,VOGL-EQ
BUY,2026-08-04T13:07:00+05:30,36.01,0.035220532440949075,0.23551598200075016,13,5.97648649452696,2.3632270679158776,2026-08-05T12:02:00+05:30,36.95,0.9400000000000048,CLOSED,1.0,VOGL-EQ
SELL,2026-08-05T12:02:00+05:30,36.95,-0.03397093954510405,0.1813682564409889,12,6.776825960925147,0.3545872235148588,2026-08-05T13:39:00+05:30,37.5,0.5499999999999972,CLOSED,1.0,VOGL-EQ
BUY,2026-08-05T13:39:00+05:30,37.5,0.014170131231103038,0.1834968967342816,13,3.014145092151469,0.6536314335996368,2026-08-05T14:24:00+05:30,37.04,-0.46000000000000085,CLOSED,0.0,VOGL-EQ
SELL,2026-08-05T14:24:00+05:30,37.04,-0.004640157933827496,0.17988885457414971,14,-0.8126008744243381,0.5740786732342674,2026-08-06T11:37:00+05:30,37.04,0.0,CLOSED,0.0,VOGL-EQ
BUY,2026-08-06T11:37:00+05:30,37.04,0.0010309810444805593,0.08246884933786336,11,1.7647795514927167,1.514764587737949,2026-08-06T12:10:00+05:30,36.7,-0.3399999999999963,CLOSED,0.0,VOGL-EQ
SELL,2026-08-06T12:10:00+05:30,36.7,-0.0021081847390127455,0.03713339317768946,12,-0.3724825064403309,1.0047741287045338,2026-08-06T12:29:00+05:30,36.89,0.18999999999999773,CLOSED,1.0,VOGL-EQ
BUY,2026-08-06T12:29:00+05:30,36.89,0.005761606908773526,0.04835057163858327,12,-0.36501211739599204,2.0046223001243924,2026-08-06T13:40:00+05:30,36.73,-0.1600000000000037,CLOSED,0.0,VOGL-EQ
SELL,2026-08-06T13:40:00+05:30,36.73,-0.010751945029038479,0.0362246079650587,13,-0.29010505831336897,0.5258746324071584,,,,OPEN,,VOGL-EQ
BUY,2026-06-24T13:14:00+05:30,90.43,0.004938387697020855,0.05971227307309164,13,0.7838556279670593,0.5169630439101927,2026-06-24T15:22:00+05:30,90.17,-0.2600000000000051,CLOSED,0.0,INOXWIND-EQ
SELL,2026-06-24T15:22:00+05:30,90.17,-0.0015100161438577353,0.09582391258042815,15,0.3605618184982354,1.3480791664669127,2026-06-25T09:18:00+05:30,91.01,0.8400000000000034,CLOSED,1.0,INOXWIND-EQ
BUY,2026-06-25T09:18:00+05:30,91.01,0.018841774529508203,0.3914701634721189,9,0.38640350572408994,1.044631492609347,2026-06-25T11:49:00+05:30,90.57,-0.44000000000001194,CLOSED,0.0,INOXWIND-EQ
SELL,2026-06-25T11:49:00+05:30,90.57,-0.005159277406124294,0.05375872022286363,11,-0.2308831496783667,1.6363358850326397,2026-06-30T09:25:00+05:30,89.18,-1.3899999999999864,CLOSED,0.0,INOXWIND-EQ
BUY,2026-06-30T09:25:00+05:30,89.18,0.0166214124094224,0.1579064420612542,9,0.1369233720449333,1.5563521617893448,2026-07-01T12:27:00+05:30,90.12,0.9399999999999977,CLOSED,1.0,INOXWIND-EQ
SELL,2026-07-01T12:27:00+05:30,90.12,-0.019359267939914118,0.03842742076521195,12,-0.10100609368247697,0.6581525480574041,2026-07-01T13:38:00+05:30,90.69,0.5699999999999932,CLOSED,1.0,INOXWIND-EQ
BUY,2026-07-01T13:38:00+05:30,90.69,0.0013250885149132287,0.11286176402031944,13,3.424340616644936,0.5615216909948731,2026-07-01T14:32:00+05:30,90.4,-0.28999999999999204,CLOSED,0.0,INOXWIND-EQ
SELL,2026-07-01T14:32:00+05:30,90.4,-0.004627827452563559,0.04083843505544448,14,-0.7196404135659294,0.5940318794019523,2026-07-02T15:02:00+05:30,89.5,-0.9000000000000057,CLOSED,0.0,INOXWIND-EQ
BUY,2026-07-02T15:02:00+05:30,89.5,0.001614375905846992,0.04909175083453311,15,-0.04838245055770757,1.0397637536193736,2026-07-03T11:34:00+05:30,89.5,0.0,CLOSED,0.0,INOXWIND-EQ
SELL,2026-07-03T11:34:00+05:30,89.5,-0.0074831815103336245,0.10918384088825155,11,4.031815094686777,1.8702953966111862,2026-07-06T15:10:00+05:30,87.13,-2.3700000000000045,CLOSED,0.0,INOXWIND-EQ
BUY,2026-07-06T15:10:00+05:30,87.13,0.000968628366848837,0.060231036665308844,15,2.018673784989464,0.6639092546144446,2026-07-06T15:20:00+05:30,86.91,-0.21999999999999886,CLOSED,0.0,INOXWIND-EQ
SELL,2026-07-06T15:20:00+05:30,86.91,-0.003777190663915531,0.09547541859324864,15,1.7419241721351044,1.1247224235284088,2026-07-07T13:49:00+05:30,86.07,-0.8400000000000034,CLOSED,0.0,INOXWIND-EQ
BUY,2026-07-07T13:49:00+05:30,86.07,0.0032226980890661242,0.07408703590297876,13,0.636471237814065,1.468609865470852,2026-07-08T09:15:00+05:30,85.15,-0.9199999999999875,CLOSED,0.0,INOXWIND-EQ
SELL,2026-07-08T09:15:00+05:30,85.15,-0.02134735356091771,0.08262364471909206,9,-0.25747558161917034,0.9697215549498777,2026-07-08T13:14:00+05:30,85.4,0.25,CLOSED,1.0,INOXWIND-EQ
BUY,2026-07-08T13:14:00+05:30,85.4,0.0059947265557552185,0.035213633723318455,13,1.7511809288830111,0.7423434754831496,2026-07-08T13:28:00+05:30,85.2,-0.20000000000000284,CLOSED,0.0,INOXWIND-EQ
SELL,2026-07-08T13:28:00+05:30,85.2,-0.0012896283794860263,0.10278888828835113,13,-0.4995692116816441,0.0881146748171935,2026-07-08T13:39:00+05:30,85.33,0.12999999999999545,CLOSED,1.0,INOXWIND-EQ
BUY,2026-07-08T13:39:00+05:30,85.33,0.003935968952650291,0.021317702607092585,13,-0.4865214445062802,0.13924430227908838,2026-07-08T13:48:00+05:30,85.0,-0.3299999999999983,CLOSED,0.0,INOXWIND-EQ
SELL,2026-07-08T13:48:00+05:30,85.0,-0.009532326806041902,0.10760008261045778,13,2.0159431166329673,2.3429857958705522,2026-07-09T12:17:00+05:30,83.65,-1.3499999999999943,CLOSED,0.0,INOXWIND-EQ
BUY,2026-07-09T12:17:00+05:30,83.65,0.006606847081430421,0.06556591255285714,12,-0.5389303865758055,0.2288978950942115,2026-07-09T12:38:00+05:30,83.28,-0.37000000000000455,CLOSED,0.0,INOXWIND-EQ
SELL,2026-07-09T12:38:00+05:30,83.28,-0.00581084235814844,0.07972870666620913,12,-0.643866081601105,0.5162447257383966,2026-07-10T10:34:00+05:30,82.88,-0.4000000000000057,CLOSED,0.0,INOXWIND-EQ
BUY,2026-07-10T10:34:00+05:30,82.88,0.0018697440728096166,0.11296016997154323,10,1.8791705652375976,1.7288711632803575,2026-07-10T11:33:00+05:30,82.6,-0.28000000000000114,CLOSED,0.0,INOXWIND-EQ
SELL,2026-07-10T11:33:00+05:30,82.6,-6.624500659077645e-05,0.06481597882552632,11,0.22618683260957853,0.7235542089316296,2026-07-10T12:31:00+05:30,83.19,0.5900000000000034,CLOSED,1.0,INOXWIND-EQ
BUY,2026-07-10T12:31:00+05:30,83.19,0.011412755390326036,0.09666091936937907,12,0.1267372327951497,0.6968413154475412,2026-07-10T14:35:00+05:30,82.82,-0.37000000000000455,CLOSED,0.0,INOXWIND-EQ
SELL,2026-07-10T14:35:00+05:30,82.82,-0.004099949358187616,0.05719362823873769,14,0.0004226000467719442,1.7943674614728935,2026-07-13T14:58:00+05:30,81.4,-1.4199999999999875,CLOSED,0.0,INOXWIND-EQ
BUY,2026-07-13T14:58:00+05:30,81.4,0.0003687638519337527,0.0542524961023289,14,0.4745556462569653,0.47792336401825125,2026-07-13T15:09:00+05:30,80.93,-0.46999999999999886,CLOSED,0.0,INOXWIND-EQ
SELL,2026-07-13T15:09:00+05:30,80.93,-0.00444422483159029,0.055777335102271924,15,-0.41921363406602274,0.7738743726670357,2026-07-15T09:45:00+05:30,79.81,-1.1200000000000045,CLOSED,0.0,INOXWIND-EQ
BUY,2026-07-15T09:45:00+05:30,79.81,0.009576880996529796,0.05233439489369171,9,-0.6889178318540247,0.9637225492869633,2026-07-15T12:57:00+05:30,79.55,-0.2600000000000051,CLOSED,0.0,INOXWIND-EQ
SELL,2026-07-15T12:57:00+05:30,79.55,-0.012966942322342587,0.12849556844930934,12,1.7207962002080157,1.8186721584779837,2026-07-15T14:18:00+05:30,80.07,0.519999999999996,CLOSED,1.0,INOXWIND-EQ
BUY,2026-07-15T14:18:00+05:30,80.07,0.0016106625126028878,0.04526465385804788,14,0.7979866915935865,1.3712618279424125,2026-07-15T15:17:00+05:30,79.93,-0.13999999999998636,CLOSED,0.0,INOXWIND-EQ
SELL,2026-07-15T15:17:00+05:30,79.93,-0.0017603674829764636,0.04433458644845411,15,0.8338117934127844,1.1396967949246106,2026-07-15T15:26:00+05:30,80.08,0.14999999999999147,CLOSED,1.0,INOXWIND-EQ
BUY,2026-07-15T15:26:00+05:30,80.08,0.003906813431603902,0.04452215428550139,15,0.11156074397448129,1.862442396313364,2026-07-16T09:19:00+05:30,79.67,-0.4099999999999966,CLOSED,0.0,INOXWIND-EQ
SELL,2026-07-16T09:19:00+05:30,79.67,-0.01035831800356468,0.06008327554319555,9,0.03141218529097743,0.7830090834574014,2026-07-16T10:49:00+05:30,80.33,0.6599999999999966,CLOSED,1.0,INOXWIND-EQ
BUY,2026-07-16T10:49:00+05:30,80.33,0.007348192007421694,0.4325685559024766,10,0.7734512344462713,0.4013455527054219,2026-07-16T11:38:00+05:30,79.53,-0.7999999999999972,CLOSED,0.0,INOXWIND-EQ
SELL,2026-07-16T11:38:00+05:30,79.53,-0.00043036850272513657,0.08879439421745379,11,0.024295825976113322,0.4130560255538513,2026-07-17T15:01:00+05:30,78.07,-1.460000000000008,CLOSED,0.0,INOXWIND-EQ
BUY,2026-07-17T15:01:00+05:30,78.07,0.0037700713685802096,0.03521363372331926,15,0.705155504423733,1.7693901082874541,2026-07-20T09:25:00+05:30,77.73,-0.3399999999999892,CLOSED,0.0,INOXWIND-EQ
SELL,2026-07-20T09:25:00+05:30,77.73,-0.01028096101437015,0.09949316001057083,9,-0.5579237648448855,0.5857310939512304,2026-07-20T09:43:00+05:30,78.29,0.5600000000000023,CLOSED,1.0,INOXWIND-EQ
BUY,2026-07-20T09:43:00+05:30,78.29,0.01520730426264933,0.1669198077587652,9,0.03385555398422855,1.0546386169328974,2026-07-21T09:55:00+05:30,79.09,0.7999999999999972,CLOSED,1.0,INOXWIND-EQ
SELL,2026-07-21T09:55:00+05:30,79.09,-0.0009188618456033991,0.03164033993356046,9,-0.6362842166081993,1.188951160928743,2026-07-21T10:17:00+05:30,79.17,0.0799999999999983,CLOSED,1.0,INOXWIND-EQ
BUY,2026-07-21T10:17:00+05:30,79.17,0.00013910063685433174,0.08206366092518681,10,1.060616516833271,1.0872871895060006,2026-07-21T10:19:00+05:30,79.08,-0.09000000000000341,CLOSED,0.0,INOXWIND-EQ
SELL,2026-07-21T10:19:00+05:30,79.08,-0.003312512465737571,0.06363961030678747,10,1.591032432788252,1.4627801050601767,2026-07-21T13:41:00+05:30,79.25,0.1700000000000017,CLOSED,1.0,INOXWIND-EQ
BUY,2026-07-21T13:41:00+05:30,79.25,0.009125768453019257,0.12598059815348978,13,1.1638639874553534,0.5057784888787302,2026-07-22T09:18:00+05:30,78.73,-0.519999999999996,CLOSED,0.0,INOXWIND-EQ
SELL,2026-07-22T09:18:00+05:30,78.73,-0.001849328080943781,0.08326663997864373,9,-0.2749662800054921,0.9584668782123854,2026-07-23T09:44:00+05:30,77.2,-1.5300000000000011,CLOSED,0.0,INOXWIND-EQ
BUY,2026-07-23T09:44:00+05:30,77.2,0.009503134040443747,0.09829660330968942,9,-0.5749214371031539,0.43498318228534055,2026-07-23T12:31:00+05:30,76.81,-0.39000000000000057,CLOSED,0.0,INOXWIND-EQ
SELL,2026-07-23T12:31:00+05:30,76.81,-0.006205045106714366,0.0587745220690429,12,2.037532605053248,1.9490959400791947,2026-07-24T11:43:00+05:30,76.26,-0.5499999999999972,CLOSED,0.0,INOXWIND-EQ
BUY,2026-07-24T11:43:00+05:30,76.26,0.004055379715155591,0.07781031065639309,11,0.01626937925034892,1.736460751504919,2026-07-27T13:57:00+05:30,77.83,1.5699999999999932,CLOSED,1.0,INOXWIND-EQ
SELL,2026-07-27T13:57:00+05:30,77.83,-0.0008789517057590777,0.022997584414214293,13,4.668337327122375,2.3688586037213595,2026-07-27T14:00:00+05:30,77.94,0.10999999999999943,CLOSED,1.0,INOXWIND-EQ
BUY,2026-07-27T14:00:00+05:30,77.94,0.0011362169430680785,0.03604010112206846,14,10.885810337675107,1.2851248939303792,2026-07-28T09:32:00+05:30,77.58,-0.35999999999999943,CLOSED,0.0,INOXWIND-EQ
SELL,2026-07-28T09:32:00+05:30,77.58,-0.018164306728690825,0.10573026477262154,9,-0.3326396171861628,0.42234499693063227,2026-07-28T10:57:00+05:30,78.03,0.45000000000000284,CLOSED,1.0,INOXWIND-EQ
BUY,2026-07-28T10:57:00+05:30,78.03,0.0003824620283097701,0.032249030993197085,10,1.153105912015514,1.766659975913288,2026-07-28T11:25:00+05:30,77.79,-0.23999999999999488,CLOSED,0.0,INOXWIND-EQ
SELL,2026-07-28T11:25:00+05:30,77.79,-0.0027715628273696493,0.06100091074001378,11,0.0787635799148403,1.250824241697638,2026-07-29T09:41:00+05:30,77.37,-0.4200000000000017,CLOSED,0.0,INOXWIND-EQ
BUY,2026-07-29T09:41:00+05:30,77.37,0.010781559767721704,0.11720826667849919,9,0.29126581478626534,1.4807172318706578,2026-07-29T10:38:00+05:30,76.9,-0.46999999999999886,CLOSED,0.0,INOXWIND-EQ
SELL,2026-07-29T10:38:00+05:30,76.9,-0.001327017953786781,0.06864562784491308,10,-0.7321071692678887,0.7115992952013931,2026-07-29T12:01:00+05:30,77.55,0.6499999999999915,CLOSED,1.0,INOXWIND-EQ
BUY,2026-07-29T12:01:00+05:30,77.55,0.029500714388098176,0.16748134224444117,12,0.4734188249570886,0.9599835270643372,2026-07-29T13:34:00+05:30,77.03,-0.519999999999996,CLOSED,0.0,INOXWIND-EQ
SELL,2026-07-29T13:34:00+05:30,77.03,-0.011161814032293875,0.0719876532623621,13,-0.7177437090659121,0.7760895792489821,2026-07-30T15:13:00+05:30,75.0,-2.030000000000001,CLOSED,0.0,INOXWIND-EQ
BUY,2026-07-30T15:13:00+05:30,75.0,0.00045246963894124046,0.060562181085044686,15,-0.3524683021583438,0.5494679446398348,2026-07-30T15:16:00+05:30,74.91,-0.09000000000000341,CLOSED,0.0,INOXWIND-EQ
SELL,2026-07-30T15:16:00+05:30,74.91,-0.0011095565339086725,0.06346477588219986,15,-0.350127380133482,1.0065935863874345,2026-07-30T15:24:00+05:30,74.98,0.07000000000000739,CLOSED,1.0,INOXWIND-EQ
BUY,2026-07-30T15:24:00+05:30,74.98,0.00046782374334001776,0.0432177946889687,15,-0.49708288395858047,1.044863987007714,2026-08-03T13:12:00+05:30,79.2,4.219999999999999,CLOSED,1.0,INOXWIND-EQ
SELL,2026-08-03T13:12:00+05:30,79.2,-0.005563587518326306,0.040947120370870026,13,-0.2027141771661491,0.9415930195624147,2026-08-03T13:29:00+05:30,79.54,0.3400000000000034,CLOSED,1.0,INOXWIND-EQ
BUY,2026-08-03T13:29:00+05:30,79.54,0.00887737735399029,0.045570458267027276,13,-0.06815017836203018,1.4995681505170524,2026-08-04T09:15:00+05:30,79.02,-0.5200000000000102,CLOSED,0.0,INOXWIND-EQ
SELL,2026-08-04T09:15:00+05:30,79.02,-0.01544801996341281,0.14173527750312664,9,0.0436436081998032,1.324723053104661,2026-08-04T09:42:00+05:30,79.88,0.8599999999999994,CLOSED,1.0,INOXWIND-EQ
BUY,2026-08-04T09:42:00+05:30,79.88,0.010126979074721718,0.25672293755460995,9,1.1680752707800992,0.7462785680698089,2026-08-04T10:57:00+05:30,79.27,-0.6099999999999994,CLOSED,0.0,INOXWIND-EQ
SELL,2026-08-04T10:57:00+05:30,79.27,-0.0026925104018915534,0.07394442357458668,10,1.0076211949258598,1.1816022372470183,2026-08-04T14:23:00+05:30,79.3,0.030000000000001137,CLOSED,1.0,INOXWIND-EQ
BUY,2026-08-04T14:23:00+05:30,79.3,0.004828576011321161,0.021317702607092436,14,-0.37595359809398576,1.6737294810800591,2026-08-04T14:42:00+05:30,79.0,-0.29999999999999716,CLOSED,0.0,INOXWIND-EQ
SELL,2026-08-04T14:42:00+05:30,79.0,-0.0037041157024912293,0.08300602387779031,14,4.047222497858767,0.2774649440246347,2026-08-04T15:12:00+05:30,79.39,0.39000000000000057,CLOSED,1.0,INOXWIND-EQ
BUY,2026-08-04T15:12:00+05:30,79.39,0.0065511401481800294,0.08113089560840779,15,0.3251393642688151,0.8950553408606987,2026-08-05T11:18:00+05:30,79.31,-0.0799999999999983,CLOSED,0.0,INOXWIND-EQ
SELL,2026-08-05T11:18:00+05:30,79.31,-0.0032645297471679794,0.05533734925185902,11,0.32183663113537114,1.0698795550676687,2026-08-06T11:20:00+05:30,78.61,-0.7000000000000028,CLOSED,0.0,INOXWIND-EQ
BUY,2026-08-06T11:20:00+05:30,78.61,3.416123064461593e-05,0.015092308563564328,11,0.9599080692135067,1.4738762214983714,2026-08-06T13:39:00+05:30,78.66,0.04999999999999716,CLOSED,1.0,INOXWIND-EQ
SELL,2026-08-06T13:39:00+05:30,78.66,-0.0017046651949059733,0.03238655413730906,13,3.457415125993201,1.9601149118118653,2026-08-06T14:09:00+05:30,78.75,0.09000000000000341,CLOSED,1.0,INOXWIND-EQ
BUY,2026-08-06T14:09:00+05:30,78.75,0.0016257428666602103,0.07067924416372778,14,1.3531415218160885,0.9156105893836884,2026-08-06T14:58:00+05:30,78.45,-0.29999999999999716,CLOSED,0.0,INOXWIND-EQ
SELL,2026-08-06T14:58:00+05:30,78.45,-0.012247729150372743,0.12664912159189837,14,-0.4120252582375921,1.0515014467064618,2026-08-07T14:21:00+05:30,78.55,0.09999999999999432,CLOSED,1.0,INOXWIND-EQ
BUY,2026-08-07T14:21:00+05:30,78.55,0.040169304663973095,0.3525226549063493,14,3.715851333983701,1.4287438393228027,,,,OPEN,,INOXWIND-EQ
SELL,2026-06-25T14:38:00+05:30,29.33,-0.0029366184008764447,0.03687817782917179,14,-0.43594902676735575,0.9988109393579073,2026-07-02T09:22:00+05:30,28.4,-0.9299999999999997,CLOSED,0.0,HDFCNIFIT-EQ
BUY,2026-07-02T09:22:00+05:30,28.4,0.013775953262692292,0.30196394192390275,9,0.2926298611010132,0.8413107511045655,2026-07-06T10:05:00+05:30,29.05,0.6500000000000021,CLOSED,1.0,HDFCNIFIT-EQ
SELL,2026-07-06T10:05:00+05:30,29.05,-0.021165233742501205,0.048773854562551316,10,8.082369883797904,0.008353221957040573,2026-07-06T15:29:00+05:30,29.32,0.2699999999999996,CLOSED,1.0,HDFCNIFIT-EQ
BUY,2026-07-06T15:29:00+05:30,29.32,0.008168037755637427,0.06583649781424047,15,7.349274093299428,0.2531451365449524,2026-07-08T12:48:00+05:30,29.65,0.3299999999999983,CLOSED,1.0,HDFCNIFIT-EQ
SELL,2026-07-08T12:48:00+05:30,29.65,-0.003022434259916643,0.022010098692292163,12,-0.8858585843672415,0.9144542772861357,2026-07-09T13:58:00+05:30,29.47,-0.17999999999999972,CLOSED,0.0,HDFCNIFIT-EQ
BUY,2026-07-09T13:58:00+05:30,29.47,0.008398363821633678,0.029832867780352455,13,54.96428510084503,2.4978063178047227,2026-07-09T15:10:00+05:30,29.2,-0.2699999999999996,CLOSED,0.0,HDFCNIFIT-EQ
SELL,2026-07-09T15:10:00+05:30,29.2,-0.008359810544537187,0.10975224624378022,15,23.666666465419507,0.0006894649751792609,2026-07-10T09:15:00+05:30,30.24,1.0399999999999991,CLOSED,1.0,HDFCNIFIT-EQ
BUY,2026-07-10T09:15:00+05:30,30.24,0.09186598883167764,0.04347413023856865,9,12.143884455255954,1.900656814449918,2026-07-14T13:31:00+05:30,30.69,0.45000000000000284,CLOSED,1.0,HDFCNIFIT-EQ
SELL,2026-07-14T13:31:00+05:30,30.69,-0.0047636124150255265,0.02299758441421371,13,0.09283594723858428,0.0795190069821567,2026-07-16T09:20:00+05:30,30.86,0.16999999999999815,CLOSED,1.0,HDFCNIFIT-EQ
BUY,2026-07-16T09:20:00+05:30,30.86,0.030260406294223333,0.2327993890789992,9,9.409282501913871,0.048642075395216866,2026-07-16T15:18:00+05:30,30.68,-0.17999999999999972,CLOSED,0.0,HDFCNIFIT-EQ
SELL,2026-07-16T15:18:00+05:30,30.68,-0.003943287704896511,0.05808040403899847,15,4.079772050713875,0.018227706113292202,2026-07-17T09:15:00+05:30,31.42,0.740000000000002,CLOSED,1.0,HDFCNIFIT-EQ
BUY,2026-07-17T09:15:00+05:30,31.42,0.007412166414031298,0.030258148581093866,9,4.701660561917167,1.9948909072958831,2026-07-21T10:27:00+05:30,31.07,-0.3500000000000014,CLOSED,0.0,HDFCNIFIT-EQ
SELL,2026-07-21T10:27:00+05:30,31.07,-0.0025008962594375516,0.07011102306738547,10,21.33143919193713,0.0714528029853278,2026-07-24T13:37:00+05:30,30.54,-0.5300000000000011,CLOSED,0.0,HDFCNIFIT-EQ
BUY,2026-07-24T13:37:00+05:30,30.54,0.0016334192058199974,0.03155242550986479,13,1.232796301358174,1.663110384344381,2026-07-30T14:24:00+05:30,33.4,2.8599999999999994,CLOSED,1.0,HDFCNIFIT-EQ
SELL,2026-07-30T14:24:00+05:30,33.4,-0.00799840866325795,0.09477458637325901,14,-0.9766192030094135,1.895734597156398,2026-08-03T09:39:00+05:30,33.09,-0.30999999999999517,CLOSED,0.0,HDFCNIFIT-EQ
BUY,2026-08-03T09:39:00+05:30,33.09,0.002342339838934187,0.01449137674618917,9,2.2510785127249378,1.914808917197452,2026-08-05T14:00:00+05:30,33.46,0.36999999999999744,CLOSED,1.0,HDFCNIFIT-EQ
SELL,2026-08-05T14:00:00+05:30,33.46,-0.0012681393798035037,0.05059644256269387,14,-0.9813029504489295,1.953125,2026-08-06T09:24:00+05:30,33.65,0.18999999999999773,CLOSED,1.0,HDFCNIFIT-EQ
BUY,2026-08-06T09:24:00+05:30,33.65,0.0017151898090808984,0.2646612090117397,9,-0.9832998490132786,0.6203007518796992,2026-08-06T10:07:00+05:30,33.49,-0.1599999999999966,CLOSED,0.0,HDFCNIFIT-EQ
SELL,2026-08-06T10:07:00+05:30,33.49,-0.0015340013074766653,0.02024845673131677,10,-0.5724070436095718,1.570366132723112,2026-08-07T09:27:00+05:30,33.76,0.269999999999996,CLOSED,1.0,HDFCNIFIT-EQ
BUY,2026-08-07T09:27:00+05:30,33.76,0.001702380763612765,0.29735874330885737,9,2.832012402798059,0.11813767366575244,,,,OPEN,,HDFCNIFIT-EQ
SELL,2026-06-25T14:28:00+05:30,32.41,-0.007034010656795454,0.016329931618556105,14,-0.32983648538097954,0.018556625266406997,2026-06-30T09:18:00+05:30,32.24,-0.1699999999999946,CLOSED,0.0,FINIETF-EQ
BUY,2026-06-30T09:18:00+05:30,32.24,0.004278833177424089,0.07835106182362138,9,0.10806211441500146,0.8792474563255903,2026-06-30T09:50:00+05:30,32.13,-0.10999999999999943,CLOSED,0.0,FINIETF-EQ
SELL,2026-06-30T09:50:00+05:30,32.13,-0.0040870637859650345,0.029439202887759267,9,0.6324230588807478,1.9928305894848644,2026-06-30T10:02:00+05:30,32.19,0.05999999999999517,CLOSED,1.0,FINIETF-EQ
BUY,2026-06-30T10:02:00+05:30,32.19,0.002247412965694648,0.03373096170846157,10,0.6913691004025041,1.91465096541481,2026-07-02T13:33:00+05:30,32.82,0.6300000000000026,CLOSED,1.0,FINIETF-EQ
SELL,2026-07-02T13:33:00+05:30,32.82,-0.0010717771845001587,0.012516655570346012,13,-0.8494983253915878,0.06481481481481481,2026-07-02T14:47:00+05:30,32.9,0.0799999999999983,CLOSED,1.0,FINIETF-EQ
BUY,2026-07-02T14:47:00+05:30,32.9,0.005116932580864773,0.02024845673131529,14,-0.972016076671665,0.3650594149908592,2026-07-03T14:02:00+05:30,32.97,0.07000000000000028,CLOSED,1.0,FINIETF-EQ
SELL,2026-07-03T14:02:00+05:30,32.97,-0.0007393288699336208,0.023664319132398425,14,-0.6490006735573769,2.418426103646833,2026-07-03T15:05:00+05:30,33.04,0.07000000000000028,CLOSED,1.0,FINIETF-EQ
BUY,2026-07-03T15:05:00+05:30,33.04,0.0003418590643500642,0.02011080417199734,15,7.692191416392466,0.456850585371508,2026-07-03T15:17:00+05:30,32.94,-0.10000000000000142,CLOSED,0.0,FINIETF-EQ
SELL,2026-07-03T15:17:00+05:30,32.94,-0.003852175779064272,0.01969207398365664,15,1.750074702160379,1.3106026033857054,2026-07-06T11:37:00+05:30,33.0,0.060000000000002274,CLOSED,1.0,FINIETF-EQ
BUY,2026-07-06T11:37:00+05:30,33.0,0.002273399175817669,0.00823272602348698,11,34.765369919916125,0.22785476232239957,2026-07-06T12:43:00+05:30,32.91,-0.09000000000000341,CLOSED,0.0,FINIETF-EQ
SELL,2026-07-06T12:43:00+05:30,32.91,-0.0035992552427258216,0.02002775851439922,12,4.55555549931413,0.04111111111111111,2026-07-07T11:33:00+05:30,32.94,0.030000000000001137,CLOSED,1.0,FINIETF-EQ
BUY,2026-07-07T11:33:00+05:30,32.94,0.007884608948472743,0.025144029554193956,11,-0.41432614803578693,0.7509293680297398,2026-07-07T12:54:00+05:30,32.86,-0.0799999999999983,CLOSED,0.0,FINIETF-EQ
SELL,2026-07-07T12:54:00+05:30,32.86,-0.0007217749614998077,0.012649110640673996,12,6.086021458632709,0.1322349880771732,2026-07-07T13:52:00+05:30,32.91,0.04999999999999716,CLOSED,1.0,FINIETF-EQ
BUY,2026-07-07T13:52:00+05:30,32.91,0.0027415192163934552,0.012649110640671,13,-0.6786021187645344,0.12923351158645277,2026-07-08T09:16:00+05:30,32.55,-0.35999999999999943,CLOSED,0.0,FINIETF-EQ
SELL,2026-07-08T09:16:00+05:30,32.55,-0.016990742913637658,0.06587024281789813,9,3.379891888237955,0.7929357752875549,2026-07-09T11:32:00+05:30,32.46,-0.0899999999999963,CLOSED,0.0,FINIETF-EQ
BUY,2026-07-09T11:32:00+05:30,32.46,0.00678317398339832,0.0632806798671163,11,-0.8430943754380188,0.48127177700348434,2026-07-13T09:31:00+05:30,32.81,0.3500000000000014,CLOSED,1.0,FINIETF-EQ
SELL,2026-07-13T09:31:00+05:30,32.81,-0.00165866297363439,0.029739610697594614,9,0.09792556431872818,1.6152634991201258,2026-07-13T09:57:00+05:30,32.9,0.0899999999999963,CLOSED,1.0,FINIETF-EQ
BUY,2026-07-13T09:57:00+05:30,32.9,0.0005557101520097811,0.030477678535100257,9,-0.5386657811660589,0.49910071942446044,2026-07-13T12:07:00+05:30,32.88,-0.01999999999999602,CLOSED,0.0,FINIETF-EQ
SELL,2026-07-13T12:07:00+05:30,32.88,-0.0012925851698375372,0.011352924243950624,12,-0.8292402132976973,1.9101123595505618,2026-07-13T12:17:00+05:30,32.94,0.05999999999999517,CLOSED,1.0,FINIETF-EQ
BUY,2026-07-13T12:17:00+05:30,32.94,0.0021939789109262997,0.02065591117977268,12,2.1153846040844844,1.3220164609053497,2026-07-14T09:19:00+05:30,32.7,-0.23999999999999488,CLOSED,0.0,FINIETF-EQ
SELL,2026-07-14T09:19:00+05:30,32.7,-0.019476459371961696,0.17185265006200182,9,4.325992100222322,1.4289615354607161,2026-07-14T15:26:00+05:30,32.67,-0.030000000000001137,CLOSED,0.0,FINIETF-EQ
BUY,2026-07-14T15:26:00+05:30,32.67,0.0021374762801080016,0.031710495984066826,15,2.9475277423119888,1.4180725971370143,2026-07-15T13:06:00+05:30,32.75,0.0799999999999983,CLOSED,1.0,FINIETF-EQ
SELL,2026-07-15T13:06:00+05:30,32.75,-0.010555217805285212,0.05229191567005847,13,11.476109117098044,0.057447681575707836,2026-07-17T10:22:00+05:30,32.58,-0.1700000000000017,CLOSED,0.0,FINIETF-EQ
BUY,2026-07-17T10:22:00+05:30,32.58,0.004524760384048841,0.03566822426505503,10,0.06005351917977051,0.0038158976165316425,2026-07-17T11:03:00+05:30,32.47,-0.10999999999999943,CLOSED,0.0,FINIETF-EQ
SELL,2026-07-17T11:03:00+05:30,32.47,-0.0003382473167682328,0.01897366596100908,11,14.104545133987612,0.1609990972013241,2026-07-17T14:47:00+05:30,32.56,0.09000000000000341,CLOSED,1.0,FINIETF-EQ
BUY,2026-07-17T14:47:00+05:30,32.56,0.007348677190260763,0.025905812303633105,14,0.18048705288186884,1.9601122861992428,2026-07-20T09:18:00+05:30,32.4,-0.1600000000000037,CLOSED,0.0,FINIETF-EQ
SELL,2026-07-20T09:18:00+05:30,32.4,-0.005960342461719124,0.050651313463280494,9,3.901109498430886,1.5767716535433072,2026-07-20T10:18:00+05:30,32.57,0.1700000000000017,CLOSED,1.0,FINIETF-EQ
BUY,2026-07-20T10:18:00+05:30,32.57,0.005882664032066656,0.027808871486153106,10,-0.5581516094085796,0.4979435957696827,2026-07-20T11:21:00+05:30,32.46,-0.10999999999999943,CLOSED,0.0,FINIETF-EQ
SELL,2026-07-20T11:21:00+05:30,32.46,-0.001635425066650992,0.0069920589878012,11,0.9781181512240903,0.40376106194690264,2026-07-20T13:19:00+05:30,32.59,0.13000000000000256,CLOSED,1.0,FINIETF-EQ
BUY,2026-07-20T13:19:00+05:30,32.59,0.001155582069182602,0.04817791102892621,13,2.3757899796407633,1.8944412442396314,2026-07-22T09:25:00+05:30,32.56,-0.030000000000001137,CLOSED,0.0,FINIETF-EQ
SELL,2026-07-22T09:25:00+05:30,32.56,-0.00730668969755979,0.03823901439919975,9,-0.891353106808477,1.5383980181668042,2026-07-24T12:38:00+05:30,31.95,-0.610000000000003,CLOSED,0.0,FINIETF-EQ
BUY,2026-07-24T12:38:00+05:30,31.95,0.009484093286767732,0.0466190232987925,12,1.0787401150102316,0.3693181818181818,2026-07-28T14:49:00+05:30,32.37,0.41999999999999815,CLOSED,1.0,FINIETF-EQ
SELL,2026-07-28T14:49:00+05:30,32.37,-0.002897576840072085,0.037844711945294096,14,46.99999726744202,0.2658672480620155,2026-07-29T09:16:00+05:30,32.72,0.3500000000000014,CLOSED,1.0,FINIETF-EQ
BUY,2026-07-29T09:16:00+05:30,32.72,0.012512017238386564,0.07703534542302207,9,1.4468624225317763,0.291483918128655,2026-07-30T09:50:00+05:30,32.6,-0.11999999999999744,CLOSED,0.0,FINIETF-EQ
SELL,2026-07-30T09:50:00+05:30,32.6,-0.005894181630706027,0.020976176963403374,9,3.571113541504336,0.19597202122527738,2026-07-30T15:17:00+05:30,32.59,-0.00999999999999801,CLOSED,0.0,FINIETF-EQ
BUY,2026-07-30T15:17:00+05:30,32.59,0.007266553439049325,0.016329931618556105,15,0.05341246288159621,2.351643192488263,2026-08-03T14:57:00+05:30,33.79,1.1999999999999957,CLOSED,1.0,FINIETF-EQ
SELL,2026-08-03T14:57:00+05:30,33.79,-0.005428830824366198,0.02869378562220934,14,4.270588232303509,2.259513180272109,2026-08-04T09:53:00+05:30,33.93,0.14000000000000057,CLOSED,1.0,FINIETF-EQ
BUY,2026-08-04T09:53:00+05:30,33.93,0.006329754433128958,0.031001792062895415,9,0.6297794855049773,0.8859856007944389,2026-08-04T11:31:00+05:30,33.8,-0.13000000000000256,CLOSED,0.0,FINIETF-EQ
SELL,2026-08-04T11:31:00+05:30,33.8,-0.008285545556352216,0.02633122354417591,11,1.8364179049659168,0.03630814565354662,2026-08-05T09:19:00+05:30,34.03,0.23000000000000398,CLOSED,1.0,FINIETF-EQ
BUY,2026-08-05T09:19:00+05:30,34.03,0.012233037298570379,0.15694655849117026,9,9.682870342352805,1.1729414951245938,2026-08-05T12:48:00+05:30,33.86,-0.1700000000000017,CLOSED,0.0,FINIETF-EQ
SELL,2026-08-05T12:48:00+05:30,33.86,-0.0027237687913851862,0.021628170930011226,12,-0.36640306689863045,1.4315431164901666,2026-08-05T15:27:00+05:30,33.98,0.11999999999999744,CLOSED,1.0,FINIETF-EQ
BUY,2026-08-05T15:27:00+05:30,33.98,0.0009296638399909886,0.02299758441421354,15,-0.0004819277102627103,2.166706846673095,2026-08-06T13:13:00+05:30,33.9,-0.0799999999999983,CLOSED,0.0,FINIETF-EQ
SELL,2026-08-06T13:13:00+05:30,33.9,-0.0017444517036596112,0.012692955176440122,13,-0.9781308359300983,0.07425742574257425,2026-08-07T15:26:00+05:30,33.49,-0.4099999999999966,CLOSED,0.0,FINIETF-EQ
BUY,2026-08-07T15:26:00+05:30,33.49,0.017793418560294726,0.030840089349921322,15,1.1929421882133537,1.2899849545365343,,,,OPEN,,FINIETF-EQ
SELL,2026-06-24T12:07:00+05:30,290.35,-0.0018676834148774388,0.10540925533894598,12,-0.1588091258736436,1.340329436769394,2026-06-24T13:42:00+05:30,290.5,0.14999999999997726,CLOSED,1.0,ITC-EQ
BUY,2026-06-24T13:42:00+05:30,290.5,0.0011872383911661747,0.20520991962162205,13,-0.3109685075538443,0.4322154179823302,2026-06-24T14:08:00+05:30,290.1,-0.39999999999997726,CLOSED,0.0,ITC-EQ
SELL,2026-06-24T14:08:00+05:30,290.1,-0.0023886735972484196,0.1700490125424565,14,-0.03924867931527608,1.5455461876832846,2026-06-24T14:45:00+05:30,290.5,0.39999999999997726,CLOSED,1.0,ITC-EQ
BUY,2026-06-24T14:45:00+05:30,290.5,0.0012140628532023153,0.1429840705968444,14,-0.20112100229287524,1.063294938656061,2026-06-24T15:24:00+05:30,290.05,-0.44999999999998863,CLOSED,0.0,ITC-EQ
SELL,2026-06-24T15:24:00+05:30,290.05,-0.002705345228884839,0.10287532908006457,15,-0.3858755005373791,0.9937100704735559,2026-06-25T09:57:00+05:30,291.2,1.1499999999999773,CLOSED,1.0,ITC-EQ
BUY,2026-06-25T09:57:00+05:30,291.2,0.007001408313926276,0.2532565673163987,9,0.7984862252090182,1.1272229100620166,2026-06-25T12:44:00+05:30,290.3,-0.8999999999999773,CLOSED,0.0,ITC-EQ
SELL,2026-06-25T12:44:00+05:30,290.3,-0.008725101310342835,0.0977525219907649,12,0.1583450459070764,1.0207393358229175,2026-06-25T13:45:00+05:30,291.6,1.3000000000000114,CLOSED,1.0,ITC-EQ
BUY,2026-06-25T13:45:00+05:30,291.6,0.008387525362357479,0.09732534213770605,13,-0.24974349901233894,0.7594941683171429,2026-06-25T14:26:00+05:30,290.4,-1.2000000000000455,CLOSED,0.0,ITC-EQ
SELL,2026-06-25T14:26:00+05:30,290.4,-0.00024715625668443494,0.15670212364724145,14,1.9279274347798059,0.3401227039731603,2026-06-29T09:41:00+05:30,291.9,1.5,CLOSED,1.0,ITC-EQ
BUY,2026-06-29T09:41:00+05:30,291.9,0.011817627309086098,0.3188956638846699,9,0.3272215747951254,1.103000389660995,2026-06-29T12:09:00+05:30,290.4,-1.5,CLOSED,0.0,ITC-EQ
SELL,2026-06-29T12:09:00+05:30,290.4,-0.005972520269529955,0.1870828693387042,12,-0.48479196859894325,0.7723972446889932,2026-06-29T15:12:00+05:30,290.65,0.25,CLOSED,1.0,ITC-EQ
BUY,2026-06-29T15:12:00+05:30,290.65,0.002177079293760263,0.08432740427115348,15,-0.07273748157565066,0.9513110598652019,2026-06-30T09:28:00+05:30,289.9,-0.75,CLOSED,0.0,ITC-EQ
SELL,2026-06-30T09:28:00+05:30,289.9,-0.006508430336358803,0.15846485765338755,9,-0.3072116170242409,1.0770269814881381,2026-07-01T09:19:00+05:30,287.7,-2.1999999999999886,CLOSED,0.0,ITC-EQ
BUY,2026-07-01T09:19:00+05:30,287.7,0.001681818218012008,0.2906410539174016,9,-0.4150073698849427,0.3187788382794321,2026-07-02T09:57:00+05:30,289.45,1.75,CLOSED,1.0,ITC-EQ
SELL,2026-07-02T09:57:00+05:30,289.45,-0.0005794480385774105,0.28289181285038517,9,0.9918370099683063,1.7302497883149872,2026-07-02T12:40:00+05:30,290.15,0.6999999999999886,CLOSED,1.0,ITC-EQ
BUY,2026-07-02T12:40:00+05:30,290.15,0.009402627839090238,0.21219749710536157,12,0.6633772036482207,1.1789588804599886,2026-07-03T12:34:00+05:30,290.0,-0.14999999999997726,CLOSED,0.0,ITC-EQ
SELL,2026-07-03T12:34:00+05:30,290.0,-0.0013382838848712993,0.1081408546500492,12,3.0327481658037443,2.1179057744940137,2026-07-06T12:17:00+05:30,289.65,-0.35000000000002274,CLOSED,0.0,ITC-EQ
BUY,2026-07-06T12:17:00+05:30,289.65,0.002580682917631838,0.3483692166525542,12,-0.272850727096067,1.6234676935459385,2026-07-06T14:02:00+05:30,288.85,-0.7999999999999545,CLOSED,0.0,ITC-EQ
SELL,2026-07-06T14:02:00+05:30,288.85,-0.0023741366786202167,0.0918936583472691,14,-0.28048187980165623,0.979458571845122,2026-07-06T15:17:00+05:30,289.35,0.5,CLOSED,1.0,ITC-EQ
BUY,2026-07-06T15:17:00+05:30,289.35,0.004823977461029205,0.13343745934165757,15,-0.06844268144627876,1.1331113799520554,2026-07-07T09:22:00+05:30,288.35,-1.0,CLOSED,0.0,ITC-EQ
SELL,2026-07-07T09:22:00+05:30,288.35,-0.006814926760363814,0.3301514803843777,9,-0.5721791313718957,1.0425067437915403,2026-07-07T12:25:00+05:30,288.5,0.14999999999997726,CLOSED,1.0,ITC-EQ
BUY,2026-07-07T12:25:00+05:30,288.5,0.0008919396175412771,0.3358240279934964,12,0.6730000991225047,0.8158457982856406,2026-07-07T13:35:00+05:30,288.0,-0.5,CLOSED,0.0,ITC-EQ
SELL,2026-07-07T13:35:00+05:30,288.0,-0.0025369129854518335,0.043779751788555615,13,-0.14655348172052027,0.6133540372670807,2026-07-07T13:42:00+05:30,288.5,0.5,CLOSED,1.0,ITC-EQ
BUY,2026-07-07T13:42:00+05:30,288.5,0.002376298290644002,0.15465014279549133,13,7.059955184529456,1.898156422140409,2026-07-07T15:29:00+05:30,288.0,-0.5,CLOSED,0.0,ITC-EQ
SELL,2026-07-07T15:29:00+05:30,288.0,-0.008988416433992901,0.1795828499606852,15,0.03312089499155888,0.7980303559838235,2026-07-08T13:24:00+05:30,284.75,-3.25,CLOSED,0.0,ITC-EQ
BUY,2026-07-08T13:24:00+05:30,284.75,0.003327338320864658,0.14230249470757614,13,-0.08730267244138665,1.3391508121642732,2026-07-08T13:49:00+05:30,283.7,-1.0500000000000114,CLOSED,0.0,ITC-EQ
SELL,2026-07-08T13:49:00+05:30,283.7,-0.0038323952299538677,0.445377492820529,13,1.8335911461717036,0.9513299040444269,2026-07-09T10:25:00+05:30,282.9,-0.8000000000000114,CLOSED,0.0,ITC-EQ
BUY,2026-07-09T10:25:00+05:30,282.9,0.005150462244796793,0.2362319951986959,10,-0.4117746776853436,0.41352804388440595,2026-07-09T15:07:00+05:30,281.85,-1.0499999999999545,CLOSED,0.0,ITC-EQ
SELL,2026-07-09T15:07:00+05:30,281.85,-0.0018970338642752876,0.5462244146054845,15,1.3648793089404174,1.7978249315782422,2026-07-10T09:39:00+05:30,283.15,1.2999999999999545,CLOSED,1.0,ITC-EQ
BUY,2026-07-10T09:39:00+05:30,283.15,0.000989452989832311,0.1690660620388762,9,0.6997065475084714,1.5066640274478753,2026-07-10T10:50:00+05:30,282.7,-0.44999999999998863,CLOSED,0.0,ITC-EQ
SELL,2026-07-10T10:50:00+05:30,282.7,-1.761465805679722e-05,0.12483322207382927,10,2.783163345639019,0.2359902010700365,2026-07-10T15:04:00+05:30,281.9,-0.8000000000000114,CLOSED,0.0,ITC-EQ
BUY,2026-07-10T15:04:00+05:30,281.9,0.0009727450413458644,0.20303256443788933,15,1.1324178856945395,0.7686735327255665,2026-07-13T09:16:00+05:30,279.8,-2.099999999999966,CLOSED,0.0,ITC-EQ
SELL,2026-07-13T09:16:00+05:30,279.8,-0.02389790501715555,0.6957010852370398,9,0.36048778970719647,1.061374154212816,2026-07-15T10:00:00+05:30,277.35,-2.4499999999999886,CLOSED,0.0,ITC-EQ
BUY,2026-07-15T10:00:00+05:30,277.35,0.007838229521274987,0.3320391543176859,10,-0.20125871220600036,1.1958710520109572,2026-07-15T12:38:00+05:30,276.75,-0.6000000000000227,CLOSED,0.0,ITC-EQ
SELL,2026-07-15T12:38:00+05:30,276.75,-0.003422724753423611,0.1410279720087108,12,0.3254983525993947,0.7059836418424451,2026-07-15T14:29:00+05:30,276.8,0.05000000000001137,CLOSED,1.0,ITC-EQ
BUY,2026-07-15T14:29:00+05:30,276.8,0.0028522099388554774,0.14298407059685103,14,-0.8253362452107545,0.8754838883718421,2026-07-15T15:21:00+05:30,276.35,-0.44999999999998863,CLOSED,0.0,ITC-EQ
SELL,2026-07-15T15:21:00+05:30,276.35,-0.0011160485027374742,0.09204467514323954,15,0.05895329432029478,1.1078288806222523,2026-07-16T09:19:00+05:30,277.5,1.1499999999999773,CLOSED,1.0,ITC-EQ
BUY,2026-07-16T09:19:00+05:30,277.5,0.0035277973530029594,0.20843330934484897,9,-0.326181169505637,0.8195950936537839,2026-07-17T09:23:00+05:30,278.3,0.8000000000000114,CLOSED,1.0,ITC-EQ
SELL,2026-07-17T09:23:00+05:30,278.3,-0.00806517486565047,0.6441186916158331,9,-0.48988349914417967,1.008334807029954,2026-07-17T09:46:00+05:30,280.0,1.6999999999999886,CLOSED,1.0,ITC-EQ
BUY,2026-07-17T09:46:00+05:30,280.0,0.010346762095058606,0.3958464910093851,9,1.5695443644331153,1.395520298646757,2026-07-17T12:19:00+05:30,279.5,-0.5,CLOSED,0.0,ITC-EQ
SELL,2026-07-17T12:19:00+05:30,279.5,-0.0007973998595361121,0.1646545204697143,12,-0.8994313954685654,0.7018153151233647,2026-07-17T12:22:00+05:30,279.9,0.39999999999997726,CLOSED,1.0,ITC-EQ
BUY,2026-07-17T12:22:00+05:30,279.9,0.0010086296669094285,0.1686548085423167,12,-0.9146072674805582,0.9067840573184817,2026-07-20T09:31:00+05:30,280.3,0.4000000000000341,CLOSED,1.0,ITC-EQ
SELL,2026-07-20T09:31:00+05:30,280.3,-0.0025677636125583693,0.2124591463997031,9,-0.014949266280674698,0.7947363669194655,2026-07-20T10:28:00+05:30,280.9,0.5999999999999659,CLOSED,1.0,ITC-EQ
BUY,2026-07-20T10:28:00+05:30,280.9,0.0027959741014194875,0.06770032003862975,10,0.17385906671877316,1.1165651224278652,2026-07-20T14:34:00+05:30,282.25,1.3500000000000227,CLOSED,1.0,ITC-EQ
SELL,2026-07-20T14:34:00+05:30,282.25,-0.0012830132323866917,0.048304589153958785,14,0.2604440661727441,0.6665643701089459,2026-07-20T15:10:00+05:30,282.65,0.39999999999997726,CLOSED,1.0,ITC-EQ
BUY,2026-07-20T15:10:00+05:30,282.65,0.0035976028421537878,0.10274023338281504,15,0.01997811636955128,0.7843663112726317,2026-07-21T11:12:00+05:30,282.3,-0.3499999999999659,CLOSED,0.0,ITC-EQ
SELL,2026-07-21T11:12:00+05:30,282.3,-0.005512546926579937,0.08644201653259477,11,0.9367981822719451,0.5331340589927246,2026-07-21T15:16:00+05:30,280.9,-1.400000000000034,CLOSED,0.0,ITC-EQ
BUY,2026-07-21T15:16:00+05:30,280.9,0.0019055292730172613,0.043779751788555615,15,-0.3002751364412338,1.0997777806240072,2026-07-22T09:25:00+05:30,280.25,-0.6499999999999773,CLOSED,0.0,ITC-EQ
SELL,2026-07-22T09:25:00+05:30,280.25,-5.19606347049234e-05,0.16574746520602365,9,-0.7711692792216525,0.5473029919932575,2026-07-22T11:43:00+05:30,280.5,0.25,CLOSED,1.0,ITC-EQ
BUY,2026-07-22T11:43:00+05:30,280.5,0.005974948041520615,0.2906410539174053,11,-0.7785878443820462,0.43117067459341557,2026-07-23T09:32:00+05:30,280.4,-0.10000000000002274,CLOSED,0.0,ITC-EQ
SELL,2026-07-23T09:32:00+05:30,280.4,-0.001903927343517733,0.19692073983654546,9,0.40131953305743184,1.63724511073553,2026-07-23T10:43:00+05:30,281.9,1.5,CLOSED,1.0,ITC-EQ
BUY,2026-07-23T10:43:00+05:30,281.9,0.0011908975783049502,0.6160808027812125,10,10.625067786218244,1.159002602632955,2026-07-23T12:55:00+05:30,280.7,-1.1999999999999886,CLOSED,0.0,ITC-EQ
SELL,2026-07-23T12:55:00+05:30,280.7,-0.0042416871158523755,0.5802537758984854,12,14.702982714697502,0.06454210023597891,2026-07-23T15:28:00+05:30,281.6,0.9000000000000341,CLOSED,1.0,ITC-EQ
BUY,2026-07-23T15:28:00+05:30,281.6,0.0013674131110987743,0.1585524799203462,15,0.8140541609514367,1.0053819789433702,2026-07-24T09:15:00+05:30,280.55,-1.0500000000000114,CLOSED,0.0,ITC-EQ
SELL,2026-07-24T09:15:00+05:30,280.55,-0.007448525024197481,0.14102797200871306,9,-0.05584316605372714,0.8593511523738245,2026-07-24T10:27:00+05:30,282.35,1.8000000000000114,CLOSED,1.0,ITC-EQ
BUY,2026-07-24T10:27:00+05:30,282.35,0.006632257080470216,0.4062361108736885,10,1.5083979259432077,0.8550728283565194,2026-07-27T14:41:00+05:30,286.0,3.6499999999999773,CLOSED,1.0,ITC-EQ
SELL,2026-07-27T14:41:00+05:30,286.0,-0.0010309600070854783,0.20138409955990358,14,9.431182097855524,0.3158102385718672,2026-07-28T09:27:00+05:30,287.2,1.1999999999999886,CLOSED,1.0,ITC-EQ
BUY,2026-07-28T09:27:00+05:30,287.2,0.004948090876028608,0.4184627953726676,9,-0.04790843934210285,1.9087749585443972,2026-07-28T10:02:00+05:30,285.45,-1.75,CLOSED,0.0,ITC-EQ
SELL,2026-07-28T10:02:00+05:30,285.45,-0.0037008612869969043,0.19888578520234376,10,0.9277623961185766,1.4522752566230828,2026-07-28T14:09:00+05:30,284.5,-0.9499999999999886,CLOSED,0.0,ITC-EQ
BUY,2026-07-28T14:09:00+05:30,284.5,0.0007127465794760703,0.13834337312965045,14,1.395431188078033,0.9868011559408691,2026-07-29T15:07:00+05:30,286.2,1.6999999999999886,CLOSED,1.0,ITC-EQ
SELL,2026-07-29T15:07:00+05:30,286.2,-0.00917989415513463,0.3223610811910657,15,-0.12740119082685494,1.4704117233873397,2026-07-30T09:27:00+05:30,287.65,1.4499999999999886,CLOSED,1.0,ITC-EQ
BUY,2026-07-30T09:27:00+05:30,287.65,0.009171270981567827,0.4472446509213714,9,0.08060150139121582,0.5308483524485709,2026-07-30T10:19:00+05:30,286.2,-1.4499999999999886,CLOSED,0.0,ITC-EQ
SELL,2026-07-30T10:19:00+05:30,286.2,-0.01046624823160563,0.2923088169119106,10,-0.008209785582638478,1.0029942389326865,2026-07-30T12:44:00+05:30,286.6,0.4000000000000341,CLOSED,1.0,ITC-EQ
BUY,2026-07-30T12:44:00+05:30,286.6,0.0009259040197885137,0.04116363011743759,12,-0.41327665681047565,1.17924483920137,2026-07-30T12:47:00+05:30,286.25,-0.35000000000002274,CLOSED,0.0,ITC-EQ
SELL,2026-07-30T12:47:00+05:30,286.25,-0.00014794206292413593,0.043779751788555615,12,-0.507012592019566,0.7661581137309292,2026-07-30T12:52:00+05:30,286.55,0.30000000000001137,CLOSED,1.0,ITC-EQ
BUY,2026-07-30T12:52:00+05:30,286.55,0.00015270448189577587,0.12572014777098056,12,0.5346463245195758,1.3350625406695105,2026-07-30T12:55:00+05:30,286.4,-0.1500000000000341,CLOSED,0.0,ITC-EQ
SELL,2026-07-30T12:55:00+05:30,286.4,-1.766592093919868e-05,0.12258783698956151,12,0.5743518447808518,0.5529531076447578,2026-07-30T12:58:00+05:30,286.5,0.10000000000002274,CLOSED,1.0,ITC-EQ
BUY,2026-07-30T12:58:00+05:30,286.5,4.202235147442637e-05,0.08881941729650225,12,-0.34098753496330664,1.2430399884301107,2026-07-30T13:03:00+05:30,286.3,-0.19999999999998863,CLOSED,0.0,ITC-EQ
SELL,2026-07-30T13:03:00+05:30,286.3,-0.0013970199273512622,0.07245688373096366,13,3.6934495829833036,1.9097537086763217,2026-07-31T13:19:00+05:30,282.65,-3.650000000000034,CLOSED,0.0,ITC-EQ
BUY,2026-07-31T13:19:00+05:30,282.65,0.0004716154381476454,0.04082482904639558,13,-0.4374339323105977,1.2111714621256606,2026-07-31T13:37:00+05:30,280.7,-1.9499999999999886,CLOSED,0.0,ITC-EQ
SELL,2026-07-31T13:37:00+05:30,280.7,-0.023176709023125932,0.8086511402741473,13,4.408316902407342,1.7030071034810372,2026-08-03T09:17:00+05:30,288.3,7.600000000000023,CLOSED,1.0,ITC-EQ
BUY,2026-08-03T09:17:00+05:30,288.3,0.026455876242533476,2.367980855778464,9,2.2780074801751913,2.0492875601812517,2026-08-03T12:49:00+05:30,287.3,-1.0,CLOSED,0.0,ITC-EQ
SELL,2026-08-03T12:49:00+05:30,287.3,-0.0049401162014603645,0.20303256443788525,12,-0.24979107757819144,1.2572482566035432,2026-08-04T11:19:00+05:30,288.25,0.9499999999999886,CLOSED,1.0,ITC-EQ
BUY,2026-08-04T11:19:00+05:30,288.25,0.014727514671032444,0.49410412757726613,11,-0.37641725282960653,0.9538088293420927,2026-08-04T13:57:00+05:30,286.55,-1.6999999999999886,CLOSED,0.0,ITC-EQ
SELL,2026-08-04T13:57:00+05:30,286.55,-0.0032307797422000484,0.14729034063523397,13,2.6606574122152624,1.3356082866851617,2026-08-05T09:40:00+05:30,287.0,0.44999999999998863,CLOSED,1.0,ITC-EQ
BUY,2026-08-05T09:40:00+05:30,287.0,0.0006415723472779506,0.09846036991828268,9,-0.3687733521700841,0.8580251851174695,2026-08-05T09:59:00+05:30,286.3,-0.6999999999999886,CLOSED,0.0,ITC-EQ
SELL,2026-08-05T09:59:00+05:30,286.3,-0.0048615230841359365,0.34075080500434013,9,0.6277088109075778,0.8041641200074406,2026-08-05T13:45:00+05:30,286.25,-0.05000000000001137,CLOSED,0.0,ITC-EQ
BUY,2026-08-05T13:45:00+05:30,286.25,0.004615868116149025,0.18104634152001337,13,0.591750345218637,1.8302917480468752,2026-08-06T09:38:00+05:30,285.4,-0.8500000000000227,CLOSED,0.0,ITC-EQ
SELL,2026-08-06T09:38:00+05:30,285.4,-0.007881746595787909,0.23897931105246178,9,0.6132460037206723,1.8544162739197094,2026-08-06T12:08:00+05:30,285.4,0.0,CLOSED,0.0,ITC-EQ
BUY,2026-08-06T12:08:00+05:30,285.4,0.0014986164140998973,0.053748384988659824,12,-0.11562723023484431,0.9239024326751618,2026-08-06T12:25:00+05:30,284.9,-0.5,CLOSED,0.0,ITC-EQ
SELL,2026-08-06T12:25:00+05:30,284.9,-0.001236011150974407,0.2000694323923033,12,0.572626144309358,1.4768035131064592,2026-08-06T12:42:00+05:30,285.3,0.4000000000000341,CLOSED,1.0,ITC-EQ
BUY,2026-08-06T12:42:00+05:30,285.3,0.0019194237854444943,0.06749485577104818,12,1.588393928299244,0.29095950296190143,2026-08-06T12:45:00+05:30,285.1,-0.19999999999998863,CLOSED,0.0,ITC-EQ
SELL,2026-08-06T12:45:00+05:30,285.1,-0.0003475659026399796,0.08563488385776118,12,-0.6484860232639447,1.2779169155829235,2026-08-06T14:17:00+05:30,285.2,0.0999999999999659,CLOSED,1.0,ITC-EQ
BUY,2026-08-06T14:17:00+05:30,285.2,0.0001247312058042654,0.07245688373095452,14,-0.5284236177560616,0.9464610953449956,2026-08-06T14:48:00+05:30,284.65,-0.5500000000000114,CLOSED,0.0,ITC-EQ
SELL,2026-08-06T14:48:00+05:30,284.65,-0.0034446126817592603,0.09775252199076555,14,-0.3215209761449234,0.6919618426585713,2026-08-07T09:18:00+05:30,285.45,0.8000000000000114,CLOSED,1.0,ITC-EQ
BUY,2026-08-07T09:18:00+05:30,285.45,0.004689318088485682,0.41099472827113537,9,0.42719249033903806,0.3793512319087914,2026-08-07T10:27:00+05:30,284.7,-0.75,CLOSED,0.0,ITC-EQ
SELL,2026-08-07T10:27:00+05:30,284.7,-0.0003466933203098529,0.0955975359979972,10,-0.18615587700166678,1.3912918595613826,2026-08-07T11:28:00+05:30,285.1,0.4000000000000341,CLOSED,1.0,ITC-EQ
BUY,2026-08-07T11:28:00+05:30,285.1,0.0003049336979158492,0.0550252467307431,11,-0.1541319902720677,0.9660906186465291,2026-08-07T12:40:00+05:30,284.85,-0.25,CLOSED,0.0,ITC-EQ
SELL,2026-08-07T12:40:00+05:30,284.85,-0.0007979186125341986,0.05868938953887671,12,0.4174415947037599,1.805875933229159,2026-08-07T13:40:00+05:30,285.05,0.19999999999998863,CLOSED,1.0,ITC-EQ
BUY,2026-08-07T13:40:00+05:30,285.05,0.00034506843513490827,0.048591265790362555,13,-0.12368658059404718,0.9936622130866736,2026-08-07T14:03:00+05:30,284.7,-0.35000000000002274,CLOSED,0.0,ITC-EQ
SELL,2026-08-07T14:03:00+05:30,284.7,-0.0018998694389964388,0.11167910378501111,14,1.0457991949613878,1.0686494936808917,,,,OPEN,,ITC-EQ
SELL,2026-06-25T14:29:00+05:30,240.24,-0.00432690922248849,0.1254370138533485,14,-0.2193175528555871,0.745647299347095,2026-06-30T11:03:00+05:30,237.14,-3.1000000000000227,CLOSED,0.0,JIOFIN-EQ
BUY,2026-06-30T11:03:00+05:30,237.14,0.0014148430656784408,0.10064238117656193,11,-0.07432658754734289,0.9393049683722593,2026-06-30T15:04:00+05:30,236.31,-0.8299999999999841,CLOSED,0.0,JIOFIN-EQ
SELL,2026-06-30T15:04:00+05:30,236.31,-0.014943364791223941,0.5384391020966709,15,4.626055529588102,0.5899475043624931,2026-07-01T10:31:00+05:30,237.4,1.0900000000000034,CLOSED,1.0,JIOFIN-EQ
BUY,2026-07-01T10:31:00+05:30,237.4,0.002312532829472534,0.18583445440618476,10,-0.39351171494091636,1.7188619149941329,2026-07-01T10:38:00+05:30,236.88,-0.5200000000000102,CLOSED,0.0,JIOFIN-EQ
SELL,2026-07-01T10:38:00+05:30,236.88,-0.003918108281145252,0.09919677414109923,10,-0.5921150207648797,0.7500649326555601,2026-07-01T11:12:00+05:30,237.46,0.5800000000000125,CLOSED,1.0,JIOFIN-EQ
BUY,2026-07-01T11:12:00+05:30,237.46,0.003794227104303113,0.1048861816976428,11,0.24167846378422464,0.8401789107492619,2026-07-02T10:43:00+05:30,239.5,2.039999999999992,CLOSED,1.0,JIOFIN-EQ
SELL,2026-07-02T10:43:00+05:30,239.5,-0.0009979190927419577,0.04605552204796566,10,-0.35891571532964917,0.44873584612998296,2026-07-02T12:06:00+05:30,240.08,0.5800000000000125,CLOSED,1.0,JIOFIN-EQ
BUY,2026-07-02T12:06:00+05:30,240.08,0.0005053574582519683,0.3157724215668957,12,-0.5867948592878192,0.36347881373313096,2026-07-02T14:18:00+05:30,239.64,-0.44000000000002615,CLOSED,0.0,JIOFIN-EQ
SELL,2026-07-02T14:18:00+05:30,239.64,-0.0002981976559352481,0.031287200080686584,14,0.47616010196217506,1.023482229664038,2026-07-02T14:52:00+05:30,239.81,0.17000000000001592,CLOSED,1.0,JIOFIN-EQ
BUY,2026-07-02T14:52:00+05:30,239.81,0.0005443336203116325,0.054660568765591104,14,0.024179242299800823,0.4165875765197171,2026-07-02T14:53:00+05:30,239.65,-0.1599999999999966,CLOSED,0.0,JIOFIN-EQ
SELL,2026-07-02T14:53:00+05:30,239.65,-0.00022041882817791769,0.05652924513519996,14,-0.1211443463260781,1.4334240633782558,2026-07-02T14:54:00+05:30,239.89,0.23999999999998067,CLOSED,1.0,JIOFIN-EQ
BUY,2026-07-02T14:54:00+05:30,239.89,0.0032312089572841766,0.06511528238439838,14,-0.17140412954743894,1.8283354451170866,2026-07-02T15:29:00+05:30,239.69,-0.19999999999998863,CLOSED,0.0,JIOFIN-EQ
SELL,2026-07-02T15:29:00+05:30,239.69,-2.0881738934801747e-05,0.055337349251854795,15,0.23041686066423764,0.7539441831993099,2026-07-03T09:15:00+05:30,241.06,1.3700000000000045,CLOSED,1.0,JIOFIN-EQ
BUY,2026-07-03T09:15:00+05:30,241.06,0.023591492242725047,0.05966573556070057,9,0.10707267339455452,0.8115018641144065,2026-07-03T11:05:00+05:30,240.02,-1.039999999999992,CLOSED,0.0,JIOFIN-EQ
SELL,2026-07-03T11:05:00+05:30,240.02,-0.002836303114180005,0.13958669150189454,11,-0.23543362258203882,1.0223123017271767,2026-07-06T11:01:00+05:30,240.37,0.3499999999999943,CLOSED,1.0,JIOFIN-EQ
BUY,2026-07-06T11:01:00+05:30,240.37,0.008226089362664397,0.622039655756231,11,2.8028379096904046,1.0249182423896654,2026-07-06T12:52:00+05:30,239.1,-1.2700000000000102,CLOSED,0.0,JIOFIN-EQ
SELL,2026-07-06T12:52:00+05:30,239.1,-0.004159918789115227,0.07627435858646837,12,0.12620365063711497,1.1152309373462017,2026-07-06T13:03:00+05:30,239.72,0.6200000000000045,CLOSED,1.0,JIOFIN-EQ
BUY,2026-07-06T13:03:00+05:30,239.72,0.003822499001421258,0.15692885861646766,13,-0.6786541547485373,0.7776520370005904,2026-07-06T13:53:00+05:30,239.35,-0.37000000000000455,CLOSED,0.0,JIOFIN-EQ
SELL,2026-07-06T13:53:00+05:30,239.35,-0.00198635095966953,0.08315981935739943,13,0.7816036887266296,1.2102954522537057,2026-07-06T15:13:00+05:30,240.23,0.8799999999999955,CLOSED,1.0,JIOFIN-EQ
BUY,2026-07-06T15:13:00+05:30,240.23,0.003610900549695871,0.5218812125378782,15,-0.14050961815192167,0.7907523930054723,2026-07-08T09:15:00+05:30,239.92,-0.3100000000000023,CLOSED,0.0,JIOFIN-EQ
SELL,2026-07-08T09:15:00+05:30,239.92,-0.02900029979501197,0.1032203683603407,9,-0.3351079864115904,0.8731762345557813,2026-07-09T11:50:00+05:30,233.41,-6.509999999999991,CLOSED,0.0,JIOFIN-EQ
BUY,2026-07-09T11:50:00+05:30,233.41,0.005327631181642705,0.08259674462242597,11,-0.342946227258457,0.6089752949421796,2026-07-09T14:03:00+05:30,233.36,-0.04999999999998295,CLOSED,0.0,JIOFIN-EQ
SELL,2026-07-09T14:03:00+05:30,233.36,-0.00012813280369074878,0.06566751268491193,14,0.423740606702559,0.34245050445812836,2026-07-09T14:14:00+05:30,233.53,0.1699999999999875,CLOSED,1.0,JIOFIN-EQ
BUY,2026-07-09T14:14:00+05:30,233.53,0.0018723693092018558,0.11193251935380243,14,0.7367513761974154,1.0357565957991803,2026-07-09T15:03:00+05:30,233.15,-0.37999999999999545,CLOSED,0.0,JIOFIN-EQ
SELL,2026-07-09T15:03:00+05:30,233.15,-0.0023522560539640533,0.2196057072725319,15,0.8043090896801155,1.1323728660464276,2026-07-09T15:25:00+05:30,233.76,0.6099999999999852,CLOSED,1.0,JIOFIN-EQ
BUY,2026-07-09T15:25:00+05:30,233.76,0.004957467718268423,0.1846197292936096,15,0.43716880304904304,0.8901520297150752,2026-07-13T11:55:00+05:30,240.75,6.990000000000009,CLOSED,1.0,JIOFIN-EQ
SELL,2026-07-13T11:55:00+05:30,240.75,-0.004385563760295313,0.6024404073802238,11,-0.054881585379463124,0.2474006862959298,2026-07-13T13:02:00+05:30,242.04,1.289999999999992,CLOSED,1.0,JIOFIN-EQ
BUY,2026-07-13T13:02:00+05:30,242.04,0.0015960887247732267,0.06783149055645893,13,-0.11614482772059195,2.024493851905234,2026-07-13T13:37:00+05:30,241.4,-0.6399999999999864,CLOSED,0.0,JIOFIN-EQ
SELL,2026-07-13T13:37:00+05:30,241.4,-0.00045432669539733164,0.07238784428341617,13,0.1534915879087451,1.6233349983349983,2026-07-13T15:11:00+05:30,241.74,0.3400000000000034,CLOSED,1.0,JIOFIN-EQ
BUY,2026-07-13T15:11:00+05:30,241.74,0.0014447259413425003,0.08056053624449316,15,0.30159091080206485,0.7238481785148607,2026-07-13T15:26:00+05:30,240.96,-0.7800000000000011,CLOSED,0.0,JIOFIN-EQ
SELL,2026-07-13T15:26:00+05:30,240.96,-0.0026771099753514034,0.3755425704527003,15,2.1419151354447563,0.579301493236157,2026-07-15T09:27:00+05:30,237.86,-3.0999999999999943,CLOSED,0.0,JIOFIN-EQ
BUY,2026-07-15T09:27:00+05:30,237.86,0.014668069644492628,0.23219723416861712,9,-0.2673804507114857,1.2113266706471892,2026-07-15T12:31:00+05:30,237.06,-0.8000000000000114,CLOSED,0.0,JIOFIN-EQ
SELL,2026-07-15T12:31:00+05:30,237.06,-0.00040968749126700217,0.11425604773684393,12,-0.36929669772739976,1.5760516586730615,2026-07-15T14:45:00+05:30,237.21,0.15000000000000568,CLOSED,1.0,JIOFIN-EQ
BUY,2026-07-15T14:45:00+05:30,237.21,0.005818672021948904,0.16594845250525483,14,0.21242562970490853,0.6129612926896384,2026-07-15T15:14:00+05:30,236.4,-0.8100000000000023,CLOSED,0.0,JIOFIN-EQ
SELL,2026-07-15T15:14:00+05:30,236.4,-0.0045207949926673935,0.0945456973578916,15,-0.4937265035942606,0.9766315386847451,2026-07-16T11:11:00+05:30,236.41,0.009999999999990905,CLOSED,1.0,JIOFIN-EQ
BUY,2026-07-16T11:11:00+05:30,236.41,0.001376437451700856,0.037475918193476274,11,0.043275733961245524,0.4025483697190493,2026-07-16T11:54:00+05:30,235.91,-0.5,CLOSED,0.0,JIOFIN-EQ
SELL,2026-07-16T11:54:00+05:30,235.91,-0.0012360875146080674,0.11483805021759276,11,1.8117914842216605,0.8724861510134759,2026-07-17T09:15:00+05:30,245.14,9.22999999999999,CLOSED,1.0,JIOFIN-EQ
BUY,2026-07-17T09:15:00+05:30,245.14,0.13919474212228056,0.1459870618315949,9,-0.3452009346597114,1.2571370198855898,2026-07-17T14:03:00+05:30,242.96,-2.1799999999999784,CLOSED,0.0,JIOFIN-EQ
SELL,2026-07-17T14:03:00+05:30,242.96,-0.002089581230452947,0.09155447680055269,14,0.5486918443004146,0.7722007722007722,2026-07-21T12:58:00+05:30,238.17,-4.7900000000000205,CLOSED,0.0,JIOFIN-EQ
BUY,2026-07-21T12:58:00+05:30,238.17,0.005229290018122123,0.15527752931802466,12,-0.147968138245384,0.6225813834750612,2026-07-22T09:39:00+05:30,238.0,-0.1699999999999875,CLOSED,0.0,JIOFIN-EQ
SELL,2026-07-22T09:39:00+05:30,238.0,-0.01916278734195323,0.19427643535265388,9,-0.4969481295077084,0.5539415634935982,2026-07-23T11:04:00+05:30,235.6,-2.4000000000000057,CLOSED,0.0,JIOFIN-EQ
BUY,2026-07-23T11:04:00+05:30,235.6,0.007785517083642702,0.14877649157190445,11,-0.4920674122656936,1.1178193521498532,2026-07-23T11:21:00+05:30,234.82,-0.7800000000000011,CLOSED,0.0,JIOFIN-EQ
SELL,2026-07-23T11:21:00+05:30,234.82,-0.004879104045773537,0.18560411872824456,11,0.21458824361457876,1.0945387959963815,2026-07-24T11:37:00+05:30,233.0,-1.8199999999999932,CLOSED,0.0,JIOFIN-EQ
BUY,2026-07-24T11:37:00+05:30,233.0,0.002695953059041287,0.12609079621006536,11,0.10294689192617053,1.2279765359422934,2026-07-27T13:36:00+05:30,235.41,2.4099999999999966,CLOSED,1.0,JIOFIN-EQ
SELL,2026-07-27T13:36:00+05:30,235.41,-0.004205928645864665,0.17903755037545904,13,0.18485481929837538,1.0604797293214911,2026-07-27T14:24:00+05:30,236.1,0.6899999999999977,CLOSED,1.0,JIOFIN-EQ
BUY,2026-07-27T14:24:00+05:30,236.1,0.006485990048766005,0.04157990967869546,14,-0.42949987149694696,1.149327081015207,2026-07-28T13:03:00+05:30,237.16,1.0600000000000023,CLOSED,1.0,JIOFIN-EQ
SELL,2026-07-28T13:03:00+05:30,237.16,-0.0010124345333309439,0.07214183560489533,13,-0.19535095337198233,1.7436002878585382,2026-07-28T15:29:00+05:30,237.5,0.3400000000000034,CLOSED,1.0,JIOFIN-EQ
BUY,2026-07-28T15:29:00+05:30,237.5,0.006522670094002889,0.10614455552060484,15,0.10617485358771571,1.0228043295606188,2026-07-30T10:12:00+05:30,245.5,8.0,CLOSED,1.0,JIOFIN-EQ
SELL,2026-07-30T10:12:00+05:30,245.5,-0.0075522770327678896,0.12395787815042311,10,-0.08257918551861258,0.9969312403884786,2026-07-30T10:33:00+05:30,246.8,1.3000000000000114,CLOSED,1.0,JIOFIN-EQ
BUY,2026-07-30T10:33:00+05:30,246.8,0.009615923797705725,0.7910358890580014,10,-0.329996871630366,0.2999898315566226,2026-07-30T12:05:00+05:30,246.0,-0.8000000000000114,CLOSED,0.0,JIOFIN-EQ
SELL,2026-07-30T12:05:00+05:30,246.0,-0.0033806684548232874,0.19872929661560315,12,1.0232035544999911,1.6297698683158737,2026-07-30T13:38:00+05:30,247.33,1.3300000000000125,CLOSED,1.0,JIOFIN-EQ
BUY,2026-07-30T13:38:00+05:30,247.33,0.013415596431993018,0.5197007686052499,13,0.5514606926300852,0.7873444572813879,2026-07-30T13:58:00+05:30,245.87,-1.460000000000008,CLOSED,0.0,JIOFIN-EQ
SELL,2026-07-30T13:58:00+05:30,245.87,-0.003834155628192802,0.10317730155201237,13,1.602203453525503,1.3602114355811499,2026-07-30T14:57:00+05:30,247.18,1.3100000000000023,CLOSED,1.0,JIOFIN-EQ
BUY,2026-07-30T14:57:00+05:30,247.18,0.003933990263970968,0.1730895721873518,14,-0.043598572534206834,1.7547847337965132,2026-08-04T12:00:00+05:30,262.85,15.670000000000016,CLOSED,1.0,JIOFIN-EQ
SELL,2026-08-04T12:00:00+05:30,262.85,-0.0065292268436999,0.19329022507904914,12,-0.38559415113339623,0.9515176795225566,2026-08-04T13:24:00+05:30,264.7,1.849999999999966,CLOSED,1.0,JIOFIN-EQ
BUY,2026-08-04T13:24:00+05:30,264.7,0.008026880324940736,0.6984307807904437,13,1.8248789679134692,0.9420211772481072,2026-08-05T10:35:00+05:30,263.7,-1.0,CLOSED,0.0,JIOFIN-EQ
SELL,2026-08-05T10:35:00+05:30,263.7,-0.001210473928191127,0.5333593743642514,10,-0.389531866111218,0.38817392075577295,2026-08-06T09:20:00+05:30,265.15,1.4499999999999886,CLOSED,1.0,JIOFIN-EQ
BUY,2026-08-06T09:20:00+05:30,265.15,0.02751410757415832,1.8704500349737592,9,2.191951331592908,1.1695514763637802,2026-08-06T10:06:00+05:30,261.3,-3.849999999999966,CLOSED,0.0,JIOFIN-EQ
SELL,2026-08-06T10:06:00+05:30,261.3,-0.01070485429674517,0.6276941930590104,10,1.925313525885596,1.31140364864516,2026-08-06T10:35:00+05:30,263.65,2.349999999999966,CLOSED,1.0,JIOFIN-EQ
BUY,2026-08-06T10:35:00+05:30,263.65,0.014043304808542992,0.13385315336841996,10,0.5407516791096735,0.26420879064255165,2026-08-06T15:06:00+05:30,263.75,0.10000000000002274,CLOSED,1.0,JIOFIN-EQ
SELL,2026-08-06T15:06:00+05:30,263.75,-0.0055563005472180375,0.2748737083745123,15,-0.03425119226095256,1.031020703735048,,,,OPEN,,JIOFIN-EQ
BUY,2026-06-24T11:36:00+05:30,107.29,0.002545000914423848,0.05349974039397115,11,0.6551583278624479,0.5309823493386715,2026-06-25T13:17:00+05:30,108.1,0.8099999999999881,CLOSED,1.0,PNB-EQ
SELL,2026-06-25T13:17:00+05:30,108.1,-0.004247209124901674,0.07046669820245452,13,1.5312675186728282,0.6064414681276334,2026-06-25T13:38:00+05:30,108.55,0.45000000000000284,CLOSED,1.0,PNB-EQ
BUY,2026-06-25T13:38:00+05:30,108.55,0.009460032914079973,0.05169354139756775,13,0.5878069590689359,1.669016106236382,2026-06-25T14:15:00+05:30,108.0,-0.5499999999999972,CLOSED,0.0,PNB-EQ
SELL,2026-06-25T14:15:00+05:30,108.0,-0.0026985251640001167,0.040400770069671854,14,0.6056260491035852,0.8805146335568509,2026-06-29T14:35:00+05:30,107.09,-0.9099999999999966,CLOSED,0.0,PNB-EQ
BUY,2026-06-29T14:35:00+05:30,107.09,0.0031029552232329726,0.059029182989809505,14,7.008773661306499,2.0789350015022765,2026-06-29T15:19:00+05:30,106.87,-0.21999999999999886,CLOSED,0.0,PNB-EQ
SELL,2026-06-29T15:19:00+05:30,106.87,-0.0031469236268930278,0.04817791102892461,15,0.16054817877339977,1.1591107388152766,2026-06-29T15:29:00+05:30,107.2,0.3299999999999983,CLOSED,1.0,PNB-EQ
BUY,2026-06-29T15:29:00+05:30,107.2,0.0031403245583864602,0.09942054337230448,15,-0.27542169248993104,0.6799589585516005,2026-06-30T10:49:00+05:30,107.02,-0.18000000000000682,CLOSED,0.0,PNB-EQ
SELL,2026-06-30T10:49:00+05:30,107.02,-0.0004967497266659152,0.01712697677155305,10,0.18709856032847477,0.41880451513596717,2026-06-30T10:50:00+05:30,107.12,0.10000000000000853,CLOSED,1.0,PNB-EQ
BUY,2026-06-30T10:50:00+05:30,107.12,0.0009795276164387863,0.012516655570346074,10,1.1258534909717184,0.9113431679524839,2026-06-30T10:53:00+05:30,107.03,-0.09000000000000341,CLOSED,0.0,PNB-EQ
SELL,2026-06-30T10:53:00+05:30,107.03,-0.0011350181744891224,0.04467164151400264,10,-0.26981943923317486,0.5895490259390808,2026-06-30T14:32:00+05:30,107.07,0.03999999999999204,CLOSED,1.0,PNB-EQ
BUY,2026-06-30T14:32:00+05:30,107.07,0.0018379371012590033,0.15041054927541986,14,-0.18702452662370364,1.1501271184877142,2026-06-30T15:17:00+05:30,106.58,-0.4899999999999949,CLOSED,0.0,PNB-EQ
SELL,2026-06-30T15:17:00+05:30,106.58,-0.0013781301275664183,0.07705697747626644,15,-0.10342366028126164,0.9489659948562639,2026-07-01T09:48:00+05:30,107.16,0.5799999999999983,CLOSED,1.0,PNB-EQ
BUY,2026-07-01T09:48:00+05:30,107.16,0.011762861493881567,0.14913081505845702,9,3.4026954770644338,0.6479626650307055,2026-07-01T13:05:00+05:30,107.21,0.04999999999999716,CLOSED,1.0,PNB-EQ
SELL,2026-07-01T13:05:00+05:30,107.21,-0.0073742886893912365,0.08646772037394518,13,0.7647711253929834,0.6657218752999235,2026-07-01T15:11:00+05:30,107.52,0.3100000000000023,CLOSED,1.0,PNB-EQ
BUY,2026-07-01T15:11:00+05:30,107.52,0.0031134353893988824,0.052334394893689594,15,0.55572063470798,0.9555203303514522,2026-07-02T10:33:00+05:30,107.05,-0.46999999999999886,CLOSED,0.0,PNB-EQ
SELL,2026-07-02T10:33:00+05:30,107.05,-0.007969504207986738,0.08126773310757743,10,2.2230364659870454,1.3434112626906423,2026-07-03T15:03:00+05:30,105.45,-1.5999999999999943,CLOSED,0.0,PNB-EQ
BUY,2026-07-03T15:03:00+05:30,105.45,0.007016518134995046,0.08971560003081099,15,0.18817389739043486,1.6197048293386849,2026-07-06T09:21:00+05:30,104.6,-0.8500000000000085,CLOSED,0.0,PNB-EQ
SELL,2026-07-06T09:21:00+05:30,104.6,-0.0024347869303622247,0.1558631878710737,9,0.0723070247388137,1.172134191803147,2026-07-07T13:04:00+05:30,103.97,-0.6299999999999955,CLOSED,0.0,PNB-EQ
BUY,2026-07-07T13:04:00+05:30,103.97,0.004372795235800356,0.08478076301719509,13,0.892498071952408,0.2457286526095409,2026-07-07T13:32:00+05:30,103.71,-0.2600000000000051,CLOSED,0.0,PNB-EQ
SELL,2026-07-07T13:32:00+05:30,103.71,-0.0008513933973433159,0.020548046676563007,13,-0.16660932983292548,0.5091847265221878,2026-07-07T13:46:00+05:30,103.9,0.19000000000001194,CLOSED,1.0,PNB-EQ
BUY,2026-07-07T13:46:00+05:30,103.9,0.0030486272833911542,0.10220350070107971,13,0.5381478611549602,1.079975256274302,2026-07-08T09:15:00+05:30,102.83,-1.0700000000000074,CLOSED,0.0,PNB-EQ
SELL,2026-07-08T09:15:00+05:30,102.83,-0.020419548519690682,0.09227976785599355,9,3.2022625928828763,1.0280113806203488,2026-07-09T09:57:00+05:30,102.1,-0.730000000000004,CLOSED,0.0,PNB-EQ
BUY,2026-07-09T09:57:00+05:30,102.1,0.0008811211186932455,0.05989806155275487,9,-0.7482181152922999,1.0238564956890253,2026-07-13T09:25:00+05:30,104.69,2.5900000000000034,CLOSED,1.0,PNB-EQ
SELL,2026-07-13T09:25:00+05:30,104.69,-0.015091344493137832,0.1626994502483368,9,-0.7319946629542944,0.5526629533727017,2026-07-13T09:49:00+05:30,105.67,0.980000000000004,CLOSED,1.0,PNB-EQ
BUY,2026-07-13T09:49:00+05:30,105.67,0.012936909359193739,0.11528226229563548,9,0.2994625118978927,1.4024581795334956,2026-07-13T11:43:00+05:30,105.2,-0.46999999999999886,CLOSED,0.0,PNB-EQ
SELL,2026-07-13T11:43:00+05:30,105.2,-0.0006619051852927478,0.034657049948186934,11,0.45531088074228293,1.011086677661719,2026-07-13T12:29:00+05:30,105.65,0.45000000000000284,CLOSED,1.0,PNB-EQ
BUY,2026-07-13T12:29:00+05:30,105.65,0.008990906790276653,0.08500980335623996,12,0.9337185928866231,2.016904446350147,2026-07-14T09:37:00+05:30,105.43,-0.21999999999999886,CLOSED,0.0,PNB-EQ
SELL,2026-07-14T09:37:00+05:30,105.43,-0.005070045409346043,0.14283245818479215,9,1.5480193298001639,1.2859179390998279,2026-07-14T15:12:00+05:30,105.12,-0.3100000000000023,CLOSED,0.0,PNB-EQ
BUY,2026-07-14T15:12:00+05:30,105.12,0.001942060966995669,0.026012817353502367,15,0.034886944734711225,0.3541688371608448,2026-07-14T15:19:00+05:30,104.83,-0.29000000000000625,CLOSED,0.0,PNB-EQ
SELL,2026-07-14T15:19:00+05:30,104.83,-0.005296010604886582,0.07501111028818715,15,1.6157186242462562,1.545196800481999,2026-07-15T09:17:00+05:30,105.42,0.5900000000000034,CLOSED,1.0,PNB-EQ
BUY,2026-07-15T09:17:00+05:30,105.42,0.012258582368848234,0.1643032426811946,9,0.6015249235454938,1.549293543422108,2026-07-15T13:42:00+05:30,105.7,0.28000000000000114,CLOSED,1.0,PNB-EQ
SELL,2026-07-15T13:42:00+05:30,105.7,-0.002750536305941712,0.09028350409189563,13,0.49954227974337634,2.069131196653666,2026-07-17T09:32:00+05:30,105.55,-0.15000000000000568,CLOSED,0.0,PNB-EQ
BUY,2026-07-17T09:32:00+05:30,105.55,0.0032101373557862516,0.06026792034093961,9,0.9572466838002396,2.1652107596138155,2026-07-17T09:50:00+05:30,105.05,-0.5,CLOSED,0.0,PNB-EQ
SELL,2026-07-17T09:50:00+05:30,105.05,-0.007882272194181198,0.10906165432655111,9,1.2442080229912944,0.36067841227879377,2026-07-17T12:48:00+05:30,105.17,0.12000000000000455,CLOSED,1.0,PNB-EQ
BUY,2026-07-17T12:48:00+05:30,105.17,0.0039948455887217375,0.02415229457698233,12,3.3884984021395304,1.7157049415348775,2026-07-17T13:58:00+05:30,104.97,-0.20000000000000284,CLOSED,0.0,PNB-EQ
SELL,2026-07-17T13:58:00+05:30,104.97,-0.0025170386657576782,0.05482294734466245,13,0.5141801002719313,1.3712267017828201,2026-07-17T14:21:00+05:30,105.29,0.3200000000000074,CLOSED,1.0,PNB-EQ
BUY,2026-07-17T14:21:00+05:30,105.29,0.005699364928636644,0.2612385032026393,14,-0.44368499021204233,0.5355866814605198,2026-07-21T12:57:00+05:30,111.88,6.589999999999989,CLOSED,1.0,PNB-EQ
SELL,2026-07-21T12:57:00+05:30,111.88,-0.006223854234474596,0.07030884249746505,12,0.006179888107698223,0.7697802135133902,2026-07-21T13:21:00+05:30,112.17,0.29000000000000625,CLOSED,1.0,PNB-EQ
BUY,2026-07-21T13:21:00+05:30,112.17,0.0039026189627641866,0.042544094772368396,13,-0.32305563706666157,0.5278152832315525,2026-07-21T15:06:00+05:30,112.05,-0.12000000000000455,CLOSED,0.0,PNB-EQ
SELL,2026-07-21T15:06:00+05:30,112.05,-0.0012340772899435703,0.0671978835645564,15,0.8158197076637965,1.4344503572101988,2026-07-23T10:20:00+05:30,110.75,-1.2999999999999972,CLOSED,0.0,PNB-EQ
BUY,2026-07-23T10:20:00+05:30,110.75,0.004145220226997988,0.09165757530674215,10,-0.5246837872863116,1.138500286076489,2026-07-23T11:22:00+05:30,110.56,-0.18999999999999773,CLOSED,0.0,PNB-EQ
SELL,2026-07-23T11:22:00+05:30,110.56,-9.70549011879557e-05,0.02270584848790194,11,-0.293875122168798,0.6933576115090592,2026-07-24T12:19:00+05:30,109.59,-0.9699999999999989,CLOSED,0.0,PNB-EQ
BUY,2026-07-24T12:19:00+05:30,109.59,0.0035398401102539655,0.04472135954999431,12,-0.20419013527108296,0.978800105834105,2026-07-28T15:02:00+05:30,111.87,2.280000000000001,CLOSED,1.0,PNB-EQ
SELL,2026-07-28T15:02:00+05:30,111.87,-7.187416088002093e-05,0.044484703987874956,15,1.5340975119497955,1.9545890396681467,2026-07-29T10:16:00+05:30,112.03,0.1599999999999966,CLOSED,1.0,PNB-EQ
BUY,2026-07-29T10:16:00+05:30,112.03,0.00534173634547697,0.04718756898449621,10,0.5999286555772746,0.8576247855210989,2026-07-29T10:31:00+05:30,111.5,-0.5300000000000011,CLOSED,0.0,PNB-EQ
SELL,2026-07-29T10:31:00+05:30,111.5,-0.007047975977751193,0.17205942126034457,10,2.5719526893750806,1.9619842997236556,2026-07-30T12:41:00+05:30,111.21,-0.29000000000000625,CLOSED,0.0,PNB-EQ
BUY,2026-07-30T12:41:00+05:30,111.21,0.001532327590970728,0.1199490632634423,12,-0.5527796808387566,1.0286587669105611,2026-08-03T13:01:00+05:30,113.4,2.190000000000012,CLOSED,1.0,PNB-EQ
SELL,2026-08-03T13:01:00+05:30,113.4,-0.003057055925314545,0.024244128727956952,13,-0.3968632448561705,1.0055977779292482,2026-08-04T10:00:00+05:30,113.68,0.28000000000000114,CLOSED,1.0,PNB-EQ
BUY,2026-08-04T10:00:00+05:30,113.68,0.005830433382662794,0.08071899129421345,10,-0.5031387507023884,0.6768984562070584,2026-08-04T11:47:00+05:30,113.39,-0.29000000000000625,CLOSED,0.0,PNB-EQ
SELL,2026-08-04T11:47:00+05:30,113.39,-0.0030702015931063716,0.026436506745196632,11,-0.441557455823916,0.6811489149639831,2026-08-04T12:18:00+05:30,113.64,0.25,CLOSED,1.0,PNB-EQ
BUY,2026-08-04T12:18:00+05:30,113.64,0.0021332845879974247,0.08030497424748444,12,1.1461458381268457,1.2884884631072993,2026-08-05T11:36:00+05:30,113.91,0.269999999999996,CLOSED,1.0,PNB-EQ
SELL,2026-08-05T11:36:00+05:30,113.91,-0.0013391994815830127,0.05420127099780752,11,2.0468283616945557,1.7173632376602481,2026-08-06T09:33:00+05:30,114.12,0.21000000000000796,CLOSED,1.0,PNB-EQ
BUY,2026-08-06T09:33:00+05:30,114.12,0.0038580914772617988,0.15790644206125537,9,-0.3963142533174091,1.2843684376429012,2026-08-07T09:25:00+05:30,113.98,-0.14000000000000057,CLOSED,0.0,PNB-EQ
SELL,2026-08-07T09:25:00+05:30,113.98,-0.004661357403789363,0.06272515001531814,9,-0.5759024637286442,0.7612159396041996,2026-08-07T13:46:00+05:30,114.49,0.5099999999999909,CLOSED,1.0,PNB-EQ
BUY,2026-08-07T13:46:00+05:30,114.49,0.0017094173653386972,0.040400770069668884,13,3.251706840732251,1.9479059135820675,,,,OPEN,,PNB-EQ
SELL,2026-06-29T09:31:00+05:30,29.75,-0.0035115825567064653,0.011595018087283521,9,-0.6422241390313606,2.332310390179746,2026-06-29T10:24:00+05:30,29.83,0.0799999999999983,CLOSED,1.0,LTGILTBEES-EQ
BUY,2026-06-29T10:24:00+05:30,29.83,0.003486216830040643,0.0,10,-0.21750902477998862,1.1361014994232987,2026-07-01T09:54:00+05:30,29.89,0.060000000000002274,CLOSED,1.0,LTGILTBEES-EQ
SELL,2026-07-01T09:54:00+05:30,29.89,-0.0013754908794124134,0.02469817807045715,9,-0.5994906879285636,0.10495947767001348,2026-07-01T10:05:00+05:30,29.91,0.019999999999999574,CLOSED,1.0,LTGILTBEES-EQ
BUY,2026-07-01T10:05:00+05:30,29.91,8.16997828180002e-05,0.009660917830792754,10,6.248876264195794,0.9573773701902679,2026-07-01T10:08:00+05:30,29.89,-0.019999999999999574,CLOSED,0.0,LTGILTBEES-EQ
SELL,2026-07-01T10:08:00+05:30,29.89,-0.001656816024398411,0.0063245553203366235,10,-0.37909308714635437,0.3819494068886665,2026-07-02T09:48:00+05:30,29.88,-0.010000000000001563,CLOSED,0.0,LTGILTBEES-EQ
BUY,2026-07-02T09:48:00+05:30,29.88,0.0007504125852572762,0.00316227766016775,9,4.672819683423195,0.5688516859231313,2026-07-03T12:51:00+05:30,29.92,0.0400000000000027,CLOSED,1.0,LTGILTBEES-EQ
SELL,2026-07-03T12:51:00+05:30,29.92,-0.000135404182841511,0.0031622776601688734,12,1.9526468145406084,2.3373485538202954,2026-07-03T13:06:00+05:30,29.95,0.029999999999997584,CLOSED,1.0,LTGILTBEES-EQ
BUY,2026-07-03T13:06:00+05:30,29.95,0.0006229942761925868,0.007378647873726195,13,5.720716506448039,0.029550142535981646,2026-07-07T13:25:00+05:30,29.97,0.019999999999999574,CLOSED,1.0,LTGILTBEES-EQ
SELL,2026-07-07T13:25:00+05:30,29.97,-0.0003472966369569415,0.0051639777949421956,13,-0.516403402021998,0.6876487701666225,2026-07-09T13:01:00+05:30,29.91,-0.05999999999999872,CLOSED,0.0,LTGILTBEES-EQ
BUY,2026-07-09T13:01:00+05:30,29.91,0.0007391468193832473,0.007888106377467388,13,3.742935273766026,0.0002402460119162022,2026-07-13T10:33:00+05:30,29.97,0.05999999999999872,CLOSED,1.0,LTGILTBEES-EQ
SELL,2026-07-13T10:33:00+05:30,29.97,-0.0003649247928818739,0.004830458915397235,10,0.38541251417813377,0.612054085155351,2026-07-13T10:39:00+05:30,29.99,0.019999999999999574,CLOSED,1.0,LTGILTBEES-EQ
BUY,2026-07-13T10:39:00+05:30,29.99,0.00018718061785689982,0.005270462766948123,10,-0.21032890910223767,2.3017902813299234,2026-07-13T10:55:00+05:30,29.97,-0.019999999999999574,CLOSED,0.0,LTGILTBEES-EQ
SELL,2026-07-13T10:55:00+05:30,29.97,-0.0005404101050977021,0.007888106377465787,10,7.234944837850106,0.00849727057369451,2026-07-15T09:40:00+05:30,29.89,-0.0799999999999983,CLOSED,0.0,LTGILTBEES-EQ
BUY,2026-07-15T09:40:00+05:30,29.89,0.0008662314228600224,0.0067494855771058244,9,-0.32364531939988833,0.8048069919883466,2026-07-15T14:20:00+05:30,29.88,-0.010000000000001563,CLOSED,0.0,LTGILTBEES-EQ
SELL,2026-07-15T14:20:00+05:30,29.88,-0.0008583721097997419,0.009486832980504999,14,-0.6438755169064267,0.18510546706844597,2026-07-15T14:29:00+05:30,29.9,0.019999999999999574,CLOSED,1.0,LTGILTBEES-EQ
BUY,2026-07-15T14:29:00+05:30,29.9,0.00021583650031747236,0.00994428926011734,14,-0.7932731736487926,0.43320105820105825,2026-07-15T15:28:00+05:30,29.88,-0.019999999999999574,CLOSED,0.0,LTGILTBEES-EQ
SELL,2026-07-15T15:28:00+05:30,29.88,-0.000383559437834734,0.010327955589886225,15,-0.29147038725848917,2.467455020681605,2026-07-16T09:15:00+05:30,29.92,0.0400000000000027,CLOSED,1.0,LTGILTBEES-EQ
BUY,2026-07-16T09:15:00+05:30,29.92,0.001134426295833408,0.010540925533894374,9,1.938836825975092,0.13241809064797236,2026-07-17T15:01:00+05:30,29.95,0.029999999999997584,CLOSED,1.0,LTGILTBEES-EQ
SELL,2026-07-17T15:01:00+05:30,29.95,-0.00036539600064755784,0.0051639777949421956,15,129.8318526623074,2.30959145021645,2026-07-17T15:18:00+05:30,29.98,0.030000000000001137,CLOSED,1.0,LTGILTBEES-EQ
BUY,2026-07-17T15:18:00+05:30,29.98,0.001615562078906004,0.012516655570346074,15,1.1364348014222574,0.006150544388609715,2026-07-17T15:25:00+05:30,29.96,-0.019999999999999574,CLOSED,0.0,LTGILTBEES-EQ
SELL,2026-07-17T15:25:00+05:30,29.96,-0.0009517716370647295,0.011547005383792611,15,-0.5448631063852364,1.8379988088147707,2026-07-20T14:37:00+05:30,29.9,-0.060000000000002274,CLOSED,0.0,LTGILTBEES-EQ
BUY,2026-07-20T14:37:00+05:30,29.9,0.0019372692600238843,0.010327955589886225,14,-0.3956639557460163,1.8983557548579968,2026-07-22T09:27:00+05:30,29.92,0.020000000000003126,CLOSED,1.0,LTGILTBEES-EQ
SELL,2026-07-22T09:27:00+05:30,29.92,-0.0015852554213278464,0.008498365855989305,9,3.0642588210502657,2.057001774191016,2026-07-24T12:57:00+05:30,29.88,-0.0400000000000027,CLOSED,0.0,LTGILTBEES-EQ
BUY,2026-07-24T12:57:00+05:30,29.88,0.00415735355972878,0.011737877907772826,12,3.5972309515505634,0.057494866529774126,2026-07-24T14:03:00+05:30,29.84,-0.03999999999999915,CLOSED,0.0,LTGILTBEES-EQ
SELL,2026-07-24T14:03:00+05:30,29.84,-5.1508943730793635e-05,3.744889033148481e-15,14,0.05199405646205065,0.9708019299653103,2026-07-24T14:04:00+05:30,29.85,0.010000000000001563,CLOSED,1.0,LTGILTBEES-EQ
BUY,2026-07-24T14:04:00+05:30,29.85,0.0004302806172404153,3.744889033148481e-15,14,0.04142011834196982,0.9545738636363637,2026-07-28T15:08:00+05:30,29.97,0.11999999999999744,CLOSED,1.0,LTGILTBEES-EQ
SELL,2026-07-28T15:08:00+05:30,29.97,-0.0015607587547341066,0.007888106377465787,15,0.9099185632793988,0.5064996829422955,2026-07-29T09:20:00+05:30,30.02,0.05000000000000071,CLOSED,1.0,LTGILTBEES-EQ
BUY,2026-07-29T09:20:00+05:30,30.02,0.0004979874113859766,0.0356058671819372,9,-0.5403386452501436,1.9772481040086674,2026-07-29T09:26:00+05:30,29.98,-0.03999999999999915,CLOSED,0.0,LTGILTBEES-EQ
SELL,2026-07-29T09:26:00+05:30,29.98,-0.0003756439853298384,0.023475755815545687,9,-0.6568534769366282,1.622392758756395,2026-07-30T15:07:00+05:30,29.98,0.0,CLOSED,0.0,LTGILTBEES-EQ
BUY,2026-07-30T15:07:00+05:30,29.98,0.0008338769348931984,0.013374935098492967,15,-0.8140396221367844,0.2597972488895257,2026-07-31T14:54:00+05:30,29.97,-0.010000000000001563,CLOSED,0.0,LTGILTBEES-EQ
SELL,2026-07-31T14:54:00+05:30,29.97,-0.0003924759523474613,0.00516397779494403,14,0.09428506630732364,1.3729858556551475,2026-08-03T15:12:00+05:30,29.97,0.0,CLOSED,0.0,LTGILTBEES-EQ
BUY,2026-08-03T15:12:00+05:30,29.97,0.004230181588381334,0.014142135623731207,15,39.637335765463696,2.378997939942559,2026-08-03T15:28:00+05:30,29.91,-0.05999999999999872,CLOSED,0.0,LTGILTBEES-EQ
SELL,2026-08-03T15:28:00+05:30,29.91,-9.127977577457964e-05,0.010749676997732051,15,-0.59347377327668,1.474350628214309,2026-08-03T15:29:00+05:30,29.93,0.019999999999999574,CLOSED,1.0,LTGILTBEES-EQ
BUY,2026-08-03T15:29:00+05:30,29.93,0.0007512998129539854,0.010749676997732051,15,-0.5342658434875015,0.9028243847874721,2026-08-04T09:15:00+05:30,29.87,-0.05999999999999872,CLOSED,0.0,LTGILTBEES-EQ
SELL,2026-08-04T09:15:00+05:30,29.87,-0.006809824857531742,0.010749676997732051,9,1.422658028117202,1.9827910203963632,2026-08-04T12:25:00+05:30,29.93,0.05999999999999872,CLOSED,1.0,LTGILTBEES-EQ
BUY,2026-08-04T12:25:00+05:30,29.93,0.0021669747886855165,0.015776212754932725,12,2.6057919616936704,0.42820849041140796,2026-08-04T14:50:00+05:30,29.91,-0.019999999999999574,CLOSED,0.0,LTGILTBEES-EQ
SELL,2026-08-04T14:50:00+05:30,29.91,-0.00024067017609209342,0.007378647873727372,14,-0.9227295839598567,1.117399315609371,2026-08-05T09:21:00+05:30,29.99,0.0799999999999983,CLOSED,1.0,LTGILTBEES-EQ
BUY,2026-08-05T09:21:00+05:30,29.99,0.00425887439299495,0.035668224265053984,9,-0.6067995920948016,1.8963471831374497,2026-08-07T14:51:00+05:30,30.05,0.060000000000002274,CLOSED,1.0,LTGILTBEES-EQ
SELL,2026-08-07T14:51:00+05:30,30.05,-0.001709850390000789,0.010593499054713372,14,-0.6978653845482822,0.1623066641206798,2026-08-07T15:02:00+05:30,30.08,0.029999999999997584,CLOSED,1.0,LTGILTBEES-EQ
BUY,2026-08-07T15:02:00+05:30,30.08,0.0014070790250934279,0.007888106377466187,15,2.1648598485375232,2.1317697886128686,,,,OPEN,,LTGILTBEES-EQ
SELL,2026-06-24T12:13:00+05:30,272.15,-0.00025878849729038376,0.13994046353122244,12,0.31172559662154314,1.955131897246861,2026-06-24T12:54:00+05:30,272.95,0.8000000000000114,CLOSED,1.0,CROMPTON-EQ
BUY,2026-06-24T12:54:00+05:30,272.95,0.007982567435339722,0.23452078799116963,12,1.3273081192107143,0.6068526705699606,2026-06-25T14:56:00+05:30,276.0,3.0500000000000114,CLOSED,1.0,CROMPTON-EQ
SELL,2026-06-25T14:56:00+05:30,276.0,-0.00026265842877515116,0.1334374593416571,14,-0.3088591998789399,1.0665144003119604,2026-06-29T14:17:00+05:30,272.75,-3.25,CLOSED,0.0,CROMPTON-EQ
BUY,2026-06-29T14:17:00+05:30,272.75,0.0005532794493556868,0.3166228039797591,14,0.16199259674979713,1.0750634414988391,2026-06-29T14:50:00+05:30,271.85,-0.8999999999999773,CLOSED,0.0,CROMPTON-EQ
SELL,2026-06-29T14:50:00+05:30,271.85,-0.002301365450537256,0.19500712237704387,14,-0.2545641175805994,0.9083308743975607,2026-06-29T15:19:00+05:30,274.45,2.599999999999966,CLOSED,1.0,CROMPTON-EQ
BUY,2026-06-29T15:19:00+05:30,274.45,0.018981546751413905,0.8041558721209874,15,0.9508383674170321,1.5862985282033124,2026-06-30T09:33:00+05:30,271.3,-3.1499999999999773,CLOSED,0.0,CROMPTON-EQ
SELL,2026-06-30T09:33:00+05:30,271.3,-0.004340597876850024,0.32578963901402935,9,-0.19042249283435794,0.8476491162905873,2026-06-30T10:39:00+05:30,274.0,2.6999999999999886,CLOSED,1.0,CROMPTON-EQ
BUY,2026-06-30T10:39:00+05:30,274.0,0.008311504956814984,0.692740130849153,10,-0.4071107607089388,1.1613126263163494,2026-06-30T12:55:00+05:30,272.9,-1.1000000000000227,CLOSED,0.0,CROMPTON-EQ
SELL,2026-06-30T12:55:00+05:30,272.9,-0.0024620131428488763,0.2100925721887499,12,-0.6831071366314656,1.1471941566381363,2026-06-30T14:01:00+05:30,273.95,1.0500000000000114,CLOSED,1.0,CROMPTON-EQ
BUY,2026-06-30T14:01:00+05:30,273.95,0.0017513063766741107,0.20419217527722947,14,0.814414529511029,1.7245435640772593,2026-07-01T10:36:00+05:30,274.4,0.44999999999998863,CLOSED,1.0,CROMPTON-EQ
SELL,2026-07-01T10:36:00+05:30,274.4,-0.0013854654138399118,0.2011080417199861,10,-0.4247624882905493,0.7805007991475759,2026-07-02T09:24:00+05:30,274.15,-0.25,CLOSED,0.0,CROMPTON-EQ
BUY,2026-07-02T09:24:00+05:30,274.15,0.02811037252667042,1.1963021729015177,9,-0.500434388075872,0.5231359818622147,2026-07-02T10:42:00+05:30,270.75,-3.3999999999999773,CLOSED,0.0,CROMPTON-EQ
SELL,2026-07-02T10:42:00+05:30,270.75,-0.003279425753388766,0.1889297341459176,10,0.3314771481641926,0.492219478554903,2026-07-02T10:51:00+05:30,271.35,0.6000000000000227,CLOSED,1.0,CROMPTON-EQ
BUY,2026-07-02T10:51:00+05:30,271.35,0.001348217716093527,0.22391714737573806,10,-0.46355244748761504,0.26280112629054125,2026-07-02T10:54:00+05:30,271.05,-0.30000000000001137,CLOSED,0.0,CROMPTON-EQ
SELL,2026-07-02T10:54:00+05:30,271.05,-0.0020354050673261565,0.10394977419675354,10,-0.8139940352358345,1.0363221509620129,2026-07-02T10:58:00+05:30,271.3,0.25,CLOSED,1.0,CROMPTON-EQ
BUY,2026-07-02T10:58:00+05:30,271.3,0.0011296302660388049,0.09732534213770896,10,-0.8009472258004178,1.3176977113075006,2026-07-02T11:06:00+05:30,270.65,-0.6500000000000341,CLOSED,0.0,CROMPTON-EQ
SELL,2026-07-02T11:06:00+05:30,270.65,-0.00758401971368507,0.21883530082893987,11,9.624192587163545,1.2692063228873045,2026-07-02T12:12:00+05:30,272.25,1.6000000000000227,CLOSED,1.0,CROMPTON-EQ
BUY,2026-07-02T12:12:00+05:30,272.25,0.01844270632556414,0.8974655672751255,12,-0.5546425739858161,0.23691125363772497,2026-07-03T11:10:00+05:30,272.7,0.44999999999998863,CLOSED,1.0,CROMPTON-EQ
SELL,2026-07-03T11:10:00+05:30,272.7,-0.004151265551774213,0.30713731999438426,11,0.26540345432753076,0.17979015992665784,2026-07-06T09:47:00+05:30,273.3,0.6000000000000227,CLOSED,1.0,CROMPTON-EQ
BUY,2026-07-06T09:47:00+05:30,273.3,0.021475033383235694,0.46236109025066346,9,3.2893242965671816,1.2993084016393441,2026-07-06T12:56:00+05:30,272.35,-0.9499999999999886,CLOSED,0.0,CROMPTON-EQ
SELL,2026-07-06T12:56:00+05:30,272.35,-0.010437064657243299,0.3101970699768455,12,4.309450035947941,0.15908040946336957,2026-07-07T14:06:00+05:30,268.35,-4.0,CLOSED,0.0,CROMPTON-EQ
BUY,2026-07-07T14:06:00+05:30,268.35,0.006926473403078799,0.16507574019219318,14,-0.37062726164938864,1.595831336847149,2026-07-08T09:19:00+05:30,266.8,-1.5500000000000114,CLOSED,0.0,CROMPTON-EQ
SELL,2026-07-08T09:19:00+05:30,266.8,-0.018824081498937995,0.7671918491051112,9,-0.6221133466858803,0.17854541481535435,2026-07-09T09:39:00+05:30,264.1,-2.6999999999999886,CLOSED,0.0,CROMPTON-EQ
BUY,2026-07-09T09:39:00+05:30,264.1,0.02062644088195806,0.8521378344428171,9,0.2963845577217293,0.5437893907563025,2026-07-09T10:26:00+05:30,260.6,-3.5,CLOSED,0.0,CROMPTON-EQ
SELL,2026-07-09T10:26:00+05:30,260.6,-0.014702934363574524,0.3276176633414835,10,1.361441307072273,1.2388705364165487,2026-07-09T12:11:00+05:30,261.35,0.75,CLOSED,1.0,CROMPTON-EQ
BUY,2026-07-09T12:11:00+05:30,261.35,5.597111198708268e-05,0.1453921899170942,12,-0.33689986236364905,0.9267687215556475,2026-07-09T12:19:00+05:30,260.75,-0.6000000000000227,CLOSED,0.0,CROMPTON-EQ
SELL,2026-07-09T12:19:00+05:30,260.75,-0.005726277865794891,0.2527625148017246,12,4.28876214164685,1.6130127411431083,2026-07-10T09:24:00+05:30,262.35,1.6000000000000227,CLOSED,1.0,CROMPTON-EQ
BUY,2026-07-10T09:24:00+05:30,262.35,0.03248268210975666,0.9928074670683446,9,-0.4573306000312641,0.45588615782664943,2026-07-10T11:30:00+05:30,261.35,-1.0,CLOSED,0.0,CROMPTON-EQ
SELL,2026-07-10T11:30:00+05:30,261.35,-0.0038807790419545345,0.08644201653259624,11,-0.7658095898721002,0.5462638251955759,2026-07-10T11:52:00+05:30,262.65,1.2999999999999545,CLOSED,1.0,CROMPTON-EQ
BUY,2026-07-10T11:52:00+05:30,262.65,0.0011357395819845456,0.08834905520465615,11,-0.1832210758874495,0.7382567849686847,2026-07-10T15:17:00+05:30,261.75,-0.8999999999999773,CLOSED,0.0,CROMPTON-EQ
SELL,2026-07-10T15:17:00+05:30,261.75,-0.0022480830048577692,0.08249579113842442,15,-0.6650032249270117,1.2418929874341307,2026-07-13T10:45:00+05:30,262.3,0.5500000000000114,CLOSED,1.0,CROMPTON-EQ
BUY,2026-07-13T10:45:00+05:30,262.3,0.00581986685239752,0.42455859430708076,10,5.030669913567278,0.3070214993471382,2026-07-13T11:32:00+05:30,261.55,-0.75,CLOSED,0.0,CROMPTON-EQ
SELL,2026-07-13T11:32:00+05:30,261.55,-0.0012918066677054878,0.09732534213770411,11,-0.1081998028438897,0.4412256124206359,2026-07-13T11:41:00+05:30,262.1,0.5500000000000114,CLOSED,1.0,CROMPTON-EQ
BUY,2026-07-13T11:41:00+05:30,262.1,0.004949688135020599,0.2477117500465266,11,0.8147042968567395,2.0345204374993373,2026-07-13T13:30:00+05:30,260.85,-1.25,CLOSED,0.0,CROMPTON-EQ
SELL,2026-07-13T13:30:00+05:30,260.85,-0.009164740944579365,0.5045625167740291,13,0.673879771984976,0.5404084016965941,2026-07-13T15:23:00+05:30,262.3,1.4499999999999886,CLOSED,1.0,CROMPTON-EQ
BUY,2026-07-13T15:23:00+05:30,262.3,0.003887981065397202,0.1184389200295994,15,-0.07378295289052028,1.2392855840192587,2026-07-14T09:19:00+05:30,260.4,-1.900000000000034,CLOSED,0.0,CROMPTON-EQ
SELL,2026-07-14T09:19:00+05:30,260.4,-0.01093543917614689,0.893013002269414,9,-0.6749187398925748,1.1687838007797762,2026-07-14T13:53:00+05:30,260.8,0.4000000000000341,CLOSED,1.0,CROMPTON-EQ
BUY,2026-07-14T13:53:00+05:30,260.8,0.011363376374556733,0.34816981808052017,13,18.53230753292797,0.08422171821058132,2026-07-15T11:57:00+05:30,260.7,-0.10000000000002274,CLOSED,0.0,CROMPTON-EQ
SELL,2026-07-15T11:57:00+05:30,260.7,-0.0045995209007044496,0.07090682462060223,11,-0.1972402596401987,0.7257962588473205,2026-07-16T09:16:00+05:30,262.25,1.5500000000000114,CLOSED,1.0,CROMPTON-EQ
BUY,2026-07-16T09:16:00+05:30,262.25,0.018410114511586823,0.7115905501839631,9,-0.2535518339857744,1.1166388496597766,2026-07-16T10:32:00+05:30,259.5,-2.75,CLOSED,0.0,CROMPTON-EQ
SELL,2026-07-16T10:32:00+05:30,259.5,-0.010021962580585868,0.35469078865338294,10,3.584820020303593,0.45236425634891175,2026-07-16T10:56:00+05:30,261.0,1.5,CLOSED,1.0,CROMPTON-EQ
BUY,2026-07-16T10:56:00+05:30,261.0,0.003053590750724029,0.49821905044088804,10,-0.6975096097408829,0.90297334115886,2026-07-16T12:14:00+05:30,260.0,-1.0,CLOSED,0.0,CROMPTON-EQ
SELL,2026-07-16T12:14:00+05:30,260.0,-0.004675766048373905,0.08096638534326991,12,-0.6484416874766669,0.5750381180570682,2026-07-16T13:24:00+05:30,260.55,0.5500000000000114,CLOSED,1.0,CROMPTON-EQ
BUY,2026-07-16T13:24:00+05:30,260.55,0.0007512621569656939,0.12866839377078385,13,0.6135105199210867,1.4527568062228322,2026-07-16T13:36:00+05:30,260.1,-0.44999999999998863,CLOSED,0.0,CROMPTON-EQ
SELL,2026-07-16T13:36:00+05:30,260.1,-0.00023117377839821328,0.13954290459290064,13,-0.6770905866059724,1.4320721427171141,2026-07-16T14:56:00+05:30,260.85,0.75,CLOSED,1.0,CROMPTON-EQ
BUY,2026-07-16T14:56:00+05:30,260.85,0.0014416349111042175,0.13218253372599303,14,-0.043934110851997776,0.9678555259318878,2026-07-17T09:18:00+05:30,259.55,-1.3000000000000114,CLOSED,0.0,CROMPTON-EQ
SELL,2026-07-17T09:18:00+05:30,259.55,-0.0065429335748058955,0.603600309255492,9,-0.43411615023989764,0.7892669900053018,2026-07-20T09:38:00+05:30,262.0,2.4499999999999886,CLOSED,1.0,CROMPTON-EQ
BUY,2026-07-20T09:38:00+05:30,262.0,0.018669103985985393,2.249746899344702,9,0.916953908968295,1.9042144374517649,2026-07-20T12:11:00+05:30,260.25,-1.75,CLOSED,0.0,CROMPTON-EQ
SELL,2026-07-20T12:11:00+05:30,260.25,-0.007474876503239275,0.1295290615181713,12,0.5256421443805972,0.1753675138711461,2026-07-20T13:28:00+05:30,261.2,0.9499999999999886,CLOSED,1.0,CROMPTON-EQ
BUY,2026-07-20T13:28:00+05:30,261.2,0.005522274839619351,0.16741498671796531,13,-0.10601773607546215,0.2650388716597986,2026-07-21T09:42:00+05:30,260.05,-1.1499999999999773,CLOSED,0.0,CROMPTON-EQ
SELL,2026-07-21T09:42:00+05:30,260.05,-0.007794246154349808,0.309165543573877,9,-0.2195603576342101,1.371198739676326,2026-07-22T14:39:00+05:30,254.45,-5.600000000000023,CLOSED,0.0,CROMPTON-EQ
BUY,2026-07-22T14:39:00+05:30,254.45,0.0016791592495222808,0.3039097088135076,14,-0.0010671909007184959,0.6032204557275194,2026-07-23T09:35:00+05:30,253.15,-1.299999999999983,CLOSED,0.0,CROMPTON-EQ
SELL,2026-07-23T09:35:00+05:30,253.15,-0.0019128943843971936,0.25630927498716327,9,0.7659325841549165,0.7412026197020598,2026-07-23T12:37:00+05:30,253.4,0.25,CLOSED,1.0,CROMPTON-EQ
BUY,2026-07-23T12:37:00+05:30,253.4,0.009527363348651608,0.3027650354097471,12,5.608332635214022,1.2082427856673574,2026-07-23T13:11:00+05:30,252.5,-0.9000000000000057,CLOSED,0.0,CROMPTON-EQ
SELL,2026-07-23T13:11:00+05:30,252.5,-0.002786334406523535,0.14916433890176206,13,-0.5359821460256865,0.7795868485374123,2026-07-23T13:58:00+05:30,253.45,0.9499999999999886,CLOSED,1.0,CROMPTON-EQ
BUY,2026-07-23T13:58:00+05:30,253.45,0.007969606412892375,0.2538591035287974,13,-0.2632611589783909,1.6361121679031134,2026-07-23T15:01:00+05:30,252.45,-1.0,CLOSED,0.0,CROMPTON-EQ
SELL,2026-07-23T15:01:00+05:30,252.45,-0.00030447335463427077,0.18529256146249204,15,0.5454516629339148,1.862562061466497,2026-07-24T11:45:00+05:30,249.9,-2.549999999999983,CLOSED,0.0,CROMPTON-EQ
BUY,2026-07-24T11:45:00+05:30,249.9,0.014311741790887093,1.1818535348247599,11,1.2327938530952431,0.4221884609752526,2026-07-27T10:41:00+05:30,249.15,-0.75,CLOSED,0.0,CROMPTON-EQ
SELL,2026-07-27T10:41:00+05:30,249.15,-0.0010875211459560696,0.1852925614624968,10,-0.4288251364655652,0.9728533843578091,2026-07-27T13:57:00+05:30,250.1,0.9499999999999886,CLOSED,1.0,CROMPTON-EQ
BUY,2026-07-27T13:57:00+05:30,250.1,0.004795021654893157,0.5192141497815091,13,14.449849712109028,1.4559195451990834,2026-07-27T15:17:00+05:30,248.9,-1.1999999999999886,CLOSED,0.0,CROMPTON-EQ
SELL,2026-07-27T15:17:00+05:30,248.9,-0.0009251353058577181,0.2249073883475907,15,-0.6219355789325616,0.822837869453326,2026-07-28T14:17:00+05:30,246.95,-1.950000000000017,CLOSED,0.0,CROMPTON-EQ
BUY,2026-07-28T14:17:00+05:30,246.95,0.00935439344792284,0.16338434577536542,14,0.2743317775671057,2.1101345052603544,2026-07-30T14:08:00+05:30,260.5,13.550000000000011,CLOSED,1.0,CROMPTON-EQ
SELL,2026-07-30T14:08:00+05:30,260.5,-0.004286908926974481,0.10327955589886041,14,-0.6795808550893285,0.6708502739968181,2026-07-31T09:23:00+05:30,261.3,0.8000000000000114,CLOSED,1.0,CROMPTON-EQ
BUY,2026-07-31T09:23:00+05:30,261.3,0.0070839751534444925,0.7086763875156435,9,-0.9442738849201804,1.1244746201099256,2026-07-31T11:53:00+05:30,261.1,-0.19999999999998863,CLOSED,0.0,CROMPTON-EQ
SELL,2026-07-31T11:53:00+05:30,261.1,-0.005040700266350176,0.14944341180972054,11,-0.3348181142151522,1.4394784902597402,2026-08-03T09:16:00+05:30,263.0,1.8999999999999773,CLOSED,1.0,CROMPTON-EQ
BUY,2026-08-03T09:16:00+05:30,263.0,0.01605823333560571,0.40674862562085073,9,-0.28685057912053435,0.3298008558816592,2026-08-03T15:04:00+05:30,265.4,2.3999999999999773,CLOSED,1.0,CROMPTON-EQ
SELL,2026-08-03T15:04:00+05:30,265.4,-0.0027788590424065824,0.26246692913372177,15,0.9138384248747479,0.5091108872813844,2026-08-03T15:09:00+05:30,266.05,0.6500000000000341,CLOSED,1.0,CROMPTON-EQ
BUY,2026-08-03T15:09:00+05:30,266.05,0.0036865699464597914,0.28601670502884347,15,1.0304001463494794,0.9715958630227595,2026-08-04T12:13:00+05:30,267.1,1.0500000000000114,CLOSED,1.0,CROMPTON-EQ
SELL,2026-08-04T12:13:00+05:30,267.1,-0.0011830408455256165,0.153206469257082,12,-0.484279540871599,1.1145622652412597,2026-08-04T12:29:00+05:30,267.65,0.5499999999999545,CLOSED,1.0,CROMPTON-EQ
BUY,2026-08-04T12:29:00+05:30,267.65,0.00012986842080117163,0.1333333333333376,12,-0.48715886534578334,1.1155253528489284,2026-08-04T13:42:00+05:30,266.6,-1.0499999999999545,CLOSED,0.0,CROMPTON-EQ
SELL,2026-08-04T13:42:00+05:30,266.6,-0.005837401851922127,0.3146867931416512,13,-0.3833708494770885,1.1687200547570158,2026-08-05T09:38:00+05:30,267.8,1.1999999999999886,CLOSED,1.0,CROMPTON-EQ
BUY,2026-08-05T09:38:00+05:30,267.8,0.003162756641759764,0.32149822878377965,9,0.21931708528351287,0.1754397161310086,2026-08-05T11:47:00+05:30,266.85,-0.9499999999999886,CLOSED,0.0,CROMPTON-EQ
SELL,2026-08-05T11:47:00+05:30,266.85,-0.0053519847331668,0.18439088914586096,11,-0.8843831914996458,1.2693232566128476,2026-08-05T14:55:00+05:30,267.35,0.5,CLOSED,1.0,CROMPTON-EQ
BUY,2026-08-05T14:55:00+05:30,267.35,0.004579461553442963,0.18863545089226966,14,1.5670790290754628,0.8560834678456968,2026-08-06T10:04:00+05:30,266.4,-0.9500000000000455,CLOSED,0.0,CROMPTON-EQ
SELL,2026-08-06T10:04:00+05:30,266.4,-0.005171243211430067,0.5414999743510742,10,51.205704008545986,0.9570839337052793,2026-08-06T10:17:00+05:30,268.9,2.5,CLOSED,1.0,CROMPTON-EQ
BUY,2026-08-06T10:17:00+05:30,268.9,0.002768633839789949,0.6663540933901319,10,0.6876229183533424,2.1155265509070427,2026-08-06T13:59:00+05:30,267.9,-1.0,CLOSED,0.0,CROMPTON-EQ
SELL,2026-08-06T13:59:00+05:30,267.9,-0.001618904827434126,0.301109061083626,13,-0.5390391151464868,1.7348117983711204,2026-08-06T15:11:00+05:30,268.7,0.8000000000000114,CLOSED,1.0,CROMPTON-EQ
BUY,2026-08-06T15:11:00+05:30,268.7,0.0016470833414732097,0.30386400466874913,15,-0.4444221923070244,1.0750453403624978,2026-08-07T09:15:00+05:30,264.0,-4.699999999999989,CLOSED,0.0,CROMPTON-EQ
SELL,2026-08-07T09:15:00+05:30,264.0,-0.03314634751245396,0.47714428286071164,9,-0.33845876559660826,1.1815263847974526,,,,OPEN,,CROMPTON-EQ
SELL,2026-06-24T12:36:00+05:30,143.85,-0.008353523598757616,0.10819735055290003,12,1.1157351675738834,0.29870763228480857,2026-06-24T13:04:00+05:30,144.46,0.6100000000000136,CLOSED,1.0,IOC-EQ
BUY,2026-06-24T13:04:00+05:30,144.46,0.008027345863709274,0.18127940374521453,13,1.8653925666223306,0.4329235542159016,2026-06-25T10:50:00+05:30,145.66,1.1999999999999886,CLOSED,1.0,IOC-EQ
SELL,2026-06-25T10:50:00+05:30,145.66,-0.004619676795318223,0.028460498941517157,10,-0.3894722170374076,1.6362434365725593,2026-06-30T11:47:00+05:30,139.76,-5.900000000000006,CLOSED,0.0,IOC-EQ
BUY,2026-06-30T11:47:00+05:30,139.76,0.010038727091347182,0.1878563280807975,11,2.7537982582258365,2.222516825848172,2026-06-30T13:04:00+05:30,139.21,-0.549999999999983,CLOSED,0.0,IOC-EQ
SELL,2026-06-30T13:04:00+05:30,139.21,-0.00088096215862404,0.08085652588243614,13,0.5847774541633026,1.8347156814507628,2026-06-30T13:59:00+05:30,139.47,0.2599999999999909,CLOSED,1.0,IOC-EQ
BUY,2026-06-30T13:59:00+05:30,139.47,0.000898504007962546,0.048773854562549686,13,1.8000077319277255,0.11918075849047485,2026-06-30T15:22:00+05:30,139.28,-0.18999999999999773,CLOSED,0.0,IOC-EQ
SELL,2026-06-30T15:22:00+05:30,139.28,-0.0008289143377599425,0.0561842207978906,15,0.015197651061828275,0.8688441578274743,2026-07-01T11:28:00+05:30,139.86,0.5800000000000125,CLOSED,1.0,IOC-EQ
BUY,2026-07-01T11:28:00+05:30,139.86,0.018585008988600302,0.18535251699277083,11,2.9173394350134547,2.0905940496583773,2026-07-02T13:18:00+05:30,141.9,2.039999999999992,CLOSED,1.0,IOC-EQ
SELL,2026-07-02T13:18:00+05:30,141.9,-0.0024010585773849343,0.045655716448703934,13,-0.17552824194947078,0.5616206030150753,2026-07-03T10:17:00+05:30,141.85,-0.05000000000001137,CLOSED,0.0,IOC-EQ
BUY,2026-07-03T10:17:00+05:30,141.85,0.007369147037356695,0.19807125541637952,10,0.7889908256513674,0.43975919280178916,2026-07-03T11:10:00+05:30,141.32,-0.5300000000000011,CLOSED,0.0,IOC-EQ
SELL,2026-07-03T11:10:00+05:30,141.32,-0.007465876165984129,0.0778888096369818,11,0.8276212830931882,0.6368005308900972,2026-07-03T12:03:00+05:30,141.78,0.46000000000000796,CLOSED,1.0,IOC-EQ
BUY,2026-07-03T12:03:00+05:30,141.78,0.003661129154969886,0.044721359549999604,12,-0.4164611022774878,1.063913688128963,2026-07-03T12:19:00+05:30,141.53,-0.25,CLOSED,0.0,IOC-EQ
SELL,2026-07-03T12:19:00+05:30,141.53,-0.0006400853880075453,0.03169297153067951,12,0.2782928997487244,1.8777325119236883,2026-07-03T15:05:00+05:30,141.72,0.18999999999999773,CLOSED,1.0,IOC-EQ
BUY,2026-07-03T15:05:00+05:30,141.72,0.008154880472785958,0.18844686843304462,15,0.8205652854919023,0.6692117973945115,2026-07-06T09:29:00+05:30,141.2,-0.5200000000000102,CLOSED,0.0,IOC-EQ
SELL,2026-07-06T09:29:00+05:30,141.2,-0.0030198281927407214,0.05582711408148315,9,-0.4655440428128852,0.580689511405825,2026-07-06T09:38:00+05:30,141.56,0.36000000000001364,CLOSED,1.0,IOC-EQ
BUY,2026-07-06T09:38:00+05:30,141.56,0.003627152581823821,0.12329278612762233,9,3.304124234881789,0.5531641086186541,2026-07-06T14:02:00+05:30,142.25,0.6899999999999977,CLOSED,1.0,IOC-EQ
SELL,2026-07-06T14:02:00+05:30,142.25,-0.007090236894020069,0.13680480823258848,14,3.088362771336076,0.5684875290684419,2026-07-07T09:19:00+05:30,143.19,0.9399999999999977,CLOSED,1.0,IOC-EQ
BUY,2026-07-07T09:19:00+05:30,143.19,0.007707823493240522,0.7936896958719669,9,9.111760449246871,0.41862752560530436,2026-07-07T11:07:00+05:30,142.41,-0.7800000000000011,CLOSED,0.0,IOC-EQ
SELL,2026-07-07T11:07:00+05:30,142.41,-0.0020997396359059444,0.029533408577781587,11,-0.2805919799517028,0.4716255735390511,2026-07-07T13:07:00+05:30,142.65,0.2400000000000091,CLOSED,1.0,IOC-EQ
BUY,2026-07-07T13:07:00+05:30,142.65,0.00516744158574235,0.07922541679705346,13,1.257939694708883,0.34223736540886607,2026-07-07T13:20:00+05:30,142.03,-0.6200000000000045,CLOSED,0.0,IOC-EQ
SELL,2026-07-07T13:20:00+05:30,142.03,-0.009952447642318481,0.1699803910259487,13,0.15874691192435858,1.0423047664804916,2026-07-07T14:34:00+05:30,142.68,0.6500000000000057,CLOSED,1.0,IOC-EQ
BUY,2026-07-07T14:34:00+05:30,142.68,0.009893421590171876,0.19804601036683697,14,2.137403724220691,1.8380132715376616,2026-07-07T15:21:00+05:30,141.96,-0.7199999999999989,CLOSED,0.0,IOC-EQ
SELL,2026-07-07T15:21:00+05:30,141.96,-0.0009455791798299861,0.11045863982102565,15,0.16697442944398738,0.9615817083791619,2026-07-08T13:06:00+05:30,140.17,-1.7900000000000205,CLOSED,0.0,IOC-EQ
BUY,2026-07-08T13:06:00+05:30,140.17,0.0077896170184603725,0.09754770912510612,13,-0.22001533088706215,0.7571141540544672,2026-07-08T13:31:00+05:30,139.62,-0.549999999999983,CLOSED,0.0,IOC-EQ
SELL,2026-07-08T13:31:00+05:30,139.62,-0.002141247360937813,0.056578362570078755,13,-0.21958720258172446,0.5179093768971798,2026-07-09T12:16:00+05:30,137.94,-1.6800000000000068,CLOSED,0.0,IOC-EQ
BUY,2026-07-09T12:16:00+05:30,137.94,0.003528999317048105,0.064541115233284,12,-0.23206268670694197,1.7489540885628905,2026-07-10T15:10:00+05:30,138.92,0.9799999999999898,CLOSED,1.0,IOC-EQ
SELL,2026-07-10T15:10:00+05:30,138.92,-0.004669863631675044,0.02054804667656301,15,-0.4143655872210205,1.008377159822744,2026-07-13T12:53:00+05:30,138.6,-0.3199999999999932,CLOSED,0.0,IOC-EQ
BUY,2026-07-13T12:53:00+05:30,138.6,0.0031027270028129734,0.06948221195225185,12,-0.08800790135893677,1.1051290700564569,2026-07-14T09:27:00+05:30,138.05,-0.549999999999983,CLOSED,0.0,IOC-EQ
SELL,2026-07-14T09:27:00+05:30,138.05,-0.013742333065763527,0.17580291996058114,9,-0.5395319078694986,0.7262828579418344,2026-07-15T09:17:00+05:30,138.6,0.549999999999983,CLOSED,1.0,IOC-EQ
BUY,2026-07-15T09:17:00+05:30,138.6,0.009498217075777929,0.46824020426368035,9,0.13929904573186996,1.625248752102612,2026-07-16T15:17:00+05:30,141.29,2.6899999999999977,CLOSED,1.0,IOC-EQ
SELL,2026-07-16T15:17:00+05:30,141.29,-0.0019846194778869565,0.14903019828209513,15,0.008522753095289342,1.7524030213273574,2026-07-17T10:00:00+05:30,142.21,0.9200000000000159,CLOSED,1.0,IOC-EQ
BUY,2026-07-17T10:00:00+05:30,142.21,0.005719551555575805,0.12084884957848521,10,-0.5055427836576276,0.9961616002416648,2026-07-17T10:23:00+05:30,141.45,-0.7600000000000193,CLOSED,0.0,IOC-EQ
SELL,2026-07-17T10:23:00+05:30,141.45,-0.00775091555307751,0.2514159899449552,10,-0.4328382322171972,0.8397732180433164,2026-07-17T13:04:00+05:30,141.51,0.060000000000002274,CLOSED,1.0,IOC-EQ
BUY,2026-07-17T13:04:00+05:30,141.51,0.00235085835476068,0.07411702458499517,13,-0.25019391296769067,1.0901651457494366,2026-07-17T13:41:00+05:30,141.12,-0.38999999999998636,CLOSED,0.0,IOC-EQ
SELL,2026-07-17T13:41:00+05:30,141.12,-0.001843246482889483,0.056920997883032544,13,0.007689409886798394,1.1918898711351542,2026-07-17T15:09:00+05:30,141.26,0.13999999999998636,CLOSED,1.0,IOC-EQ
BUY,2026-07-17T15:09:00+05:30,141.26,0.001018447566097685,0.030623157540949755,15,-0.3844933556513922,1.6865162612834008,2026-07-20T09:23:00+05:30,141.07,-0.18999999999999773,CLOSED,0.0,IOC-EQ
SELL,2026-07-20T09:23:00+05:30,141.07,-0.0032372592672218615,0.5182974264090259,9,-0.6663384320205669,0.7372757924675444,2026-07-20T09:25:00+05:30,141.55,0.4800000000000182,CLOSED,1.0,IOC-EQ
BUY,2026-07-20T09:25:00+05:30,141.55,0.004669788929093942,0.3882854047676196,9,-0.6823199685265775,1.3015022265854748,2026-07-20T11:50:00+05:30,141.18,-0.37000000000000455,CLOSED,0.0,IOC-EQ
SELL,2026-07-20T11:50:00+05:30,141.18,-0.0058749311338828145,0.123809890109349,11,0.2840575471432234,1.2805289345971231,2026-07-20T13:19:00+05:30,141.74,0.5600000000000023,CLOSED,1.0,IOC-EQ
BUY,2026-07-20T13:19:00+05:30,141.74,0.009189165658050731,0.07941452428030694,13,2.043034869100572,1.4283452143770228,2026-07-21T14:24:00+05:30,143.02,1.2800000000000011,CLOSED,1.0,IOC-EQ
SELL,2026-07-21T14:24:00+05:30,143.02,-0.012197465990230645,0.1709580845314598,14,1.6675430320215623,0.8661102631533445,2026-07-22T11:32:00+05:30,142.9,-0.12000000000000455,CLOSED,0.0,IOC-EQ
BUY,2026-07-22T11:32:00+05:30,142.9,0.0027617347429697288,0.07950541560869326,11,-0.7644748688138505,1.1764867418001275,2026-07-22T12:20:00+05:30,142.62,-0.28000000000000114,CLOSED,0.0,IOC-EQ
SELL,2026-07-22T12:20:00+05:30,142.62,-0.0030158648777127922,0.03204163957519546,12,-0.025829725827396274,0.6114371944897052,2026-07-22T13:50:00+05:30,142.82,0.19999999999998863,CLOSED,1.0,IOC-EQ
BUY,2026-07-22T13:50:00+05:30,142.82,0.004092452729832202,0.05121848624601556,13,-0.4108226946554311,0.48361107577492257,2026-07-22T14:25:00+05:30,142.45,-0.37000000000000455,CLOSED,0.0,IOC-EQ
SELL,2026-07-22T14:25:00+05:30,142.45,-0.004524635443786188,0.10962562555250649,14,0.2582222841112022,0.5367181253459622,2026-07-24T14:25:00+05:30,138.26,-4.189999999999998,CLOSED,0.0,IOC-EQ
BUY,2026-07-24T14:25:00+05:30,138.26,0.0008698319206457394,0.06850790708621284,14,-0.3907208686680089,0.8961618503568586,2026-07-24T14:35:00+05:30,138.11,-0.14999999999997726,CLOSED,0.0,IOC-EQ
SELL,2026-07-24T14:35:00+05:30,138.11,-0.0016478899432178801,0.06077280093375274,14,1.4108206380570891,1.4502882156633294,2026-07-24T14:37:00+05:30,138.23,0.11999999999997613,CLOSED,1.0,IOC-EQ
BUY,2026-07-24T14:37:00+05:30,138.23,0.0003017418424484856,0.05258854966202589,14,2.873261864407931,0.6226736460344612,2026-07-24T14:38:00+05:30,138.14,-0.09000000000000341,CLOSED,0.0,IOC-EQ
SELL,2026-07-24T14:38:00+05:30,138.14,-0.0009359124855133428,0.047562823951296886,14,0.9820763701634707,0.6310558734873968,2026-07-24T14:40:00+05:30,138.2,0.060000000000002274,CLOSED,1.0,IOC-EQ
BUY,2026-07-24T14:40:00+05:30,138.2,3.0277238981891186e-05,0.047562823951296886,14,-0.4872101590392575,0.49139592278305555,2026-07-27T13:47:00+05:30,140.15,1.950000000000017,CLOSED,1.0,IOC-EQ
SELL,2026-07-27T13:47:00+05:30,140.15,-0.0027600596815898697,0.07011894655987516,13,0.16482189573294145,0.6733759502418798,2026-07-27T14:14:00+05:30,140.39,0.23999999999998067,CLOSED,1.0,IOC-EQ
BUY,2026-07-27T14:14:00+05:30,140.39,0.0014274655481982957,0.029888682361944488,14,0.4593959558492636,0.5813932990962829,2026-07-28T13:16:00+05:30,141.4,1.0100000000000193,CLOSED,1.0,IOC-EQ
SELL,2026-07-28T13:16:00+05:30,141.4,-7.241941035509617e-05,0.06412661087428524,13,0.7701395856285606,1.883262466177039,2026-07-28T13:25:00+05:30,141.79,0.38999999999998636,CLOSED,1.0,IOC-EQ
BUY,2026-07-28T13:25:00+05:30,141.79,0.000780748079660401,0.13670731102939612,13,-0.02566066640844601,0.5386954310025897,2026-07-28T14:15:00+05:30,141.51,-0.28000000000000114,CLOSED,0.0,IOC-EQ
SELL,2026-07-28T14:15:00+05:30,141.51,-0.0008516180584439442,0.03627058802329374,14,-0.0073346956635281565,1.3374443995147594,2026-07-29T14:30:00+05:30,140.31,-1.1999999999999886,CLOSED,0.0,IOC-EQ
BUY,2026-07-29T14:30:00+05:30,140.31,0.002592476198314765,0.031428932176864544,14,0.720373556067784,0.5176280677694923,2026-07-29T14:35:00+05:30,140.15,-0.1599999999999966,CLOSED,0.0,IOC-EQ
SELL,2026-07-29T14:35:00+05:30,140.15,-0.0007539199935976831,0.0659629525651432,14,-0.13449615724304334,1.2686302342086586,2026-07-29T14:49:00+05:30,140.26,0.10999999999998522,CLOSED,1.0,IOC-EQ
BUY,2026-07-29T14:49:00+05:30,140.26,0.0003267339469648825,0.04638007234913599,14,-0.3002817474965047,1.2281489027959702,2026-07-29T15:21:00+05:30,139.99,-0.2699999999999818,CLOSED,0.0,IOC-EQ
SELL,2026-07-29T15:21:00+05:30,139.99,-0.0033811690699453523,0.1596837151649729,15,0.33528815335379913,0.7249862451294888,2026-07-30T09:39:00+05:30,140.67,0.6799999999999784,CLOSED,1.0,IOC-EQ
BUY,2026-07-30T09:39:00+05:30,140.67,0.004058260276450519,0.044422216663888694,9,8.347483792941784,2.4227745433084054,2026-07-30T11:14:00+05:30,140.15,-0.5199999999999818,CLOSED,0.0,IOC-EQ
SELL,2026-07-30T11:14:00+05:30,140.15,-0.00420341534640139,0.06275171533733352,11,-0.3619312955488801,0.8744724856892157,2026-07-30T11:25:00+05:30,140.42,0.2699999999999818,CLOSED,1.0,IOC-EQ
BUY,2026-07-30T11:25:00+05:30,140.42,0.001160676097257123,0.06596295256513927,11,-0.2810404322740673,0.914308354086484,2026-07-30T11:37:00+05:30,140.16,-0.2599999999999909,CLOSED,0.0,IOC-EQ
SELL,2026-07-30T11:37:00+05:30,140.16,-0.002644680334229051,0.0945398211219848,11,0.5376972195204167,0.5974749073574048,2026-07-30T15:14:00+05:30,140.04,-0.12000000000000455,CLOSED,0.0,IOC-EQ
BUY,2026-07-30T15:14:00+05:30,140.04,0.004009801633060327,0.0670074622710025,15,-0.21139398225578068,0.8243296797271789,2026-07-31T09:20:00+05:30,139.67,-0.37000000000000455,CLOSED,0.0,IOC-EQ
SELL,2026-07-31T09:20:00+05:30,139.67,-0.0020851952557043173,0.08685236515681484,9,0.6639760067539364,0.5884351819355299,2026-07-31T10:40:00+05:30,139.88,0.21000000000000796,CLOSED,1.0,IOC-EQ
BUY,2026-07-31T10:40:00+05:30,139.88,0.0032579882848763923,0.10435516278555829,10,1.9715870745226427,0.7198286314768411,2026-07-31T15:23:00+05:30,139.85,-0.030000000000001137,CLOSED,0.0,IOC-EQ
SELL,2026-07-31T15:23:00+05:30,139.85,-0.011006778209828988,0.11037310461440543,15,0.09135296818841322,0.8240912802480116,2026-08-03T09:15:00+05:30,143.82,3.969999999999999,CLOSED,1.0,IOC-EQ
BUY,2026-08-03T09:15:00+05:30,143.82,0.060854336768899904,0.061246315081898886,9,0.013063471409261155,0.7410374046823829,2026-08-03T15:10:00+05:30,142.69,-1.1299999999999955,CLOSED,0.0,IOC-EQ
SELL,2026-08-03T15:10:00+05:30,142.69,-0.006518949499678775,0.07983315935959283,15,0.3739334590044917,0.6523169516289781,2026-08-03T15:14:00+05:30,143.09,0.4000000000000057,CLOSED,1.0,IOC-EQ
BUY,2026-08-03T15:14:00+05:30,143.09,0.0008186014050494811,0.11077504733066786,15,-0.1707973629633645,0.583529340173509,2026-08-04T11:41:00+05:30,142.86,-0.22999999999998977,CLOSED,0.0,IOC-EQ
SELL,2026-08-04T11:41:00+05:30,142.86,-0.010340385028720115,0.17398595090153465,11,-0.3196217039080515,0.7214217977939342,2026-08-05T09:20:00+05:30,143.67,0.8099999999999739,CLOSED,1.0,IOC-EQ
BUY,2026-08-05T09:20:00+05:30,143.67,0.007139737204158056,0.956484303176075,9,1.070920705943917,0.6156098384962604,2026-08-05T12:35:00+05:30,143.25,-0.4199999999999875,CLOSED,0.0,IOC-EQ
SELL,2026-08-05T12:35:00+05:30,143.25,-0.002455684281557344,0.06717307661721242,12,0.10036346580777886,0.991009589770911,2026-08-05T13:19:00+05:30,143.59,0.3400000000000034,CLOSED,1.0,IOC-EQ
BUY,2026-08-05T13:19:00+05:30,143.59,0.003711424523983557,0.038078865529320986,13,-0.019693751104211614,0.8424563225136563,2026-08-05T13:44:00+05:30,142.96,-0.6299999999999955,CLOSED,0.0,IOC-EQ
SELL,2026-08-05T13:44:00+05:30,142.96,-0.011756504748146296,0.07483314773547871,13,2.6129503400917042,2.0860471035649586,2026-08-06T10:57:00+05:30,143.38,0.4199999999999875,CLOSED,1.0,IOC-EQ
BUY,2026-08-06T10:57:00+05:30,143.38,0.00516845759944485,0.06795423296438563,10,-0.3585692815157734,1.5832671254090303,2026-08-06T14:48:00+05:30,143.5,0.12000000000000455,CLOSED,1.0,IOC-EQ
SELL,2026-08-06T14:48:00+05:30,143.5,-0.006566846032143087,0.08027729719195116,14,2.265371481657578,1.776154690534493,2026-08-07T11:32:00+05:30,143.29,-0.21000000000000796,CLOSED,0.0,IOC-EQ
BUY,2026-08-07T11:32:00+05:30,143.29,0.0024701067373264314,0.027100635498906296,11,-0.6110213382420736,0.6626810822326374,2026-08-07T11:54:00+05:30,143.09,-0.19999999999998863,CLOSED,0.0,IOC-EQ
SELL,2026-08-07T11:54:00+05:30,143.09,-0.0009003514216221805,0.062369864518045874,11,0.40746360917004915,0.4373477618496186,,,,OPEN,,IOC-EQ
BUY,2026-06-24T11:54:00+05:30,42.99,0.007837657241932902,0.05743595467030169,11,0.7909217318680465,1.0197758111869302,2026-06-25T09:15:00+05:30,42.92,-0.07000000000000028,CLOSED,0.0,OLAELEC-EQ
SELL,2026-06-25T09:15:00+05:30,42.92,-0.021778864275738555,0.0723341013784117,9,0.2830836145588867,0.7499962718443293,2026-06-30T09:27:00+05:30,40.84,-2.0799999999999983,CLOSED,0.0,OLAELEC-EQ
BUY,2026-06-30T09:27:00+05:30,40.84,0.017180852871449413,0.09456919865015843,9,0.05470671141780194,1.2116378973051172,2026-07-01T15:09:00+05:30,44.98,4.1399999999999935,CLOSED,1.0,OLAELEC-EQ
SELL,2026-07-01T15:09:00+05:30,44.98,-0.01853612613965214,0.11404190263037323,15,-0.2374467510887238,1.0481055092706726,2026-07-02T15:00:00+05:30,45.18,0.20000000000000284,CLOSED,1.0,OLAELEC-EQ
BUY,2026-07-02T15:00:00+05:30,45.18,0.0016251624826562924,0.1843939020442678,15,1.12388244895486,1.7157086851932228,2026-07-03T11:10:00+05:30,44.71,-0.46999999999999886,CLOSED,0.0,OLAELEC-EQ
SELL,2026-07-03T11:10:00+05:30,44.71,-0.0004196579888577295,0.05680375574437512,11,0.49365649800238454,1.8715134585852877,2026-07-03T14:54:00+05:30,44.83,0.11999999999999744,CLOSED,1.0,OLAELEC-EQ
BUY,2026-07-03T14:54:00+05:30,44.83,0.014762974865049842,0.23912804566219723,14,3.727149709569255,1.2117408417549005,2026-07-03T15:21:00+05:30,44.35,-0.4799999999999969,CLOSED,0.0,OLAELEC-EQ
SELL,2026-07-03T15:21:00+05:30,44.35,-0.0007663754162487462,0.06883151732874808,15,0.28712161496038724,0.9888256879955141,2026-07-07T13:33:00+05:30,42.18,-2.1700000000000017,CLOSED,0.0,OLAELEC-EQ
BUY,2026-07-07T13:33:00+05:30,42.18,0.017073140188651425,0.04391911757866835,13,-0.24362747097648552,1.21471281927191,2026-07-08T09:26:00+05:30,42.08,-0.10000000000000142,CLOSED,0.0,OLAELEC-EQ
SELL,2026-07-08T09:26:00+05:30,42.08,-0.007229755384254051,0.052535702146254463,9,-0.6815921060046098,0.702723000176037,2026-07-08T09:39:00+05:30,42.4,0.3200000000000003,CLOSED,1.0,OLAELEC-EQ
BUY,2026-07-08T09:39:00+05:30,42.4,0.001120261841037338,0.10308572484426162,9,0.9088419623792163,0.5460383324176608,2026-07-08T09:54:00+05:30,42.18,-0.21999999999999886,CLOSED,0.0,OLAELEC-EQ
SELL,2026-07-08T09:54:00+05:30,42.18,-0.0028939262986948763,0.04163331998932271,9,-0.5766325393351773,1.3040856792993492,2026-07-08T12:41:00+05:30,42.68,0.5,CLOSED,1.0,OLAELEC-EQ
BUY,2026-07-08T12:41:00+05:30,42.68,0.022835139056359855,0.09107384061542795,12,8.688244364368297,1.9194950781529256,2026-07-08T14:07:00+05:30,41.91,-0.7700000000000031,CLOSED,0.0,OLAELEC-EQ
SELL,2026-07-08T14:07:00+05:30,41.91,-0.03229158083812231,0.1259805981534907,14,-0.08878380223630358,1.5839014889840686,2026-07-09T14:39:00+05:30,40.9,-1.009999999999998,CLOSED,0.0,OLAELEC-EQ
BUY,2026-07-09T14:39:00+05:30,40.9,0.005054216524376452,0.0212132034355963,14,0.08556405043089665,1.3334983829130302,2026-07-09T14:45:00+05:30,40.76,-0.14000000000000057,CLOSED,0.0,OLAELEC-EQ
SELL,2026-07-09T14:45:00+05:30,40.76,-0.0029767694321698682,0.04131182235954685,14,0.29406278792451446,1.455934322604173,2026-07-10T10:04:00+05:30,40.97,0.21000000000000085,CLOSED,1.0,OLAELEC-EQ
BUY,2026-07-10T10:04:00+05:30,40.97,0.021777535155128522,0.06000000000000003,10,1.7251091527734752,1.7635330323794332,2026-07-10T12:32:00+05:30,40.39,-0.5799999999999983,CLOSED,0.0,OLAELEC-EQ
SELL,2026-07-10T12:32:00+05:30,40.39,-0.025193638117344416,0.01135292424395104,12,-0.5618989450149389,0.7773884058705737,2026-07-13T14:08:00+05:30,40.41,0.01999999999999602,CLOSED,1.0,OLAELEC-EQ
BUY,2026-07-13T14:08:00+05:30,40.41,0.005124235218969129,0.0900863783019144,14,-0.06491943674021301,1.1503424947608,2026-07-13T15:27:00+05:30,40.35,-0.05999999999999517,CLOSED,0.0,OLAELEC-EQ
SELL,2026-07-13T15:27:00+05:30,40.35,-0.0003046649256842805,0.048027769744874056,15,0.24022711568223068,0.8253177552756651,2026-07-15T09:31:00+05:30,40.08,-0.2700000000000031,CLOSED,0.0,OLAELEC-EQ
BUY,2026-07-15T09:31:00+05:30,40.08,0.011244818279778744,0.059898061552756336,9,-0.3261498059851416,0.6537523878403975,2026-07-15T15:04:00+05:30,40.69,0.6099999999999994,CLOSED,1.0,OLAELEC-EQ
SELL,2026-07-15T15:04:00+05:30,40.69,-0.023966308338012412,0.1656770620480971,15,3.373084368135233,0.48930921052631576,2026-07-17T14:24:00+05:30,39.58,-1.1099999999999994,CLOSED,0.0,OLAELEC-EQ
BUY,2026-07-17T14:24:00+05:30,39.58,0.0025198240236713226,0.04949747468305725,14,-0.3664642906919502,0.6394153857967416,2026-07-20T10:38:00+05:30,39.68,0.10000000000000142,CLOSED,1.0,OLAELEC-EQ
SELL,2026-07-20T10:38:00+05:30,39.68,-0.005433916089238137,0.032386554137309786,10,-0.20185478373128574,1.352461274614468,2026-07-23T10:08:00+05:30,37.26,-2.4200000000000017,CLOSED,0.0,OLAELEC-EQ
BUY,2026-07-23T10:08:00+05:30,37.26,0.012503478359152331,0.12013418423672087,10,-0.02696161080250239,0.623599356185166,2026-07-23T13:15:00+05:30,37.48,0.21999999999999886,CLOSED,1.0,OLAELEC-EQ
SELL,2026-07-23T13:15:00+05:30,37.48,-0.001561636888390297,0.0315524255098643,13,0.12398313141493535,2.025965475952053,2026-07-23T13:45:00+05:30,37.63,0.15000000000000568,CLOSED,1.0,OLAELEC-EQ
BUY,2026-07-23T13:45:00+05:30,37.63,0.003182495136055318,0.039777157040470905,13,0.49070861389506715,0.21283740271210144,2026-07-23T15:00:00+05:30,37.25,-0.38000000000000256,CLOSED,0.0,OLAELEC-EQ
SELL,2026-07-23T15:00:00+05:30,37.25,-0.0017208636130282408,0.05212165257037388,15,1.375197078683494,1.5566728339498017,2026-07-24T12:46:00+05:30,36.89,-0.35999999999999943,CLOSED,0.0,OLAELEC-EQ
BUY,2026-07-24T12:46:00+05:30,36.89,0.0015985954815419682,0.031972210155418686,12,-0.6286026031848131,0.9548030650164981,2026-07-27T12:34:00+05:30,37.19,0.29999999999999716,CLOSED,1.0,OLAELEC-EQ
SELL,2026-07-27T12:34:00+05:30,37.19,-0.004810162697185903,0.029439202887759263,12,-0.681649409712395,1.5800486408397503,2026-07-27T14:14:00+05:30,37.39,0.20000000000000284,CLOSED,1.0,OLAELEC-EQ
BUY,2026-07-27T14:14:00+05:30,37.39,0.005294365812200373,0.07748835037890897,14,3.380004380597402,0.5896630919968143,2026-07-28T09:29:00+05:30,37.16,-0.23000000000000398,CLOSED,0.0,OLAELEC-EQ
SELL,2026-07-28T09:29:00+05:30,37.16,-0.012456162966754841,0.10222524150130545,9,-0.45943092666773844,0.9853651128871058,2026-07-28T09:40:00+05:30,37.53,0.37000000000000455,CLOSED,1.0,OLAELEC-EQ
BUY,2026-07-28T09:40:00+05:30,37.53,0.019059872641410704,0.16894772367017336,9,3.3202153756169155,0.7365511811213074,2026-07-28T10:02:00+05:30,37.14,-0.39000000000000057,CLOSED,0.0,OLAELEC-EQ
SELL,2026-07-28T10:02:00+05:30,37.14,-0.008794336626045484,0.0540061724867329,10,-0.04761493956927244,1.808639486194997,2026-07-28T10:22:00+05:30,37.38,0.240000000000002,CLOSED,1.0,OLAELEC-EQ
BUY,2026-07-28T10:22:00+05:30,37.38,0.007270724542933142,0.1003106286602879,10,1.1108171663582744,0.5848428682868878,2026-07-28T12:53:00+05:30,37.25,-0.13000000000000256,CLOSED,0.0,OLAELEC-EQ
SELL,2026-07-28T12:53:00+05:30,37.25,-0.009951284811060723,0.025055493963954116,12,-0.6563996898746108,1.0006437699166317,2026-07-29T09:17:00+05:30,38.36,1.1099999999999994,CLOSED,1.0,OLAELEC-EQ
BUY,2026-07-29T09:17:00+05:30,38.36,0.08826912952027455,0.36087701814083695,9,0.9798142022137197,1.9234277969635083,2026-07-30T09:24:00+05:30,37.86,-0.5,CLOSED,0.0,OLAELEC-EQ
SELL,2026-07-30T09:24:00+05:30,37.86,-0.012505251638133782,0.13641847382227906,9,-0.6637500622334336,0.8880856340713201,2026-07-31T09:33:00+05:30,37.94,0.0799999999999983,CLOSED,1.0,OLAELEC-EQ
BUY,2026-07-31T09:33:00+05:30,37.94,0.0005100045139537708,0.05907622195096744,9,0.18644127343443367,0.9326030037855378,2026-08-03T12:47:00+05:30,38.79,0.8500000000000014,CLOSED,1.0,OLAELEC-EQ
SELL,2026-08-03T12:47:00+05:30,38.79,-0.00036550089192888074,0.017638342073763563,12,0.4923069459097797,0.5055638378405992,2026-08-03T14:11:00+05:30,38.87,0.0799999999999983,CLOSED,1.0,OLAELEC-EQ
BUY,2026-08-03T14:11:00+05:30,38.87,0.00031706596505160287,0.012866839377080004,14,0.19380825201974117,0.2060467154884307,2026-08-03T14:16:00+05:30,38.86,-0.00999999999999801,CLOSED,0.0,OLAELEC-EQ
SELL,2026-08-03T14:16:00+05:30,38.86,-0.000549102598622751,0.014298407059685169,14,-0.025686213633613616,0.3305264243071761,2026-08-03T14:18:00+05:30,38.88,0.020000000000003126,CLOSED,1.0,OLAELEC-EQ
BUY,2026-08-03T14:18:00+05:30,38.88,0.00020935093663895443,0.009486832980505166,14,0.10980963256520306,0.8612925760894193,2026-08-03T14:32:00+05:30,38.86,-0.020000000000003126,CLOSED,0.0,OLAELEC-EQ
SELL,2026-08-03T14:32:00+05:30,38.86,-6.880546753144027e-05,0.012516655570346515,14,-0.11761482968696811,1.1824312670323225,2026-08-03T14:50:00+05:30,38.96,0.10000000000000142,CLOSED,1.0,OLAELEC-EQ
BUY,2026-08-03T14:50:00+05:30,38.96,0.004276797787591796,0.03590109871422948,14,0.9296179626949632,2.071867199438122,2026-08-03T15:13:00+05:30,38.83,-0.13000000000000256,CLOSED,0.0,OLAELEC-EQ
SELL,2026-08-03T15:13:00+05:30,38.83,-0.0035780490310384295,0.01549193338483005,15,0.7695622428429798,1.3475303454589878,2026-08-04T09:21:00+05:30,39.14,0.3100000000000023,CLOSED,1.0,OLAELEC-EQ
BUY,2026-08-04T09:21:00+05:30,39.14,0.010417714886043549,0.21008992783514768,9,-0.13297326922997915,1.2070488062407523,2026-08-04T09:39:00+05:30,38.84,-0.29999999999999716,CLOSED,0.0,OLAELEC-EQ
SELL,2026-08-04T09:39:00+05:30,38.84,-0.0009429656499324972,0.025841396591084878,9,-0.3784860280190314,1.2959348659433285,2026-08-04T09:44:00+05:30,39.03,0.18999999999999773,CLOSED,1.0,OLAELEC-EQ
BUY,2026-08-04T09:44:00+05:30,39.03,0.015957577287434604,0.01999999999999997,9,-0.3599886791556449,0.7500974180921816,2026-08-04T11:50:00+05:30,38.98,-0.05000000000000426,CLOSED,0.0,OLAELEC-EQ
SELL,2026-08-04T11:50:00+05:30,38.98,-0.007674361061989901,0.04077035960378828,11,-0.5625896886281648,0.9210681250837841,2026-08-05T09:22:00+05:30,39.43,0.45000000000000284,CLOSED,1.0,OLAELEC-EQ
BUY,2026-08-05T09:22:00+05:30,39.43,0.00806975252507664,0.373476163154283,9,0.9045877030868708,1.7874304074720906,2026-08-06T11:03:00+05:30,41.29,1.8599999999999994,CLOSED,1.0,OLAELEC-EQ
SELL,2026-08-06T11:03:00+05:30,41.29,-0.004307399030899671,0.015092308563561974,11,0.2569714067517442,1.3086887279865187,2026-08-06T11:37:00+05:30,41.58,0.28999999999999915,CLOSED,1.0,OLAELEC-EQ
BUY,2026-08-06T11:37:00+05:30,41.58,0.017279651112686846,0.10027185270276236,11,7.577199231923261,0.5485225499048048,2026-08-06T14:09:00+05:30,41.45,-0.12999999999999545,CLOSED,0.0,OLAELEC-EQ
SELL,2026-08-06T14:09:00+05:30,41.45,-0.0009994917539860656,0.027808871486152652,14,-0.5986079246855768,1.6197654876509266,2026-08-06T14:44:00+05:30,41.6,0.14999999999999858,CLOSED,1.0,OLAELEC-EQ
BUY,2026-08-06T14:44:00+05:30,41.6,0.01071145588322668,0.03247221034121942,14,1.0174477268219309,0.973850066834331,2026-08-06T14:57:00+05:30,41.4,-0.20000000000000284,CLOSED,0.0,OLAELEC-EQ
SELL,2026-08-06T14:57:00+05:30,41.4,-0.0005182892878967446,0.06221825384170819,14,0.6216692475035627,1.5840548399432899,2026-08-07T09:23:00+05:30,41.58,0.17999999999999972,CLOSED,1.0,OLAELEC-EQ
BUY,2026-08-07T09:23:00+05:30,41.58,0.008500643681339204,0.12359881337078613,9,-0.31905779324620853,1.0374662325001822,2026-08-07T09:25:00+05:30,41.41,-0.1700000000000017,CLOSED,0.0,OLAELEC-EQ
SELL,2026-08-07T09:25:00+05:30,41.41,-0.002245676241773577,0.09681597664297546,9,-0.18864095551543833,1.1196793202064916,,,,OPEN,,OLAELEC-EQ
BUY,2026-06-25T10:20:00+05:30,256.6,0.0044738328821059895,0.26874192494328675,10,-0.41881652406463404,0.6373719307900231,2026-06-25T10:28:00+05:30,256.05,-0.5500000000000114,CLOSED,0.0,ETERNAL-EQ
SELL,2026-06-25T10:28:00+05:30,256.05,-0.001981788928141427,0.20923139768634091,10,2.0077885621796216,0.6064868062173442,2026-06-25T12:11:00+05:30,256.5,0.44999999999998863,CLOSED,1.0,ETERNAL-EQ
BUY,2026-06-25T12:11:00+05:30,256.5,0.0020120374239939926,0.12572014777097476,12,-0.24281234055690054,1.113717660348193,2026-06-25T12:24:00+05:30,255.65,-0.8499999999999943,CLOSED,0.0,ETERNAL-EQ
SELL,2026-06-25T12:24:00+05:30,255.65,-0.005206152863166934,0.20743138088962784,12,0.1426144530036684,0.5552370720320372,2026-06-25T13:02:00+05:30,256.4,0.7499999999999716,CLOSED,1.0,ETERNAL-EQ
BUY,2026-06-25T13:02:00+05:30,256.4,0.005679151478606489,0.2157673644357563,13,-0.4541924983666922,0.8367313334530866,2026-06-25T13:14:00+05:30,254.95,-1.4499999999999886,CLOSED,0.0,ETERNAL-EQ
SELL,2026-06-25T13:14:00+05:30,254.95,-0.011979277187168185,0.38690366300210055,13,1.8932531269937833,2.260074419318334,2026-06-25T13:45:00+05:30,256.5,1.5500000000000114,CLOSED,1.0,ETERNAL-EQ
BUY,2026-06-25T13:45:00+05:30,256.5,0.006550725376829705,0.3807886552931907,13,2.3398882031204975,1.7100278643435383,2026-06-25T15:10:00+05:30,255.25,-1.25,CLOSED,0.0,ETERNAL-EQ
SELL,2026-06-25T15:10:00+05:30,255.25,-0.011397374221104675,0.27833832330855773,15,0.15166837250362877,0.8546844863660217,2026-06-29T09:19:00+05:30,259.15,3.8999999999999773,CLOSED,1.0,ETERNAL-EQ
BUY,2026-06-29T09:19:00+05:30,259.15,0.04685745207840379,2.6831987543891644,9,6.362125283437263,0.8941331275094896,2026-06-29T12:29:00+05:30,258.0,-1.1499999999999773,CLOSED,0.0,ETERNAL-EQ
SELL,2026-06-29T12:29:00+05:30,258.0,-0.0024777461810591883,0.06346477588218878,12,0.48031821705160055,0.5370252526036412,2026-06-29T12:57:00+05:30,259.2,1.1999999999999886,CLOSED,1.0,ETERNAL-EQ
BUY,2026-06-29T12:57:00+05:30,259.2,0.013502028240143873,0.3155682704793523,12,0.38834704941306214,1.328927928509442,2026-06-30T09:27:00+05:30,258.2,-1.0,CLOSED,0.0,ETERNAL-EQ
SELL,2026-06-30T09:27:00+05:30,258.2,-0.004832051535886322,0.3142893217686121,9,-0.4297095839734723,0.7384537908785779,2026-06-30T09:45:00+05:30,259.55,1.3500000000000227,CLOSED,1.0,ETERNAL-EQ
BUY,2026-06-30T09:45:00+05:30,259.55,0.007729636007634281,0.2728959915832768,9,1.2796653932186484,1.4669142631464718,2026-06-30T10:00:00+05:30,258.45,-1.1000000000000227,CLOSED,0.0,ETERNAL-EQ
SELL,2026-06-30T10:00:00+05:30,258.45,-0.0038345741061985646,0.440990047758699,10,-0.07653893413043857,0.5965729492371042,2026-06-30T10:04:00+05:30,260.25,1.8000000000000114,CLOSED,1.0,ETERNAL-EQ
BUY,2026-06-30T10:04:00+05:30,260.25,0.00900289103463504,0.319026296373473,10,0.4626767858226468,0.5947477200132969,2026-07-02T13:48:00+05:30,279.5,19.25,CLOSED,1.0,ETERNAL-EQ
SELL,2026-07-02T13:48:00+05:30,279.5,-0.000744231171189561,0.2105548226313788,13,0.4172356207846039,1.6995045543729652,2026-07-02T14:37:00+05:30,280.3,0.8000000000000114,CLOSED,1.0,ETERNAL-EQ
BUY,2026-07-02T14:37:00+05:30,280.3,0.0017224900558337147,0.04830458915395486,14,0.13264336637634466,1.2437568034833835,2026-07-02T15:18:00+05:30,279.4,-0.9000000000000341,CLOSED,0.0,ETERNAL-EQ
SELL,2026-07-02T15:18:00+05:30,279.4,-0.009066247533380135,0.1461544084559555,15,0.330715986671701,1.506850294687389,2026-07-03T09:17:00+05:30,281.0,1.6000000000000227,CLOSED,1.0,ETERNAL-EQ
BUY,2026-07-03T09:17:00+05:30,281.0,0.009454290131062254,0.945691986501598,9,0.1813817310511042,1.7139008759478362,2026-07-03T13:38:00+05:30,283.35,2.3500000000000227,CLOSED,1.0,ETERNAL-EQ
SELL,2026-07-03T13:38:00+05:30,283.35,-0.014904573422167194,0.36396733675183063,13,-0.21604312391477853,1.274031902469904,2026-07-06T10:15:00+05:30,283.3,-0.05000000000001137,CLOSED,0.0,ETERNAL-EQ
BUY,2026-07-06T10:15:00+05:30,283.3,0.005087386656143675,0.11654755824698135,10,-0.47319804177038216,0.939668559227447,2026-07-06T10:59:00+05:30,281.65,-1.650000000000034,CLOSED,0.0,ETERNAL-EQ
SELL,2026-07-06T10:59:00+05:30,281.65,-0.012624449385044393,0.727247474309058,10,1.709670352427975,1.6626313258753993,2026-07-06T13:29:00+05:30,282.05,0.4000000000000341,CLOSED,1.0,ETERNAL-EQ
BUY,2026-07-06T13:29:00+05:30,282.05,0.003920771481919666,0.10124228365659098,13,0.4201050165748562,0.783180026281209,2026-07-06T13:33:00+05:30,280.55,-1.5,CLOSED,0.0,ETERNAL-EQ
SELL,2026-07-06T13:33:00+05:30,280.55,-0.008915179664872755,0.10554093465993002,13,-0.26077644847840425,1.308523017371377,2026-07-06T14:11:00+05:30,283.25,2.6999999999999886,CLOSED,1.0,ETERNAL-EQ
BUY,2026-07-06T14:11:00+05:30,283.25,0.021301622486370186,0.5562773089426132,14,-0.8522751273486644,0.8520682636036495,2026-07-08T09:21:00+05:30,287.1,3.8500000000000227,CLOSED,1.0,ETERNAL-EQ
SELL,2026-07-08T09:21:00+05:30,287.1,-0.01238013832608465,1.203698005684525,9,-0.2416301114473554,0.6795208874313081,2026-07-08T10:40:00+05:30,289.7,2.599999999999966,CLOSED,1.0,ETERNAL-EQ
BUY,2026-07-08T10:40:00+05:30,289.7,0.006370861103841219,0.5484574327653469,10,2.2172916198459838,1.162765356980188,2026-07-08T14:03:00+05:30,289.65,-0.05000000000001137,CLOSED,0.0,ETERNAL-EQ
SELL,2026-07-08T14:03:00+05:30,289.65,-0.019169578811881555,0.787753486539762,14,-0.06315371946416733,1.0629070905470621,2026-07-09T09:26:00+05:30,296.8,7.150000000000034,CLOSED,1.0,ETERNAL-EQ
BUY,2026-07-09T09:26:00+05:30,296.8,0.0017011152834552898,2.394925190202535,9,0.6124889282531747,0.6729639299708995,2026-07-09T12:04:00+05:30,292.5,-4.300000000000011,CLOSED,0.0,ETERNAL-EQ
SELL,2026-07-09T12:04:00+05:30,292.5,-0.0009635085307271533,0.21756225162774276,12,-0.3225284611877786,1.0936243024785157,2026-07-09T14:33:00+05:30,292.7,0.19999999999998863,CLOSED,1.0,ETERNAL-EQ
BUY,2026-07-09T14:33:00+05:30,292.7,0.002357735316781108,0.15994790818680146,14,0.2715977296672735,1.5225978972104612,2026-07-10T09:37:00+05:30,291.25,-1.4499999999999886,CLOSED,0.0,ETERNAL-EQ
SELL,2026-07-10T09:37:00+05:30,291.25,-0.0066308607395155145,0.8767997364152083,9,0.23327522225734973,1.0548322951251992,2026-07-10T15:08:00+05:30,289.4,-1.8500000000000227,CLOSED,0.0,ETERNAL-EQ
BUY,2026-07-10T15:08:00+05:30,289.4,0.0057693442083154994,0.21272047386183549,15,-0.4725666018778554,0.8061283598617205,2026-07-13T09:17:00+05:30,285.3,-4.099999999999966,CLOSED,0.0,ETERNAL-EQ
SELL,2026-07-13T09:17:00+05:30,285.3,-0.011645607757710475,2.028744822681144,9,-0.20739245581603857,1.5534253154759436,2026-07-14T12:49:00+05:30,283.9,-1.400000000000034,CLOSED,0.0,ETERNAL-EQ
BUY,2026-07-14T12:49:00+05:30,283.9,0.005941009323047479,0.28621087796703637,12,-0.9365534826108833,0.8243834154197645,2026-07-16T09:43:00+05:30,292.5,8.600000000000023,CLOSED,1.0,ETERNAL-EQ
SELL,2026-07-16T09:43:00+05:30,292.5,-0.021905177116496397,0.44624980547770365,9,0.21477459270856009,0.5335306967660483,2026-07-17T12:36:00+05:30,286.5,-6.0,CLOSED,0.0,ETERNAL-EQ
BUY,2026-07-17T12:36:00+05:30,286.5,0.0018837428144158252,0.09775252199077006,12,-0.7414840669531045,1.0553307799838616,2026-07-17T12:54:00+05:30,285.85,-0.6499999999999773,CLOSED,0.0,ETERNAL-EQ
SELL,2026-07-17T12:54:00+05:30,285.85,-0.0038488123443464707,0.16020819787597393,12,1.5451036073154645,1.7446804337593056,2026-07-17T15:12:00+05:30,286.7,0.8499999999999659,CLOSED,1.0,ETERNAL-EQ
BUY,2026-07-17T15:12:00+05:30,286.7,0.010979785643774519,0.3854650870485403,15,-0.47134748593988757,0.9421897934909146,2026-07-20T09:28:00+05:30,284.7,-2.0,CLOSED,0.0,ETERNAL-EQ
SELL,2026-07-20T09:28:00+05:30,284.7,-0.0009744119034008116,0.3457680661303992,9,0.22774319522734418,0.8015700764709751,2026-07-20T10:11:00+05:30,286.45,1.75,CLOSED,1.0,ETERNAL-EQ
BUY,2026-07-20T10:11:00+05:30,286.45,0.0057922515880837345,0.2605549632781667,10,0.14302563726808382,1.0188577370715515,2026-07-20T12:12:00+05:30,286.75,0.30000000000001137,CLOSED,1.0,ETERNAL-EQ
SELL,2026-07-20T12:12:00+05:30,286.75,-0.00044179174447816426,0.21343747458109466,12,-0.06494610397798635,1.1230957494630638,2026-07-20T12:44:00+05:30,287.15,0.39999999999997726,CLOSED,1.0,ETERNAL-EQ
BUY,2026-07-20T12:44:00+05:30,287.15,0.001782381007772077,0.08096638534327849,12,0.12135423615339036,1.161632687056416,2026-07-20T12:46:00+05:30,286.5,-0.6499999999999773,CLOSED,0.0,ETERNAL-EQ
SELL,2026-07-20T12:46:00+05:30,286.5,-0.0034330028810406737,0.07546154281781015,12,-0.14780339544568194,0.5085090746651488,2026-07-20T13:06:00+05:30,287.2,0.6999999999999886,CLOSED,1.0,ETERNAL-EQ
BUY,2026-07-20T13:06:00+05:30,287.2,0.002758936660778054,0.15311578770474815,13,-0.3104205952156096,1.0242485851524232,2026-07-20T13:19:00+05:30,286.6,-0.5999999999999659,CLOSED,0.0,ETERNAL-EQ
SELL,2026-07-20T13:19:00+05:30,286.6,-0.004743782684845052,0.24771175004651716,13,3.5718042210941374,0.6301461434439954,2026-07-20T14:05:00+05:30,287.2,0.5999999999999659,CLOSED,1.0,ETERNAL-EQ
BUY,2026-07-20T14:05:00+05:30,287.2,0.002575344725489622,0.1452966314513606,14,-0.17045288424161367,0.9632396997145174,2026-07-20T14:17:00+05:30,286.35,-0.8499999999999659,CLOSED,0.0,ETERNAL-EQ
SELL,2026-07-20T14:17:00+05:30,286.35,-0.006638762181532784,0.2569046515733079,14,-0.11313580060565732,1.3170742061470537,2026-07-20T14:48:00+05:30,287.35,1.0,CLOSED,1.0,ETERNAL-EQ
BUY,2026-07-20T14:48:00+05:30,287.35,0.004489373381500769,0.5435480148473085,14,3.022733031564788,0.7165385861349075,2026-07-21T09:16:00+05:30,284.65,-2.7000000000000455,CLOSED,0.0,ETERNAL-EQ
SELL,2026-07-21T09:16:00+05:30,284.65,-0.01971103146655118,0.9168333181845666,9,1.0151570937566892,1.84334514178602,2026-07-21T14:47:00+05:30,287.25,2.6000000000000227,CLOSED,1.0,ETERNAL-EQ
BUY,2026-07-21T14:47:00+05:30,287.25,0.015183868995086117,0.7563802688536405,14,3.3154016828246258,2.251342204680324,2026-07-22T12:20:00+05:30,285.75,-1.5,CLOSED,0.0,ETERNAL-EQ
SELL,2026-07-22T12:20:00+05:30,285.75,-0.007579356301418341,0.17199806200457807,12,-0.5013755435514563,1.535069978157107,2026-07-22T14:49:00+05:30,285.6,-0.14999999999997726,CLOSED,0.0,ETERNAL-EQ
BUY,2026-07-22T14:49:00+05:30,285.6,0.002329277504827284,0.17232076034084395,14,-0.22809232408059635,1.0016717471115724,2026-07-22T15:04:00+05:30,278.4,-7.2000000000000455,CLOSED,0.0,ETERNAL-EQ
SELL,2026-07-22T15:04:00+05:30,278.4,-0.06683558912117356,1.9011984524387615,15,2.2887120566616654,1.7241237320885938,2026-07-22T15:18:00+05:30,290.3,11.900000000000034,CLOSED,1.0,ETERNAL-EQ
BUY,2026-07-22T15:18:00+05:30,290.3,0.01081641344421113,4.9332460577865564,15,0.526160838773715,0.472995086486571,2026-07-23T12:32:00+05:30,289.15,-1.150000000000034,CLOSED,0.0,ETERNAL-EQ
SELL,2026-07-23T12:32:00+05:30,289.15,-0.018055493811084292,0.07835106182362032,12,-0.5197213444132909,1.132572507293633,2026-07-24T14:02:00+05:30,282.1,-7.0499999999999545,CLOSED,0.0,ETERNAL-EQ
BUY,2026-07-24T14:02:00+05:30,282.1,0.015375928084518592,0.4435024740003572,14,1.3161986580603913,0.5937236569852096,2026-07-24T14:47:00+05:30,280.25,-1.8500000000000227,CLOSED,0.0,ETERNAL-EQ
SELL,2026-07-24T14:47:00+05:30,280.25,-0.002754442673395092,0.13343745934165518,14,-0.13996036728584707,1.0573435307805497,2026-07-27T09:16:00+05:30,286.55,6.300000000000011,CLOSED,1.0,ETERNAL-EQ
BUY,2026-07-27T09:16:00+05:30,286.55,0.05979770814356126,1.8114527625944612,9,-0.15905232820117482,1.9709909339428855,2026-07-29T14:27:00+05:30,311.95,25.399999999999977,CLOSED,1.0,ETERNAL-EQ
SELL,2026-07-29T14:27:00+05:30,311.95,-0.002259885001361055,0.19300259065618589,14,0.8788726927056272,0.9463685738517746,2026-07-30T14:59:00+05:30,309.6,-2.349999999999966,CLOSED,0.0,ETERNAL-EQ
BUY,2026-07-30T14:59:00+05:30,309.6,0.0010483357139573386,0.41579909678701293,14,0.19858270807265366,1.865401023890785,2026-07-31T10:37:00+05:30,308.15,-1.4500000000000455,CLOSED,0.0,ETERNAL-EQ
SELL,2026-07-31T10:37:00+05:30,308.15,-0.0037927353171060382,0.14298407059685192,10,-0.8374036008608652,0.9887954801030218,2026-08-03T09:34:00+05:30,304.95,-3.1999999999999886,CLOSED,0.0,ETERNAL-EQ
BUY,2026-08-03T09:34:00+05:30,304.95,0.006094400333905587,0.4709623716981575,9,-0.0522436003025624,0.6092594443334,2026-08-03T09:36:00+05:30,303.2,-1.75,CLOSED,0.0,ETERNAL-EQ
SELL,2026-08-03T09:36:00+05:30,303.2,-0.011128690747544029,0.5619657957167425,9,0.016147100951217016,1.0861842135421202,2026-08-03T10:43:00+05:30,304.85,1.650000000000034,CLOSED,1.0,ETERNAL-EQ
BUY,2026-08-03T10:43:00+05:30,304.85,0.010975883516769033,0.564210362660357,10,0.8480435069693757,0.40908908090280804,2026-08-04T11:55:00+05:30,310.2,5.349999999999966,CLOSED,1.0,ETERNAL-EQ
SELL,2026-08-04T11:55:00+05:30,310.2,-0.0005983952013351947,0.24318488622627754,11,0.9115164737448218,0.48752649600521764,2026-08-04T12:15:00+05:30,310.85,0.6500000000000341,CLOSED,1.0,ETERNAL-EQ
BUY,2026-08-04T12:15:00+05:30,310.85,0.003392809611166542,0.14191155304938224,12,-0.315402594018604,0.8967050567421473,2026-08-04T13:58:00+05:30,310.5,-0.35000000000002274,CLOSED,0.0,ETERNAL-EQ
SELL,2026-08-04T13:58:00+05:30,310.5,-0.001115540990593631,0.30110906108362534,13,1.699069521079542,1.1398091314218448,2026-08-05T09:16:00+05:30,313.65,3.1499999999999773,CLOSED,1.0,ETERNAL-EQ
BUY,2026-08-05T09:16:00+05:30,313.65,0.0018272495121919624,1.3812635117488963,9,1.8952339609978242,2.07576341172963,2026-08-05T12:06:00+05:30,312.05,-1.599999999999966,CLOSED,0.0,ETERNAL-EQ
SELL,2026-08-05T12:06:00+05:30,312.05,-0.00030971232395499826,0.06582805886045329,12,-0.1029351924624329,0.8203804224564163,2026-08-06T09:21:00+05:30,313.9,1.849999999999966,CLOSED,1.0,ETERNAL-EQ
BUY,2026-08-06T09:21:00+05:30,313.9,0.031210570143997876,1.4767174558609502,9,7.56578646998024e-05,0.900818086600832,2026-08-06T12:59:00+05:30,314.5,0.6000000000000227,CLOSED,1.0,ETERNAL-EQ
SELL,2026-08-06T12:59:00+05:30,314.5,-0.015758247485596826,0.9111805529092563,12,-0.4595928781371315,0.6921526077330244,2026-08-06T13:19:00+05:30,316.7,2.1999999999999886,CLOSED,1.0,ETERNAL-EQ
BUY,2026-08-06T13:19:00+05:30,316.7,0.0038077467613090448,0.3180234093410234,13,0.49401595959123334,1.1973060113670588,2026-08-07T09:25:00+05:30,316.25,-0.44999999999998863,CLOSED,0.0,ETERNAL-EQ
SELL,2026-08-07T09:25:00+05:30,316.25,-0.00018608432639530295,0.7867655305108305,9,-0.7147290181082918,1.073714486805154,2026-08-07T12:32:00+05:30,315.55,-0.6999999999999886,CLOSED,0.0,ETERNAL-EQ
BUY,2026-08-07T12:32:00+05:30,315.55,0.006403345107604114,0.12076147288491199,12,-0.0652876102437376,1.1637869292748433,2026-08-07T14:04:00+05:30,314.25,-1.3000000000000114,CLOSED,0.0,ETERNAL-EQ
SELL,2026-08-07T14:04:00+05:30,314.25,-0.0018779391354061716,0.3283375634245334,14,2.7003378272137675,0.37621877465159087,,,,OPEN,,ETERNAL-EQ
SELL,2026-06-25T11:54:00+05:30,199.86,-0.0017457995495042263,0.12251530516633359,11,0.5917094498388507,1.5591972760628539,2026-06-25T15:07:00+05:30,199.98,0.11999999999997613,CLOSED,1.0,GROWW-EQ
BUY,2026-06-25T15:07:00+05:30,199.98,0.0032630280833099794,0.23640830968662746,15,-0.5935409292340832,1.244748414227041,2026-06-29T09:16:00+05:30,195.65,-4.329999999999984,CLOSED,0.0,GROWW-EQ
SELL,2026-06-29T09:16:00+05:30,195.65,-0.04608685305050061,0.6032725567915236,9,0.15732278749026596,1.6772289954158806,2026-06-29T10:43:00+05:30,199.95,4.299999999999983,CLOSED,1.0,GROWW-EQ
BUY,2026-06-29T10:43:00+05:30,199.95,0.0003836063841141716,0.22910696191953875,10,-0.17972683224571195,0.7685793538847143,2026-06-30T13:34:00+05:30,205.07,5.1200000000000045,CLOSED,1.0,GROWW-EQ
SELL,2026-06-30T13:34:00+05:30,205.07,-0.0017610364358529244,0.09008637830191518,13,-0.3522389056484574,0.8927869465191361,2026-07-01T09:50:00+05:30,204.2,-0.8700000000000045,CLOSED,0.0,GROWW-EQ
BUY,2026-07-01T09:50:00+05:30,204.2,0.00013340718929743923,0.1917434628756807,9,-0.27847199783251997,0.8750993885888192,2026-07-01T09:55:00+05:30,203.67,-0.5300000000000011,CLOSED,0.0,GROWW-EQ
SELL,2026-07-01T09:55:00+05:30,203.67,-0.0024506569809758915,0.2725109579855939,9,0.9328178835272481,1.0325930199019324,2026-07-01T13:54:00+05:30,203.82,0.15000000000000568,CLOSED,1.0,GROWW-EQ
BUY,2026-07-01T13:54:00+05:30,203.82,0.007729344849824913,0.2510444847697946,13,-0.8219968185371539,1.3454149427217719,2026-07-02T13:54:00+05:30,205.64,1.8199999999999932,CLOSED,1.0,GROWW-EQ
SELL,2026-07-02T13:54:00+05:30,205.64,-0.0036805281090353946,0.16487031940959687,13,0.38809578906341136,0.8360783434510669,2026-07-02T14:31:00+05:30,206.1,0.46000000000000796,CLOSED,1.0,GROWW-EQ
BUY,2026-07-02T14:31:00+05:30,206.1,0.0010216479734539237,0.06566751268490241,14,-0.16137321101904945,1.216643508621918,2026-07-03T10:49:00+05:30,206.0,-0.09999999999999432,CLOSED,0.0,GROWW-EQ
SELL,2026-07-03T10:49:00+05:30,206.0,-0.0033468320380895234,0.07631076813486481,10,2.1338602008644316,0.37905571497125623,2026-07-03T12:35:00+05:30,206.45,0.44999999999998863,CLOSED,1.0,GROWW-EQ
BUY,2026-07-03T12:35:00+05:30,206.45,0.009934574202563528,0.19951051211514018,12,-0.4515105236416503,0.34748281348503496,2026-07-03T13:45:00+05:30,205.86,-0.589999999999975,CLOSED,0.0,GROWW-EQ
SELL,2026-07-03T13:45:00+05:30,205.86,-0.0016712482832307854,0.023664319132399626,13,-0.2902124001571837,0.8698492622454508,2026-07-03T13:56:00+05:30,206.15,0.28999999999999204,CLOSED,1.0,GROWW-EQ
BUY,2026-07-03T13:56:00+05:30,206.15,0.0023865992028080747,0.09510812560215871,13,-0.5169003599953742,1.022530738027106,2026-07-03T14:52:00+05:30,205.95,-0.20000000000001705,CLOSED,0.0,GROWW-EQ
SELL,2026-07-03T14:52:00+05:30,205.95,-0.0008933075784456137,0.14681810363696615,14,1.0120704745593874,0.3859727903566442,2026-07-03T15:08:00+05:30,206.45,0.5,CLOSED,1.0,GROWW-EQ
BUY,2026-07-03T15:08:00+05:30,206.45,0.002955347072190068,0.16538171335159693,15,3.5204526531641678,1.9852732318045752,2026-07-06T10:34:00+05:30,205.3,-1.1499999999999773,CLOSED,0.0,GROWW-EQ
SELL,2026-07-06T10:34:00+05:30,205.3,-0.004484963017809901,0.34701264786427816,10,3.9316505827115393,1.1497782505768481,2026-07-08T10:13:00+05:30,194.92,-10.380000000000024,CLOSED,0.0,GROWW-EQ
BUY,2026-07-08T10:13:00+05:30,194.92,0.007555189907604388,0.5657256893190883,10,2.1750030539622727,1.4072546513218647,2026-07-08T12:10:00+05:30,193.9,-1.0199999999999818,CLOSED,0.0,GROWW-EQ
SELL,2026-07-08T12:10:00+05:30,193.9,-0.0055549435725803205,0.09319036669336574,12,2.0246106933974994,2.067844284428443,2026-07-09T09:19:00+05:30,195.77,1.8700000000000045,CLOSED,1.0,GROWW-EQ
BUY,2026-07-09T09:19:00+05:30,195.77,0.055774096635624645,1.2673371032733693,9,0.07382458069792462,1.0746663359364999,2026-07-10T11:28:00+05:30,197.65,1.8799999999999955,CLOSED,1.0,GROWW-EQ
SELL,2026-07-10T11:28:00+05:30,197.65,-0.006595379988906835,0.3382454729926188,11,-0.2799459041676981,1.3068017171988193,2026-07-10T13:14:00+05:30,199.39,1.7399999999999807,CLOSED,1.0,GROWW-EQ
BUY,2026-07-10T13:14:00+05:30,199.39,0.010329009252785695,0.38474955779340936,13,2.899711374369744,1.452763857183621,2026-07-10T13:57:00+05:30,198.07,-1.3199999999999932,CLOSED,0.0,GROWW-EQ
SELL,2026-07-10T13:57:00+05:30,198.07,-0.0020506575173711026,0.12247448713915632,13,1.6332571716637143,0.3861931664802746,2026-07-10T14:32:00+05:30,199.88,1.8100000000000023,CLOSED,1.0,GROWW-EQ
BUY,2026-07-10T14:32:00+05:30,199.88,0.027686452439607462,0.7162099319799116,14,17.605771630768952,1.1958628980101877,2026-07-14T10:08:00+05:30,207.14,7.259999999999991,CLOSED,1.0,GROWW-EQ
SELL,2026-07-14T10:08:00+05:30,207.14,-0.006216129757899639,0.17276830985134223,10,-0.13030925380112998,0.6262363530579418,2026-07-14T12:59:00+05:30,207.35,0.21000000000000796,CLOSED,1.0,GROWW-EQ
BUY,2026-07-14T12:59:00+05:30,207.35,0.0017243021548445372,0.13352070168246807,12,0.03703247968322608,2.032451994383689,2026-07-14T13:12:00+05:30,206.56,-0.789999999999992,CLOSED,0.0,GROWW-EQ
SELL,2026-07-14T13:12:00+05:30,206.56,-0.0004638452905542839,0.2875103862858196,13,-0.7877255535664984,1.1486990306502884,2026-07-15T09:27:00+05:30,208.4,1.8400000000000034,CLOSED,1.0,GROWW-EQ
BUY,2026-07-15T09:27:00+05:30,208.4,0.024807711063009132,0.7758407625852651,9,-0.16275474763843606,1.370309041302744,2026-07-16T09:43:00+05:30,211.66,3.259999999999991,CLOSED,1.0,GROWW-EQ
SELL,2026-07-16T09:43:00+05:30,211.66,-0.0007395995078061165,0.7922043787923497,9,-0.3845944445172818,0.758733368042371,2026-07-16T11:17:00+05:30,213.16,1.5,CLOSED,1.0,GROWW-EQ
BUY,2026-07-16T11:17:00+05:30,213.16,0.0010456819466312269,0.3143052302742933,11,0.22450693330580918,1.0450785375813978,2026-07-16T11:46:00+05:30,211.74,-1.4199999999999875,CLOSED,0.0,GROWW-EQ
SELL,2026-07-16T11:46:00+05:30,211.74,-0.009872877297265027,0.26017301935442844,11,1.1925693596347289,1.1985528061582063,2026-07-17T09:41:00+05:30,212.75,1.009999999999991,CLOSED,1.0,GROWW-EQ
BUY,2026-07-17T09:41:00+05:30,212.75,0.07049032176272851,1.142784124651533,9,0.30315789473632754,0.8486319497689022,2026-07-17T10:57:00+05:30,208.59,-4.159999999999997,CLOSED,0.0,GROWW-EQ
SELL,2026-07-17T10:57:00+05:30,208.59,-0.0068088264258269245,0.46250045045023286,10,-0.47203355177407286,0.7064853589942176,2026-07-17T11:29:00+05:30,209.88,1.289999999999992,CLOSED,1.0,GROWW-EQ
BUY,2026-07-17T11:29:00+05:30,209.88,0.00307996940172015,0.20636806385140577,11,2.0232831435344703,1.856664847712416,2026-07-17T11:38:00+05:30,208.8,-1.079999999999984,CLOSED,0.0,GROWW-EQ
SELL,2026-07-17T11:38:00+05:30,208.8,-0.006581303237148358,0.21996211795064427,11,-0.22466055298157353,0.9502415387424195,2026-07-17T15:10:00+05:30,208.83,0.030000000000001137,CLOSED,1.0,GROWW-EQ
BUY,2026-07-17T15:10:00+05:30,208.83,0.010596958685743604,0.12763228431709278,15,-0.12912021878268853,0.9238600434853275,2026-07-17T15:28:00+05:30,208.01,-0.8200000000000216,CLOSED,0.0,GROWW-EQ
SELL,2026-07-17T15:28:00+05:30,208.01,-0.0018090984247747112,0.24167011491792928,15,-0.1087742359508426,0.5198873164942336,2026-07-20T14:25:00+05:30,204.67,-3.3400000000000034,CLOSED,0.0,GROWW-EQ
BUY,2026-07-20T14:25:00+05:30,204.67,0.003651733855412193,0.09472767986884224,14,-0.2847134214811395,1.1976972877805263,2026-07-20T14:43:00+05:30,204.15,-0.5199999999999818,CLOSED,0.0,GROWW-EQ
SELL,2026-07-20T14:43:00+05:30,204.15,-0.0004566345052456367,0.11179842972460997,14,-0.4331879620111784,0.9668851224516524,2026-07-21T09:22:00+05:30,205.18,1.0300000000000011,CLOSED,1.0,GROWW-EQ
BUY,2026-07-21T09:22:00+05:30,205.18,0.011660423384005629,0.948931562922799,9,-0.4174958327014491,0.6701036810481087,2026-07-21T09:34:00+05:30,204.1,-1.0800000000000125,CLOSED,0.0,GROWW-EQ
SELL,2026-07-21T09:34:00+05:30,204.1,-0.003423295428144961,0.2730567706540143,9,-0.34354560435296394,0.5942069560464879,2026-07-21T11:24:00+05:30,204.27,0.17000000000001592,CLOSED,1.0,GROWW-EQ
BUY,2026-07-21T11:24:00+05:30,204.27,0.00022980489461206017,0.14878769363686659,11,-0.2555824657249772,1.4349380024434528,2026-07-21T12:42:00+05:30,203.43,-0.8400000000000034,CLOSED,0.0,GROWW-EQ
SELL,2026-07-21T12:42:00+05:30,203.43,-0.00943833192647039,0.12301761391497319,12,-0.4203134096540774,0.9863999665229946,2026-07-21T12:51:00+05:30,204.5,1.0699999999999932,CLOSED,1.0,GROWW-EQ
BUY,2026-07-21T12:51:00+05:30,204.5,0.009268429870545018,0.27786687460004944,12,-0.3639204290168477,0.6958047540389681,2026-07-22T10:45:00+05:30,205.19,0.6899999999999977,CLOSED,1.0,GROWW-EQ
SELL,2026-07-22T10:45:00+05:30,205.19,-0.0032135386156625493,0.08432740427115423,10,0.1763885012474429,0.962122141776087,2026-07-22T15:06:00+05:30,204.16,-1.0300000000000011,CLOSED,0.0,GROWW-EQ
BUY,2026-07-22T15:06:00+05:30,204.16,0.0030568734366533522,0.41581112165126793,15,0.3094973246816338,0.9694181141749689,2026-07-23T09:15:00+05:30,202.16,-2.0,CLOSED,0.0,GROWW-EQ
SELL,2026-07-23T09:15:00+05:30,202.16,-0.02092600615082813,0.32958728400497805,9,0.15840672811098716,0.9736848068280525,2026-07-23T09:33:00+05:30,204.43,2.2700000000000102,CLOSED,1.0,GROWW-EQ
BUY,2026-07-23T09:33:00+05:30,204.43,0.011180223090227457,0.45282937674630347,9,0.00802999585054501,1.5666896298729276,2026-07-23T09:44:00+05:30,203.25,-1.1800000000000068,CLOSED,0.0,GROWW-EQ
SELL,2026-07-23T09:44:00+05:30,203.25,-0.0018778904735186398,0.3154467731118321,9,-0.26489053208750774,1.4328770216364353,2026-07-23T10:04:00+05:30,204.13,0.8799999999999955,CLOSED,1.0,GROWW-EQ
BUY,2026-07-23T10:04:00+05:30,204.13,0.008995034027242922,0.46378754714727716,10,2.4928598057116345,0.381639093208344,2026-07-23T12:24:00+05:30,203.68,-0.44999999999998863,CLOSED,0.0,GROWW-EQ
SELL,2026-07-23T12:24:00+05:30,203.68,-0.0006018513764417222,0.12463279397226477,12,0.5528716636546718,0.4032728332968875,2026-07-24T11:44:00+05:30,202.7,-0.9800000000000182,CLOSED,0.0,GROWW-EQ
BUY,2026-07-24T11:44:00+05:30,202.7,0.00900184245560912,0.14619621518128972,11,0.6462344221915375,0.9267916200344554,2026-07-24T15:02:00+05:30,202.26,-0.4399999999999977,CLOSED,0.0,GROWW-EQ
SELL,2026-07-24T15:02:00+05:30,202.26,-0.005149717806126373,0.5132857120768345,15,2.6793390575802136,1.8805358241096695,2026-07-27T10:22:00+05:30,203.37,1.1100000000000136,CLOSED,1.0,GROWW-EQ
BUY,2026-07-27T10:22:00+05:30,203.37,0.005174242868131908,0.08881941729649442,10,-0.11407539659171308,1.0475755873818218,2026-07-27T10:47:00+05:30,202.25,-1.1200000000000045,CLOSED,0.0,GROWW-EQ
SELL,2026-07-27T10:47:00+05:30,202.25,-1.4631767905648506e-05,0.2798015169524449,10,-0.11540242743381977,1.219484832929354,2026-07-29T11:53:00+05:30,195.45,-6.800000000000011,CLOSED,0.0,GROWW-EQ
BUY,2026-07-29T11:53:00+05:30,195.45,0.0043880646711868185,0.30368111930480995,11,1.0617049390903592,1.2318161504110527,2026-07-29T13:49:00+05:30,194.15,-1.299999999999983,CLOSED,0.0,GROWW-EQ
SELL,2026-07-29T13:49:00+05:30,194.15,-0.008110328020879631,0.2878579896793304,13,0.6434091884782208,0.8081354142057062,2026-07-30T15:20:00+05:30,192.21,-1.9399999999999977,CLOSED,0.0,GROWW-EQ
BUY,2026-07-30T15:20:00+05:30,192.21,0.003300570681535797,0.1622104257506953,15,-0.39553982315183545,0.9808661524434596,2026-07-31T14:52:00+05:30,194.87,2.6599999999999966,CLOSED,1.0,GROWW-EQ
SELL,2026-07-31T14:52:00+05:30,194.87,-0.002320370648876679,0.14252095362515255,14,0.0018897759265166078,1.4728259076361319,2026-08-03T14:11:00+05:30,192.64,-2.230000000000018,CLOSED,0.0,GROWW-EQ
BUY,2026-08-03T14:11:00+05:30,192.64,0.006607961900591045,0.20100027639561158,14,2.8900454794005968,0.7198601753351576,2026-08-04T11:51:00+05:30,193.92,1.2800000000000011,CLOSED,1.0,GROWW-EQ
SELL,2026-08-04T11:51:00+05:30,193.92,-0.0031045196580689475,0.22945587811167628,11,-0.6947006353382025,1.2809091422486123,2026-08-05T09:53:00+05:30,194.1,0.18000000000000682,CLOSED,1.0,GROWW-EQ
BUY,2026-08-05T09:53:00+05:30,194.1,0.022834994883526583,0.5298804896703941,9,3.597729683570237,0.7336936048920756,2026-08-05T11:56:00+05:30,192.82,-1.2800000000000011,CLOSED,0.0,GROWW-EQ
SELL,2026-08-05T11:56:00+05:30,192.82,-0.005225797599810845,0.1357653203959742,11,2.3800843810285413,1.2343216025594417,2026-08-06T09:42:00+05:30,192.83,0.010000000000019327,CLOSED,1.0,GROWW-EQ
BUY,2026-08-06T09:42:00+05:30,192.83,0.008497560363971814,0.055467708323549844,9,-0.206473202876246,1.0232299104412266,2026-08-06T10:57:00+05:30,192.14,-0.6900000000000261,CLOSED,0.0,GROWW-EQ
SELL,2026-08-06T10:57:00+05:30,192.14,-0.0014156302868733378,0.15905624441966704,10,0.31517475555330665,0.6000300474081329,2026-08-07T10:13:00+05:30,190.54,-1.5999999999999943,CLOSED,0.0,GROWW-EQ
BUY,2026-08-07T10:13:00+05:30,190.54,0.0011984160582163674,0.0854010148261337,10,-0.3866300409620215,1.0368139740388989,2026-08-07T11:46:00+05:30,190.06,-0.47999999999998977,CLOSED,0.0,GROWW-EQ
SELL,2026-08-07T11:46:00+05:30,190.06,-0.0012145191764326793,0.10898012051134015,11,-0.0035100907880787416,1.5350388514591784,2026-08-07T12:27:00+05:30,190.68,0.6200000000000045,CLOSED,1.0,GROWW-EQ
BUY,2026-08-07T12:27:00+05:30,190.68,0.002230192246176776,0.1400952057233446,12,0.5761787013138581,0.4634008371987781,2026-08-07T14:58:00+05:30,190.41,-0.27000000000001023,CLOSED,0.0,GROWW-EQ
SELL,2026-08-07T14:58:00+05:30,190.41,-0.00025937850752641043,0.06756889488185785,14,-0.1873494099194118,1.1190040232153806,,,,OPEN,,GROWW-EQ
BUY,2026-06-24T12:26:00+05:30,118.02,0.006814218958007359,0.06650814486462164,12,4.0035883112138775,2.10741849558328,2026-06-25T10:40:00+05:30,118.5,0.480000000000004,CLOSED,1.0,VMM-EQ
SELL,2026-06-25T10:40:00+05:30,118.5,-0.0013474489877054081,0.10816140202904564,10,0.65047106843307,0.7365834647099847,2026-06-29T14:36:00+05:30,115.54,-2.9599999999999937,CLOSED,0.0,VMM-EQ
BUY,2026-06-29T14:36:00+05:30,115.54,0.0023713902258498992,0.26646659161036595,14,2.713772920084531,0.6592305805809415,2026-07-01T11:12:00+05:30,118.11,2.569999999999993,CLOSED,1.0,VMM-EQ
SELL,2026-07-01T11:12:00+05:30,118.11,-0.0012239417425912189,0.018973665961014324,11,-0.2416476691846505,1.0483829169690058,2026-07-02T09:17:00+05:30,119.74,1.6299999999999955,CLOSED,1.0,VMM-EQ
BUY,2026-07-02T09:17:00+05:30,119.74,0.03843908535559015,1.0728052531149879,9,1.7168320615662673,2.212298098199087,2026-07-03T11:52:00+05:30,121.32,1.5799999999999983,CLOSED,1.0,VMM-EQ
SELL,2026-07-03T11:52:00+05:30,121.32,-0.010748543413478862,0.18571483516402515,11,-0.4892716221696544,0.6052880981801168,2026-07-06T13:35:00+05:30,118.99,-2.3299999999999983,CLOSED,0.0,VMM-EQ
BUY,2026-07-06T13:35:00+05:30,118.99,0.00017070474102099848,0.04667856991049505,13,0.015976515085107997,1.0045703331203288,2026-07-06T13:41:00+05:30,118.52,-0.46999999999999886,CLOSED,0.0,VMM-EQ
SELL,2026-07-06T13:41:00+05:30,118.52,-0.005296557974662839,0.12833982667555352,13,0.2760406342571804,1.5738529348944679,2026-07-06T14:40:00+05:30,118.86,0.3400000000000034,CLOSED,1.0,VMM-EQ
BUY,2026-07-06T14:40:00+05:30,118.86,0.0008809899376177499,0.027808871486155035,14,-0.6074217059737271,0.7578121026127944,2026-07-06T14:45:00+05:30,118.7,-0.1599999999999966,CLOSED,0.0,VMM-EQ
SELL,2026-07-06T14:45:00+05:30,118.7,-0.001822166267362195,0.05660781257427581,14,0.1510707200740034,1.543549028561328,2026-07-06T14:56:00+05:30,119.01,0.3100000000000023,CLOSED,1.0,VMM-EQ
BUY,2026-07-06T14:56:00+05:30,119.01,0.0069018989138981725,0.07420691791650531,14,-0.44268427912441144,1.3741117306220618,2026-07-07T09:29:00+05:30,118.34,-0.6700000000000017,CLOSED,0.0,VMM-EQ
SELL,2026-07-07T09:29:00+05:30,118.34,-0.012087746188110881,0.1982702981061743,9,3.2488889674370616,2.16915548832577,2026-07-07T14:51:00+05:30,117.3,-1.0400000000000063,CLOSED,0.0,VMM-EQ
BUY,2026-07-07T14:51:00+05:30,117.3,0.0020075948440996267,0.10946333734279311,14,5.090048307539437,0.4742564623260143,2026-07-08T13:27:00+05:30,118.13,0.8299999999999983,CLOSED,1.0,VMM-EQ
SELL,2026-07-08T13:27:00+05:30,118.13,-0.0010742825652466316,0.0370585122925012,13,0.281055026488187,1.8713438246683696,2026-07-09T09:52:00+05:30,117.2,-0.9299999999999926,CLOSED,0.0,VMM-EQ
BUY,2026-07-09T09:52:00+05:30,117.2,0.003477800461563286,0.041753243386992774,9,0.7162997552331999,0.9529423958954161,2026-07-09T10:07:00+05:30,116.85,-0.3500000000000085,CLOSED,0.0,VMM-EQ
SELL,2026-07-09T10:07:00+05:30,116.85,-0.0017615147163811816,0.06219146064997927,10,-0.44222696028113606,0.7020751222755116,2026-07-09T11:12:00+05:30,117.0,0.15000000000000568,CLOSED,1.0,VMM-EQ
BUY,2026-07-09T11:12:00+05:30,117.0,0.001347985142250159,0.04168666186897364,11,-0.7592533428964324,0.31563981042654027,2026-07-09T14:57:00+05:30,117.03,0.030000000000001137,CLOSED,1.0,VMM-EQ
SELL,2026-07-09T14:57:00+05:30,117.03,-0.0017090024258346668,0.029608557321604022,14,0.4460825526240049,0.458883867082869,2026-07-10T09:33:00+05:30,117.3,0.269999999999996,CLOSED,1.0,VMM-EQ
BUY,2026-07-10T09:33:00+05:30,117.3,0.006739812549481434,0.022135943621178492,9,-0.12437239747379303,1.2325583670913327,2026-07-10T11:01:00+05:30,117.12,-0.1799999999999926,CLOSED,0.0,VMM-EQ
SELL,2026-07-10T11:01:00+05:30,117.12,-0.002080871624718334,0.01646545204697377,11,1.1537516045513982,2.1020342164335264,2026-07-10T11:59:00+05:30,117.3,0.1799999999999926,CLOSED,1.0,VMM-EQ
BUY,2026-07-10T11:59:00+05:30,117.3,0.0007537716763899257,0.04565571644870428,11,-0.7892122622184435,1.1134634266077565,2026-07-13T11:12:00+05:30,117.8,0.5,CLOSED,1.0,VMM-EQ
SELL,2026-07-13T11:12:00+05:30,117.8,-0.004821066644031214,0.04472135954999785,11,-0.4867119900360457,1.3625827814569536,2026-07-15T11:39:00+05:30,114.88,-2.9200000000000017,CLOSED,0.0,VMM-EQ
BUY,2026-07-15T11:39:00+05:30,114.88,0.02478371325815677,0.2574684446684681,11,1.179835531208805,2.030401400322324,2026-07-15T12:25:00+05:30,114.08,-0.7999999999999972,CLOSED,0.0,VMM-EQ
SELL,2026-07-15T12:25:00+05:30,114.08,-0.0037148274443936013,0.04503085362035404,12,1.5178435421831566,0.6812436531771925,2026-07-16T09:17:00+05:30,114.38,0.29999999999999716,CLOSED,1.0,VMM-EQ
BUY,2026-07-16T09:17:00+05:30,114.38,0.00921225910284242,0.1641442455078256,9,-0.1938992657452802,0.5192193372708446,2026-07-16T09:30:00+05:30,113.7,-0.6799999999999926,CLOSED,0.0,VMM-EQ
SELL,2026-07-16T09:30:00+05:30,113.7,-0.009811156772446344,0.13712929827153605,9,0.39709621846757226,0.8237924690778142,2026-07-17T15:18:00+05:30,110.43,-3.269999999999996,CLOSED,0.0,VMM-EQ
BUY,2026-07-17T15:18:00+05:30,110.43,0.0009709964463021313,0.12147702114666249,15,4.85495403036711,1.9729629310338688,2026-07-20T14:45:00+05:30,111.16,0.7299999999999898,CLOSED,1.0,VMM-EQ
SELL,2026-07-20T14:45:00+05:30,111.16,-0.011118861794615877,0.06041522986797318,14,0.08254740559160414,1.109700160078808,2026-07-21T09:21:00+05:30,112.3,1.1400000000000006,CLOSED,1.0,VMM-EQ
BUY,2026-07-21T09:21:00+05:30,112.3,0.014596250472474051,0.3987271414555731,9,-0.08226788890924125,1.0079760799743713,2026-07-21T09:36:00+05:30,111.15,-1.1499999999999915,CLOSED,0.0,VMM-EQ
SELL,2026-07-21T09:36:00+05:30,111.15,-0.007138650342589897,0.204287379280592,9,-0.0240844463582902,1.3574455873912852,2026-07-21T12:14:00+05:30,111.42,0.269999999999996,CLOSED,1.0,VMM-EQ
BUY,2026-07-21T12:14:00+05:30,111.42,0.003523100389769672,0.09989438867568588,12,-0.5542699129958389,0.7227868708201337,2026-07-22T10:58:00+05:30,112.1,0.6799999999999926,CLOSED,1.0,VMM-EQ
SELL,2026-07-22T10:58:00+05:30,112.1,-0.0068745492062997965,0.049542350009306915,10,-0.05490649014817052,1.1262044653349002,2026-07-22T15:08:00+05:30,112.04,-0.05999999999998806,CLOSED,0.0,VMM-EQ
BUY,2026-07-22T15:08:00+05:30,112.04,0.0016617855276345943,0.2740154091368659,15,1.8108173422039175,0.48243825417738456,2026-07-23T09:23:00+05:30,110.3,-1.740000000000009,CLOSED,0.0,VMM-EQ
SELL,2026-07-23T09:23:00+05:30,110.3,-0.028555696281168542,0.5811138729486112,9,-0.5412986166082836,1.0289559131553934,2026-07-23T13:50:00+05:30,110.23,-0.06999999999999318,CLOSED,0.0,VMM-EQ
BUY,2026-07-23T13:50:00+05:30,110.23,0.009826744382232404,0.4137967831892559,13,1.737283658909294,1.843658590325105,2026-07-24T09:18:00+05:30,108.18,-2.049999999999997,CLOSED,0.0,VMM-EQ
SELL,2026-07-24T09:18:00+05:30,108.18,-0.04652132823011532,0.7553990851052054,9,0.31899451500834564,1.1794981495036134,2026-07-24T12:02:00+05:30,108.95,0.769999999999996,CLOSED,1.0,VMM-EQ
BUY,2026-07-24T12:02:00+05:30,108.95,0.0172425991352908,0.13502674632169126,12,-0.5533436271222466,0.5615052353222093,2026-07-24T13:23:00+05:30,108.21,-0.7400000000000091,CLOSED,0.0,VMM-EQ
SELL,2026-07-24T13:23:00+05:30,108.21,-0.001959208845640438,0.06789698078707111,13,0.8158961881095799,0.5724503876330719,2026-07-24T14:07:00+05:30,108.66,0.45000000000000284,CLOSED,1.0,VMM-EQ
BUY,2026-07-24T14:07:00+05:30,108.66,0.002878372056772968,0.2537737399951214,14,0.9831835401729415,0.6889679769543813,2026-07-24T14:47:00+05:30,108.25,-0.4099999999999966,CLOSED,0.0,VMM-EQ
SELL,2026-07-24T14:47:00+05:30,108.25,-0.0043908959827125916,0.06703233050800043,14,0.3153769206543532,1.237735778489771,2026-07-27T09:19:00+05:30,108.91,0.6599999999999966,CLOSED,1.0,VMM-EQ
BUY,2026-07-27T09:19:00+05:30,108.91,0.008033626923463908,0.6624734795530416,9,-0.1562328411440285,0.7922319033471042,2026-07-27T09:34:00+05:30,108.11,-0.7999999999999972,CLOSED,0.0,VMM-EQ
SELL,2026-07-27T09:34:00+05:30,108.11,-0.008480413740603791,0.2979727802631942,9,0.030944249303709485,1.529943234735862,2026-07-27T13:02:00+05:30,108.62,0.5100000000000051,CLOSED,1.0,VMM-EQ
BUY,2026-07-27T13:02:00+05:30,108.62,0.020996349235178836,0.3008801902566694,13,16.289868771074868,0.22339080505060255,2026-07-28T10:44:00+05:30,108.85,0.22999999999998977,CLOSED,1.0,VMM-EQ
SELL,2026-07-28T10:44:00+05:30,108.85,-0.007031999219327277,0.08651268372004654,10,1.1100395795802902,1.185597440560639,2026-07-28T13:26:00+05:30,109.13,0.28000000000000114,CLOSED,1.0,VMM-EQ
BUY,2026-07-28T13:26:00+05:30,109.13,0.0033192089603297143,0.2514491333583514,13,-0.49003678915629634,1.4385079404161025,2026-07-29T10:16:00+05:30,108.89,-0.23999999999999488,CLOSED,0.0,VMM-EQ
SELL,2026-07-29T10:16:00+05:30,108.89,-0.007263213456833819,0.02635231383473859,10,-0.6104898527576155,0.9626389560173997,2026-07-30T11:32:00+05:30,108.53,-0.35999999999999943,CLOSED,0.0,VMM-EQ
BUY,2026-07-30T11:32:00+05:30,108.53,0.009466969269048983,0.11213087591441215,11,-0.737065900174193,1.6293598918127008,2026-07-30T11:52:00+05:30,107.93,-0.5999999999999943,CLOSED,0.0,VMM-EQ
SELL,2026-07-30T11:52:00+05:30,107.93,-0.0031545431313362185,0.07195677714974143,11,-0.3480943738171025,1.001477642624636,2026-07-30T12:47:00+05:30,108.53,0.5999999999999943,CLOSED,1.0,VMM-EQ
BUY,2026-07-30T12:47:00+05:30,108.53,0.010250153260229114,0.09711962840858765,12,0.8944912798612374,1.7543353092039338,2026-07-30T14:30:00+05:30,107.76,-0.769999999999996,CLOSED,0.0,VMM-EQ
SELL,2026-07-30T14:30:00+05:30,107.76,-0.0002674600941342167,0.22784253821931902,14,0.18418719729481003,2.3552250926254885,2026-08-03T09:18:00+05:30,107.75,-0.010000000000005116,CLOSED,0.0,VMM-EQ
BUY,2026-08-03T09:18:00+05:30,107.75,0.020387237481006144,0.2683364389054253,9,0.11546620591096045,0.5076263501836994,2026-08-04T13:01:00+05:30,111.42,3.6700000000000017,CLOSED,1.0,VMM-EQ
SELL,2026-08-04T13:01:00+05:30,111.42,-0.006652081256589179,0.05926400443964304,13,-0.2788421199553666,1.679547909914402,2026-08-04T13:22:00+05:30,111.65,0.23000000000000398,CLOSED,1.0,VMM-EQ
BUY,2026-08-04T13:22:00+05:30,111.65,0.001421042580749255,0.07908504564356414,13,-0.5875681664950038,0.6313543696992046,2026-08-04T13:29:00+05:30,111.45,-0.20000000000000284,CLOSED,0.0,VMM-EQ
SELL,2026-08-04T13:29:00+05:30,111.45,-0.0018771146028075134,0.05165053511608195,13,-0.08938311275533986,1.3409481357663557,2026-08-05T14:38:00+05:30,110.07,-1.3800000000000097,CLOSED,0.0,VMM-EQ
BUY,2026-08-05T14:38:00+05:30,110.07,0.006148356254935915,0.10143963722332881,14,2.236788617627865,0.19421649778792635,2026-08-06T13:06:00+05:30,110.39,0.3200000000000074,CLOSED,1.0,VMM-EQ
SELL,2026-08-06T13:06:00+05:30,110.39,-0.0038302814404318737,0.027406406388126952,13,-0.07706154636306917,1.2563852512306122,,,,OPEN,,VMM-EQ
BUY,2026-06-24T11:46:00+05:30,282.25,0.015925466228371963,0.0677003200386484,11,-0.17209728408481376,1.4598565880540668,2026-06-24T14:29:00+05:30,281.1,-1.1499999999999773,CLOSED,0.0,VEDL-EQ
SELL,2026-06-24T14:29:00+05:30,281.1,-0.006098768248702018,0.330193545935983,14,0.23048081480547317,0.8023320296538439,2026-06-24T15:05:00+05:30,283.15,2.0499999999999545,CLOSED,1.0,VEDL-EQ
BUY,2026-06-24T15:05:00+05:30,283.15,0.01154444521438314,0.5832142735640837,15,5.949793063795738,0.758185275539456,2026-06-25T09:16:00+05:30,274.7,-8.449999999999989,CLOSED,0.0,VEDL-EQ
SELL,2026-06-25T09:16:00+05:30,274.7,-0.05727932014461035,2.204817956708047,9,1.1775474183385872,1.9921555265978856,2026-06-29T09:57:00+05:30,275.75,1.0500000000000114,CLOSED,1.0,VEDL-EQ
BUY,2026-06-29T09:57:00+05:30,275.75,0.014564160975291606,0.6788266019798781,9,0.2943486804129894,1.7324179510409714,2026-06-30T11:36:00+05:30,278.8,3.0500000000000114,CLOSED,1.0,VEDL-EQ
SELL,2026-06-30T11:36:00+05:30,278.8,-0.0064761373148058835,0.45120209810387363,11,1.663760025216916,1.4123742059759752,2026-06-30T12:09:00+05:30,280.65,1.849999999999966,CLOSED,1.0,VEDL-EQ
BUY,2026-06-30T12:09:00+05:30,280.65,0.004125039598171588,0.676202632352167,12,1.8091150906319067,0.7855369895603853,2026-07-01T09:18:00+05:30,279.2,-1.4499999999999886,CLOSED,0.0,VEDL-EQ
SELL,2026-07-01T09:18:00+05:30,279.2,-0.014290047576191204,1.0589433937237267,9,0.026853663611326815,1.0890917110471612,2026-07-02T09:24:00+05:30,278.9,-0.30000000000001137,CLOSED,0.0,VEDL-EQ
BUY,2026-07-02T09:24:00+05:30,278.9,0.01657075233435287,1.2236216735576415,9,-0.37447481570108454,0.9940046684346167,2026-07-02T11:19:00+05:30,277.1,-1.7999999999999545,CLOSED,0.0,VEDL-EQ
SELL,2026-07-02T11:19:00+05:30,277.1,-0.0008227052276197722,0.24060109910157632,11,-0.5789247425809647,0.9986891692610192,2026-07-02T11:26:00+05:30,277.55,0.44999999999998863,CLOSED,1.0,VEDL-EQ
BUY,2026-07-02T11:26:00+05:30,277.55,0.0009416962417080083,0.21883530082893063,11,-0.18221977854437368,1.2639394431177984,2026-07-02T11:28:00+05:30,277.25,-0.30000000000001137,CLOSED,0.0,VEDL-EQ
SELL,2026-07-02T11:28:00+05:30,277.25,-1.4678530778295275e-05,0.21081851067788895,11,-0.21981974698804616,0.6850911728139245,2026-07-02T12:05:00+05:30,278.3,1.0500000000000114,CLOSED,1.0,VEDL-EQ
BUY,2026-07-02T12:05:00+05:30,278.3,0.0015931657647306784,0.10554093465991746,12,0.20056327083611122,0.8767856853958033,2026-07-02T12:45:00+05:30,276.75,-1.5500000000000114,CLOSED,0.0,VEDL-EQ
SELL,2026-07-02T12:45:00+05:30,276.75,-0.00035064538329468463,0.1403368962334732,12,-0.2350306345895099,1.2201217089441436,2026-07-03T09:17:00+05:30,282.0,5.25,CLOSED,1.0,VEDL-EQ
BUY,2026-07-03T09:17:00+05:30,282.0,0.07519141617874464,2.4819571130684523,9,1.1331614117999562,2.015252613631703,2026-07-03T14:16:00+05:30,279.9,-2.1000000000000227,CLOSED,0.0,VEDL-EQ
SELL,2026-07-03T14:16:00+05:30,279.9,-0.0021109367268603543,0.0914391114956351,14,0.300410518107133,1.1371004897360204,2026-07-03T15:07:00+05:30,280.55,0.6500000000000341,CLOSED,1.0,VEDL-EQ
BUY,2026-07-03T15:07:00+05:30,280.55,0.006859277472463893,0.3727152621863988,15,0.23445317058144688,0.9721538801303385,2026-07-06T09:34:00+05:30,278.95,-1.6000000000000227,CLOSED,0.0,VEDL-EQ
SELL,2026-07-06T09:34:00+05:30,278.95,-0.012735535680616377,0.2677063067368187,9,0.28203763697845513,0.8770087259557271,2026-07-06T10:12:00+05:30,281.15,2.1999999999999886,CLOSED,1.0,VEDL-EQ
BUY,2026-07-06T10:12:00+05:30,281.15,0.011624256062379327,0.6435362374325767,10,3.7865278403090508,0.9215354700078688,2026-07-07T09:19:00+05:30,277.7,-3.4499999999999886,CLOSED,0.0,VEDL-EQ
SELL,2026-07-07T09:19:00+05:30,277.7,-0.016206109096440605,1.7002369115965927,9,2.9895355451435655,0.9719204237577497,2026-07-08T10:01:00+05:30,277.5,-0.19999999999998863,CLOSED,0.0,VEDL-EQ
BUY,2026-07-08T10:01:00+05:30,277.5,0.008478855955715138,0.395284707521049,10,0.13912457325060323,1.3850902785342287,2026-07-08T12:08:00+05:30,276.35,-1.1499999999999773,CLOSED,0.0,VEDL-EQ
SELL,2026-07-08T12:08:00+05:30,276.35,-0.0038676003561711153,0.2859681411936857,12,-0.19821937735244574,0.8784999927423686,2026-07-09T11:55:00+05:30,272.8,-3.5500000000000114,CLOSED,0.0,VEDL-EQ
BUY,2026-07-09T11:55:00+05:30,272.8,0.0027454670259479544,0.25733678754159,11,-0.4242809968996494,0.7565768392719815,2026-07-09T14:05:00+05:30,272.55,-0.25,CLOSED,0.0,VEDL-EQ
SELL,2026-07-09T14:05:00+05:30,272.55,-0.003905872687747434,0.055025246730721296,14,-0.5949873743890923,1.17436050496341,2026-07-10T09:22:00+05:30,274.45,1.8999999999999773,CLOSED,1.0,VEDL-EQ
BUY,2026-07-10T09:22:00+05:30,274.45,0.013620068110992228,1.6243716733966072,9,0.17572745446280572,1.2301561350445516,2026-07-10T11:36:00+05:30,273.25,-1.1999999999999886,CLOSED,0.0,VEDL-EQ
SELL,2026-07-10T11:36:00+05:30,273.25,-0.01166956900267124,0.13374935098492322,11,-0.4674914287913761,0.950109245109827,2026-07-13T14:52:00+05:30,269.8,-3.4499999999999886,CLOSED,0.0,VEDL-EQ
BUY,2026-07-13T14:52:00+05:30,269.8,0.0001129157862963727,0.09368979548370374,14,0.6271909862028708,1.561517136783481,2026-07-13T15:14:00+05:30,269.45,-0.35000000000002274,CLOSED,0.0,VEDL-EQ
SELL,2026-07-13T15:14:00+05:30,269.45,-0.0018386618395892518,0.13176156917368848,15,0.08099686717975961,1.6165409614753117,2026-07-14T09:32:00+05:30,270.45,1.0,CLOSED,1.0,VEDL-EQ
BUY,2026-07-14T09:32:00+05:30,270.45,0.010277661361790839,0.4424992153163142,9,-0.4912517120950155,1.2907095401450344,2026-07-14T09:48:00+05:30,269.05,-1.3999999999999773,CLOSED,0.0,VEDL-EQ
SELL,2026-07-14T09:48:00+05:30,269.05,-0.005370932371818129,0.2608213522274861,9,0.16693532843170433,1.0337947913303953,2026-07-15T09:16:00+05:30,269.9,0.8499999999999659,CLOSED,1.0,VEDL-EQ
BUY,2026-07-15T09:16:00+05:30,269.9,0.016151246297687535,0.861136200351352,9,1.2552493821190955,1.6914781625758797,2026-07-15T10:22:00+05:30,267.25,-2.6499999999999773,CLOSED,0.0,VEDL-EQ
SELL,2026-07-15T10:22:00+05:30,267.25,-0.00016451810379185196,0.3119829055146057,10,0.10938412994942295,1.9095759155869236,2026-07-16T11:21:00+05:30,261.85,-5.399999999999977,CLOSED,0.0,VEDL-EQ
BUY,2026-07-16T11:21:00+05:30,261.85,0.0017754234721195337,0.2699794230842231,11,-0.024252527958276177,0.7319305596517813,2026-07-16T11:58:00+05:30,260.55,-1.3000000000000114,CLOSED,0.0,VEDL-EQ
SELL,2026-07-16T11:58:00+05:30,260.55,-0.0009047769629619406,0.2771381524719307,11,0.5886499498618593,0.9883813666847925,2026-07-20T09:16:00+05:30,256.5,-4.050000000000011,CLOSED,0.0,VEDL-EQ
BUY,2026-07-20T09:16:00+05:30,256.5,0.045421033667409835,1.0096891710928768,9,-1.6044616870507936e-05,0.5956338688042717,2026-07-21T10:36:00+05:30,260.15,3.6499999999999773,CLOSED,1.0,VEDL-EQ
SELL,2026-07-21T10:36:00+05:30,260.15,-0.0021086620769071333,0.13498971154211928,10,-0.2129090518076582,1.0584687332685017,2026-07-21T11:12:00+05:30,261.2,1.0500000000000114,CLOSED,1.0,VEDL-EQ
BUY,2026-07-21T11:12:00+05:30,261.2,0.002503286721951543,0.3411174447475763,11,0.10968164869984821,1.0065906070004431,2026-07-21T11:19:00+05:30,260.45,-0.75,CLOSED,0.0,VEDL-EQ
SELL,2026-07-21T11:19:00+05:30,260.45,-0.004006937124026638,0.38690366300210954,11,-0.09214690048461607,1.0426329676433828,2026-07-21T11:26:00+05:30,261.2,0.75,CLOSED,1.0,VEDL-EQ
BUY,2026-07-21T11:26:00+05:30,261.2,0.0028273501140348455,0.342215007138955,11,0.10903173310920028,1.9065214304309752,2026-07-22T09:41:00+05:30,262.9,1.6999999999999886,CLOSED,1.0,VEDL-EQ
SELL,2026-07-22T09:41:00+05:30,262.9,-0.004093750436320109,0.736376262518012,9,5.618329889175188,0.587390264284009,2026-07-22T15:16:00+05:30,262.45,-0.44999999999998863,CLOSED,0.0,VEDL-EQ
BUY,2026-07-22T15:16:00+05:30,262.45,0.00018752467863223507,0.10593499054713945,15,1.0448471535282886,1.4285461886746227,2026-07-22T15:19:00+05:30,262.2,-0.25,CLOSED,0.0,VEDL-EQ
SELL,2026-07-22T15:19:00+05:30,262.2,-0.00014475794199290308,0.11167910378500773,15,0.804057840145532,0.7920058496939264,2026-07-23T09:16:00+05:30,262.85,0.6500000000000341,CLOSED,1.0,VEDL-EQ
BUY,2026-07-23T09:16:00+05:30,262.85,0.00020787442172503565,0.16193277068656167,9,-0.02330048502534256,0.9918140363461515,2026-07-23T12:45:00+05:30,264.55,1.6999999999999886,CLOSED,1.0,VEDL-EQ
SELL,2026-07-23T12:45:00+05:30,264.55,-0.0033839346789716245,0.4048662330531778,12,0.9197732282885183,0.5722624719455054,2026-07-24T11:53:00+05:30,263.15,-1.400000000000034,CLOSED,0.0,VEDL-EQ
BUY,2026-07-24T11:53:00+05:30,263.15,0.00016368773917958945,0.2722845733582543,11,0.8702869409434971,0.5912522633212622,2026-07-27T11:59:00+05:30,265.5,2.3500000000000227,CLOSED,1.0,VEDL-EQ
SELL,2026-07-27T11:59:00+05:30,265.5,-0.007191786056154952,0.08432740427116248,11,-0.41763841250876704,0.7307616804083235,2026-07-27T13:30:00+05:30,267.05,1.5500000000000114,CLOSED,1.0,VEDL-EQ
BUY,2026-07-27T13:30:00+05:30,267.05,0.014674114035767181,0.4270375991772947,13,0.8613311629199976,0.6982961336274329,2026-07-27T14:16:00+05:30,265.2,-1.8500000000000227,CLOSED,0.0,VEDL-EQ
SELL,2026-07-27T14:16:00+05:30,265.2,-0.0008743992476420712,0.10488088481702214,14,-0.13112213265510406,1.0394369128314902,2026-07-29T09:37:00+05:30,261.9,-3.3000000000000114,CLOSED,0.0,VEDL-EQ
BUY,2026-07-29T09:37:00+05:30,261.9,0.01484021475450208,0.21660255461712577,9,-0.03156977184671362,0.7584562804106498,2026-07-29T13:58:00+05:30,262.6,0.7000000000000455,CLOSED,1.0,VEDL-EQ
SELL,2026-07-29T13:58:00+05:30,262.6,-0.00609350135893338,0.06433419688538897,13,0.4396063396350614,1.869435612082671,2026-07-29T14:48:00+05:30,263.35,0.75,CLOSED,1.0,VEDL-EQ
BUY,2026-07-29T14:48:00+05:30,263.35,0.004584049238396578,0.14033689623347656,14,-0.04106954525078023,1.366937309956654,2026-07-30T13:07:00+05:30,263.9,0.5499999999999545,CLOSED,1.0,VEDL-EQ
SELL,2026-07-30T13:07:00+05:30,263.9,-0.0010711799859807062,0.2726414006223896,13,0.5985854159828738,1.9221339893019878,2026-07-30T14:00:00+05:30,264.65,0.75,CLOSED,1.0,VEDL-EQ
BUY,2026-07-30T14:00:00+05:30,264.65,0.004593744862647581,0.23973364849812903,14,-0.4869625699195301,0.9294700003152884,2026-07-30T14:16:00+05:30,263.65,-1.0,CLOSED,0.0,VEDL-EQ
SELL,2026-07-30T14:16:00+05:30,263.65,-0.010903010241670992,0.154650142795504,14,-0.30783290543672337,1.029853454010361,2026-07-30T14:47:00+05:30,264.85,1.2000000000000455,CLOSED,1.0,VEDL-EQ
BUY,2026-07-30T14:47:00+05:30,264.85,0.007920019605430307,0.282646225675994,14,1.3560972019621762,1.006879397194122,2026-07-31T09:54:00+05:30,264.15,-0.7000000000000455,CLOSED,0.0,VEDL-EQ
SELL,2026-07-31T09:54:00+05:30,264.15,-0.009141432515531433,0.2790858091857979,9,0.48986733418424877,0.8648819964225553,2026-07-31T09:58:00+05:30,265.6,1.4500000000000455,CLOSED,1.0,VEDL-EQ
BUY,2026-07-31T09:58:00+05:30,265.6,0.003415428766918289,0.5567764362830063,9,1.0450178345164294,1.1450553031475204,2026-07-31T13:25:00+05:30,265.95,0.3499999999999659,CLOSED,1.0,VEDL-EQ
SELL,2026-07-31T13:25:00+05:30,265.95,-0.0019741091074918157,0.1378404875208992,13,-0.3936177818577221,1.1827280825865953,2026-08-03T09:24:00+05:30,267.2,1.25,CLOSED,1.0,VEDL-EQ
BUY,2026-08-03T09:24:00+05:30,267.2,0.004473412300582852,1.094544552669176,9,-0.6475434043735876,0.8142920337043764,2026-08-03T11:41:00+05:30,266.25,-0.9499999999999886,CLOSED,0.0,VEDL-EQ
SELL,2026-08-03T11:41:00+05:30,266.25,-0.00334476767036575,0.14729034063523505,11,0.5147460814724297,1.8323109908030561,2026-08-04T09:18:00+05:30,268.85,2.6000000000000227,CLOSED,1.0,VEDL-EQ
BUY,2026-08-04T09:18:00+05:30,268.85,0.03654238945533553,1.3590846592876809,9,1.2197387214558484,1.1614373422727786,2026-08-04T12:18:00+05:30,267.55,-1.3000000000000114,CLOSED,0.0,VEDL-EQ
SELL,2026-08-04T12:18:00+05:30,267.55,-0.0012357421197145948,0.24175285819290784,12,4.668604554202564,1.0911471076898733,2026-08-04T12:57:00+05:30,268.45,0.8999999999999773,CLOSED,1.0,VEDL-EQ
BUY,2026-08-04T12:57:00+05:30,268.45,0.0029220715325257605,0.13343745934165757,12,0.08405512544369674,1.6397948071301656,2026-08-04T13:23:00+05:30,267.95,-0.5,CLOSED,0.0,VEDL-EQ
SELL,2026-08-04T13:23:00+05:30,267.95,-0.0003069968279020161,0.08563488385777077,13,1.358522295665718,0.2828938289210387,2026-08-04T13:24:00+05:30,268.1,0.1500000000000341,CLOSED,1.0,VEDL-EQ
BUY,2026-08-04T13:24:00+05:30,268.1,0.0016064819282035068,0.08563488385777077,13,-0.7151439906961986,0.6401716852058895,2026-08-05T11:58:00+05:30,268.15,0.049999999999954525,CLOSED,1.0,VEDL-EQ
SELL,2026-08-05T11:58:00+05:30,268.15,-0.003703739346027189,0.36968455021364327,11,-0.6563972311463199,1.4805160730989482,2026-08-05T12:26:00+05:30,270.15,2.0,CLOSED,1.0,VEDL-EQ
BUY,2026-08-05T12:26:00+05:30,270.15,0.0021400091883276916,0.462751433157032,12,-0.5080991741475583,1.2649736684245585,2026-08-06T12:41:00+05:30,275.7,5.550000000000011,CLOSED,1.0,VEDL-EQ
SELL,2026-08-06T12:41:00+05:30,275.7,-0.003642400581532289,0.09944289260118079,12,-0.1323266305361238,1.12732959086021,2026-08-07T13:06:00+05:30,274.7,-1.0,CLOSED,0.0,VEDL-EQ
BUY,2026-08-07T13:06:00+05:30,274.7,0.00376107158832916,0.4840798832148841,13,0.8287147432439463,1.2549235570746837,,,,OPEN,,VEDL-EQ
SELL,2026-06-25T14:52:00+05:30,88.34,-0.006195800497209501,0.05021066730398518,14,4.807711307939419,1.793131330325985,2026-07-02T09:25:00+05:30,87.49,-0.8500000000000085,CLOSED,0.0,TOP10ADD-EQ
BUY,2026-07-02T09:25:00+05:30,87.49,0.008667686722861504,0.3641870703666187,9,0.8261632975146475,0.23677884615384615,2026-07-06T10:01:00+05:30,87.77,0.28000000000000114,CLOSED,1.0,TOP10ADD-EQ
SELL,2026-07-06T10:01:00+05:30,87.77,-0.0031611984821724656,0.060562181085046796,10,-0.6498599348759113,0.46,2026-07-06T11:24:00+05:30,88.07,0.29999999999999716,CLOSED,1.0,TOP10ADD-EQ
BUY,2026-07-06T11:24:00+05:30,88.07,0.001476443690712928,0.05271516754112304,11,188.22641255759552,0.013033631041408486,2026-07-06T14:00:00+05:30,87.76,-0.30999999999998806,CLOSED,0.0,TOP10ADD-EQ
SELL,2026-07-06T14:00:00+05:30,87.76,-0.005805990838848604,0.050288059108391674,14,-0.49129852579886707,0.9407894736842105,2026-07-07T09:21:00+05:30,88.24,0.47999999999998977,CLOSED,1.0,TOP10ADD-EQ
BUY,2026-07-07T09:21:00+05:30,88.24,0.00845000740364733,0.23764819937602324,9,0.3441955175957458,0.7102272727272727,2026-07-08T09:16:00+05:30,87.62,-0.6199999999999903,CLOSED,0.0,TOP10ADD-EQ
SELL,2026-07-08T09:16:00+05:30,87.62,-0.014168361918138637,0.13862819979274815,9,-0.6241112818792716,1.143092105263158,2026-07-10T09:19:00+05:30,87.37,-0.25,CLOSED,0.0,TOP10ADD-EQ
BUY,2026-07-10T09:19:00+05:30,87.37,0.006647128133956236,0.37623869492059914,9,276.0603443516201,1.2530570335106879,2026-07-13T09:33:00+05:30,86.79,-0.5799999999999983,CLOSED,0.0,TOP10ADD-EQ
SELL,2026-07-13T09:33:00+05:30,86.79,-0.005237997983502638,0.06303438215238556,9,96.54284335102237,1.183362624487405,2026-07-13T10:02:00+05:30,87.19,0.3999999999999915,CLOSED,1.0,TOP10ADD-EQ
BUY,2026-07-13T10:02:00+05:30,87.19,0.005856746418664909,0.08011103405759917,10,19.026665398222306,0.1514647137150466,2026-07-14T10:27:00+05:30,87.42,0.23000000000000398,CLOSED,1.0,TOP10ADD-EQ
SELL,2026-07-14T10:27:00+05:30,87.42,-0.0033483092413293027,0.08409650541028466,10,40.29420056369024,1.665524918650454,2026-07-14T10:32:00+05:30,87.69,0.269999999999996,CLOSED,1.0,TOP10ADD-EQ
BUY,2026-07-14T10:32:00+05:30,87.69,0.003656592921981144,0.08116512661098964,10,0.9454943301444727,0.01278118609406953,2026-07-14T12:37:00+05:30,87.35,-0.3400000000000034,CLOSED,0.0,TOP10ADD-EQ
SELL,2026-07-14T12:37:00+05:30,87.35,-0.0010723135946462512,0.057503623074261566,12,-0.6387403427250733,1.7269736842105263,2026-07-14T15:27:00+05:30,87.98,0.6300000000000097,CLOSED,1.0,TOP10ADD-EQ
BUY,2026-07-14T15:27:00+05:30,87.98,0.013958488907688705,0.02981423969999762,15,-0.6693238844562682,1.8080357142857142,2026-07-15T12:50:00+05:30,87.5,-0.480000000000004,CLOSED,0.0,TOP10ADD-EQ
SELL,2026-07-15T12:50:00+05:30,87.5,-0.0009735161581494076,0.06703233050799502,12,86.8888647530931,2.4510113780025287,2026-07-16T11:00:00+05:30,87.52,0.01999999999999602,CLOSED,1.0,TOP10ADD-EQ
BUY,2026-07-16T11:00:00+05:30,87.52,0.0010255191358615843,0.06690789689316669,11,4.3846136982255,2.0,2026-07-16T14:08:00+05:30,87.33,-0.18999999999999773,CLOSED,0.0,TOP10ADD-EQ
SELL,2026-07-16T14:08:00+05:30,87.33,-0.0029963542679539382,0.0629020402424812,14,-0.939539342900483,0.07936507936507936,2026-07-17T09:26:00+05:30,87.86,0.5300000000000011,CLOSED,1.0,TOP10ADD-EQ
BUY,2026-07-17T09:26:00+05:30,87.86,0.013307368234011517,0.36802777672948134,9,1.7832980878261204,1.0074060007595897,2026-07-20T09:35:00+05:30,87.6,-0.2600000000000051,CLOSED,0.0,TOP10ADD-EQ
SELL,2026-07-20T09:35:00+05:30,87.6,-0.009633454634705482,0.0981438853022546,9,1.1489510449337377,1.1275626423690204,2026-07-20T14:34:00+05:30,87.98,0.38000000000000966,CLOSED,1.0,TOP10ADD-EQ
BUY,2026-07-20T14:34:00+05:30,87.98,0.005178165943919511,0.043474130238565424,14,-0.9735004098464458,0.5426356589147286,2026-07-21T09:24:00+05:30,87.7,-0.28000000000000114,CLOSED,0.0,TOP10ADD-EQ
SELL,2026-07-21T09:24:00+05:30,87.7,-0.006537037932791747,0.20586133412782684,9,-0.16918032759150764,1.8419494869771111,2026-07-24T12:44:00+05:30,86.33,-1.3700000000000045,CLOSED,0.0,TOP10ADD-EQ
BUY,2026-07-24T12:44:00+05:30,86.33,0.01244559746329231,0.039944405810518155,12,-0.0024096385469589542,0.021135265700483092,2026-07-30T14:39:00+05:30,88.62,2.2900000000000063,CLOSED,1.0,TOP10ADD-EQ
SELL,2026-07-30T14:39:00+05:30,88.62,-0.0015960847561745494,0.04408325456830037,14,-0.9978393935671283,0.06493506493506494,2026-07-30T15:26:00+05:30,88.91,0.28999999999999204,CLOSED,1.0,TOP10ADD-EQ
BUY,2026-07-30T15:26:00+05:30,88.91,0.0018517640748355354,0.022632326929020726,15,-0.6818789696741232,1.8970047293746715,2026-07-31T09:20:00+05:30,88.42,-0.4899999999999949,CLOSED,0.0,TOP10ADD-EQ
SELL,2026-07-31T09:20:00+05:30,88.42,-0.01108497360514899,0.08844332774280823,9,-0.605933681315997,0.7440212577502214,2026-08-03T09:18:00+05:30,89.24,0.8199999999999932,CLOSED,1.0,TOP10ADD-EQ
BUY,2026-08-03T09:18:00+05:30,89.24,0.021548124067277453,0.39398815549032135,9,1.7791931870573974,0.40106951871657753,2026-08-04T12:17:00+05:30,89.38,0.14000000000000057,CLOSED,1.0,TOP10ADD-EQ
SELL,2026-08-04T12:17:00+05:30,89.38,-0.0015070177668156872,0.05159672685570763,12,52.414300598279965,0.007579187747307912,2026-08-05T09:20:00+05:30,89.92,0.5400000000000063,CLOSED,1.0,TOP10ADD-EQ
BUY,2026-08-05T09:20:00+05:30,89.92,0.016088096966004963,0.32263498467049795,9,12.896372889943356,0.772744220730798,2026-08-05T12:37:00+05:30,89.33,-0.5900000000000034,CLOSED,0.0,TOP10ADD-EQ
SELL,2026-08-05T12:37:00+05:30,89.33,-0.0036763487349690295,0.057965506984757116,12,-0.27302416631932014,0.35714285714285715,2026-08-05T15:26:00+05:30,89.53,0.20000000000000284,CLOSED,1.0,TOP10ADD-EQ
BUY,2026-08-05T15:26:00+05:30,89.53,0.0029282972164187664,0.09718824803213216,15,0.22150029467956203,0.9393133462282398,2026-08-06T13:47:00+05:30,89.33,-0.20000000000000284,CLOSED,0.0,TOP10ADD-EQ
SELL,2026-08-06T13:47:00+05:30,89.33,-0.006405874663092283,0.05245103536739067,13,3.146868216556499,0.8268229166666666,2026-08-07T09:26:00+05:30,89.6,0.269999999999996,CLOSED,1.0,TOP10ADD-EQ
BUY,2026-08-07T09:26:00+05:30,89.6,0.0011452356093373827,0.26077022665770455,9,-0.7010106671799401,0.08450704225352113,2026-08-07T12:14:00+05:30,89.46,-0.14000000000000057,CLOSED,0.0,TOP10ADD-EQ
SELL,2026-08-07T12:14:00+05:30,89.46,-0.0025131402793151215,0.049486249493054496,12,-0.13207547100589384,2.478864734299517,2026-08-07T13:25:00+05:30,89.57,0.10999999999999943,CLOSED,1.0,TOP10ADD-EQ
BUY,2026-08-07T13:25:00+05:30,89.57,0.0006133746523333114,0.045521667612493474,13,-0.9890392071530341,2.2248427672955975,2026-08-07T14:09:00+05:30,89.38,-0.18999999999999773,CLOSED,0.0,TOP10ADD-EQ
SELL,2026-08-07T14:09:00+05:30,89.38,-0.003066803143891233,0.08202980488145187,14,-0.7381386850089132,1.794425087108014,,,,OPEN,,TOP10ADD-EQ
SELL,2026-06-24T14:35:00+05:30,144.1,-0.0006887064527113587,0.19087226677079783,14,-0.27504323289910604,0.9143011387176557,2026-06-24T15:09:00+05:30,144.78,0.6800000000000068,CLOSED,1.0,MOTHERSON-EQ
BUY,2026-06-24T15:09:00+05:30,144.78,0.005900811061570907,0.23158631700129098,15,0.055543746570633115,1.470413893679701,2026-06-29T10:47:00+05:30,151.27,6.490000000000009,CLOSED,1.0,MOTHERSON-EQ
SELL,2026-06-29T10:47:00+05:30,151.27,-0.004972382059327867,0.12447221912271837,10,-0.24173073838499937,0.9711033526482501,2026-06-29T15:09:00+05:30,151.3,0.030000000000001137,CLOSED,1.0,MOTHERSON-EQ
BUY,2026-06-29T15:09:00+05:30,151.3,0.017288902438600415,0.7529202407220051,15,0.21173581979084888,0.9287102174254793,2026-06-30T09:19:00+05:30,146.88,-4.420000000000016,CLOSED,0.0,MOTHERSON-EQ
SELL,2026-06-30T09:19:00+05:30,146.88,-0.027766047844433178,0.7781916359240969,9,-0.6888644994662257,0.8732689372057073,2026-06-30T10:51:00+05:30,149.35,2.469999999999999,CLOSED,1.0,MOTHERSON-EQ
BUY,2026-06-30T10:51:00+05:30,149.35,0.006493483570379539,0.1875011111078163,10,0.5796553078144957,0.9143044286882228,2026-06-30T13:09:00+05:30,148.8,-0.549999999999983,CLOSED,0.0,MOTHERSON-EQ
SELL,2026-06-30T13:09:00+05:30,148.8,-0.014231465690548395,0.09492101980067359,13,-0.588047896278924,0.6534509803921569,2026-06-30T14:29:00+05:30,149.78,0.9799999999999898,CLOSED,1.0,MOTHERSON-EQ
BUY,2026-06-30T14:29:00+05:30,149.78,0.007947028513003615,0.32833079525245984,14,1.911171394995628,0.5747923859097459,2026-06-30T15:01:00+05:30,148.54,-1.240000000000009,CLOSED,0.0,MOTHERSON-EQ
SELL,2026-06-30T15:01:00+05:30,148.54,-0.0027419395876835465,0.23360936054305353,15,1.129512724375382,1.78208231043587,2026-07-01T15:10:00+05:30,147.63,-0.9099999999999966,CLOSED,0.0,MOTHERSON-EQ
BUY,2026-07-01T15:10:00+05:30,147.63,0.00018854002005914652,0.16362558887085035,15,0.50107710428226,1.295814896174932,2026-07-02T09:45:00+05:30,147.17,-0.46000000000000796,CLOSED,0.0,MOTHERSON-EQ
SELL,2026-07-02T09:45:00+05:30,147.17,-0.0019722313471312075,0.12050357302217678,9,-0.23840643194684744,0.5745521094201502,2026-07-02T11:20:00+05:30,147.64,0.46999999999999886,CLOSED,1.0,MOTHERSON-EQ
BUY,2026-07-02T11:20:00+05:30,147.64,0.0007288831400809,0.10972693379476019,11,-0.4722224646241737,1.247695423917986,2026-07-02T11:44:00+05:30,146.9,-0.7399999999999807,CLOSED,0.0,MOTHERSON-EQ
SELL,2026-07-02T11:44:00+05:30,146.9,-0.00027576249905282075,0.1625798948893172,11,-0.2512299316693438,0.3221354863957488,2026-07-02T12:29:00+05:30,147.38,0.47999999999998977,CLOSED,1.0,MOTHERSON-EQ
BUY,2026-07-02T12:29:00+05:30,147.38,0.0024183164984792585,0.054782397821848516,12,-0.568063580228643,1.1834744553325087,2026-07-02T12:46:00+05:30,147.03,-0.3499999999999943,CLOSED,0.0,MOTHERSON-EQ
SELL,2026-07-02T12:46:00+05:30,147.03,-0.00010037266362323309,0.14177055014667514,12,0.3716118497350582,0.7401234672879713,2026-07-02T13:27:00+05:30,147.34,0.3100000000000023,CLOSED,1.0,MOTHERSON-EQ
BUY,2026-07-02T13:27:00+05:30,147.34,0.0010142694274476935,0.06497862896539522,13,-0.26112444496996506,1.287832647128089,2026-07-02T13:53:00+05:30,147.08,-0.2599999999999909,CLOSED,0.0,MOTHERSON-EQ
SELL,2026-07-02T13:53:00+05:30,147.08,-0.0013342729471814466,0.07409453421137123,13,1.0838825501282827,1.2999195166464512,2026-07-02T14:00:00+05:30,147.49,0.4099999999999966,CLOSED,1.0,MOTHERSON-EQ
BUY,2026-07-02T14:00:00+05:30,147.49,0.001946722884641812,0.052873013490396976,14,0.2271884792168018,0.348896591440027,2026-07-03T12:25:00+05:30,147.8,0.3100000000000023,CLOSED,1.0,MOTHERSON-EQ
SELL,2026-07-03T12:25:00+05:30,147.8,-0.012241332964661724,0.34950759012581395,12,-0.32710812830071484,1.2980728151191965,2026-07-07T12:38:00+05:30,143.62,-4.180000000000007,CLOSED,0.0,MOTHERSON-EQ
BUY,2026-07-07T12:38:00+05:30,143.62,0.005263062187465336,0.09730250653389416,12,-0.6465686453949403,1.2769541778975741,2026-07-07T15:10:00+05:30,143.35,-0.27000000000001023,CLOSED,0.0,MOTHERSON-EQ
SELL,2026-07-07T15:10:00+05:30,143.35,-0.006701734973472815,0.08904430857100695,15,1.6938504845836229,1.4159576433157035,2026-07-08T10:14:00+05:30,144.37,1.0200000000000102,CLOSED,1.0,MOTHERSON-EQ
BUY,2026-07-08T10:14:00+05:30,144.37,0.02026703092338589,0.19007600818854156,10,-0.5011118464099261,1.0360544431521705,2026-07-08T11:57:00+05:30,142.95,-1.420000000000016,CLOSED,0.0,MOTHERSON-EQ
SELL,2026-07-08T11:57:00+05:30,142.95,-0.014880475398677592,0.22741054407294853,11,2.443022652338425,0.8611759831249058,2026-07-08T13:05:00+05:30,144.1,1.1500000000000057,CLOSED,1.0,MOTHERSON-EQ
BUY,2026-07-08T13:05:00+05:30,144.1,0.004505080638939543,0.20303530070736586,13,-0.9210401373176778,0.5646076864855774,2026-07-08T13:51:00+05:30,142.48,-1.6200000000000045,CLOSED,0.0,MOTHERSON-EQ
SELL,2026-07-08T13:51:00+05:30,142.48,-0.002902912230583648,0.4469016794677675,13,8.063655325463602,1.0824514728755992,2026-07-09T09:39:00+05:30,142.86,0.3800000000000239,CLOSED,1.0,MOTHERSON-EQ
BUY,2026-07-09T09:39:00+05:30,142.86,0.021466526939057567,0.13359973386533894,9,-0.6678294671127323,0.7796762248985833,2026-07-09T10:45:00+05:30,141.94,-0.9200000000000159,CLOSED,0.0,MOTHERSON-EQ
SELL,2026-07-09T10:45:00+05:30,141.94,-0.0013582664904535778,0.20634652623412109,10,1.7091785404114792,0.3054696743326453,2026-07-09T11:36:00+05:30,142.29,0.3499999999999943,CLOSED,1.0,MOTHERSON-EQ
BUY,2026-07-09T11:36:00+05:30,142.29,0.0005868035094757847,0.06782329983125385,11,-0.16689978404943923,1.088054667825216,2026-07-09T15:20:00+05:30,142.8,0.5100000000000193,CLOSED,1.0,MOTHERSON-EQ
SELL,2026-07-09T15:20:00+05:30,142.8,-0.004769768942001492,0.09778093429248294,15,-0.14620173724194763,1.1380788953901038,2026-07-10T09:18:00+05:30,143.7,0.8999999999999773,CLOSED,1.0,MOTHERSON-EQ
BUY,2026-07-10T09:18:00+05:30,143.7,0.01700052041598818,0.478986197899044,9,0.2981394581155251,0.687187628320439,2026-07-10T11:49:00+05:30,143.56,-0.13999999999998636,CLOSED,0.0,MOTHERSON-EQ
SELL,2026-07-10T11:49:00+05:30,143.56,-0.00024813579387159137,0.08422852512329009,11,-0.009698741839497352,1.478156450137237,2026-07-10T11:54:00+05:30,143.82,0.2599999999999909,CLOSED,1.0,MOTHERSON-EQ
BUY,2026-07-10T11:54:00+05:30,143.82,0.0060293364474319645,0.05266244708835063,11,-0.24072610826741178,0.6477475010269752,2026-07-10T13:12:00+05:30,142.78,-1.039999999999992,CLOSED,0.0,MOTHERSON-EQ
SELL,2026-07-10T13:12:00+05:30,142.78,-0.027929082578660138,0.2965655258304809,13,0.7782337123425694,1.1186236443968403,2026-07-13T12:20:00+05:30,142.69,-0.09000000000000341,CLOSED,0.0,MOTHERSON-EQ
BUY,2026-07-13T12:20:00+05:30,142.69,0.0036558284561378942,0.05921711464321102,12,-0.3113419193694078,0.5844292953667954,2026-07-14T09:21:00+05:30,142.18,-0.5099999999999909,CLOSED,0.0,MOTHERSON-EQ
SELL,2026-07-14T09:21:00+05:30,142.18,-0.02454254879023121,1.1238623877800467,9,0.8665467775139541,0.26373760053386347,2026-07-14T14:58:00+05:30,142.21,0.030000000000001137,CLOSED,1.0,MOTHERSON-EQ
BUY,2026-07-14T14:58:00+05:30,142.21,0.001565532193273812,0.05056349144062858,14,-0.2580185601702891,0.810588931955211,2026-07-14T14:59:00+05:30,141.99,-0.21999999999999886,CLOSED,0.0,MOTHERSON-EQ
SELL,2026-07-14T14:59:00+05:30,141.99,-0.0029749806723947864,0.05125101625008609,14,-0.08968102917175773,1.1974565347250605,2026-07-15T09:15:00+05:30,142.86,0.8700000000000045,CLOSED,1.0,MOTHERSON-EQ
BUY,2026-07-15T09:15:00+05:30,142.86,0.0022124533630215283,0.18013575127910766,9,0.3175456191265933,1.0919934517760477,2026-07-15T10:37:00+05:30,142.29,-0.5700000000000216,CLOSED,0.0,MOTHERSON-EQ
SELL,2026-07-15T10:37:00+05:30,142.29,-0.0037185358277241464,0.1050925518028954,10,-0.626688453425415,0.8627160710311386,2026-07-16T09:16:00+05:30,142.8,0.5100000000000193,CLOSED,1.0,MOTHERSON-EQ
BUY,2026-07-16T09:16:00+05:30,142.8,0.011974433679268672,0.22099773754497914,9,0.24963456760581748,1.098932297540429,2026-07-16T12:36:00+05:30,143.04,0.23999999999998067,CLOSED,1.0,MOTHERSON-EQ
SELL,2026-07-16T12:36:00+05:30,143.04,-0.004928103779709823,0.04718756898449655,12,2.7499400881516802,1.9149053600269572,2026-07-16T13:13:00+05:30,143.98,0.9399999999999977,CLOSED,1.0,MOTHERSON-EQ
BUY,2026-07-16T13:13:00+05:30,143.98,0.002275772764288685,0.2542286809591362,13,11.906774588789938,2.252499004760788,2026-07-16T15:26:00+05:30,143.37,-0.6099999999999852,CLOSED,0.0,MOTHERSON-EQ
SELL,2026-07-16T15:26:00+05:30,143.37,-0.003516878938496992,0.23624140195994503,15,-0.7364318298413016,0.4746022418323078,2026-07-17T09:30:00+05:30,144.51,1.1399999999999864,CLOSED,1.0,MOTHERSON-EQ
BUY,2026-07-17T09:30:00+05:30,144.51,0.01864340764920228,0.33873129304640487,9,-0.046990776925215236,1.115592808870809,2026-07-17T10:57:00+05:30,143.65,-0.8599999999999852,CLOSED,0.0,MOTHERSON-EQ
SELL,2026-07-17T10:57:00+05:30,143.65,-0.006613691145438162,0.07927448797970772,10,-0.13456025684163514,0.8482527326929447,2026-07-17T12:56:00+05:30,144.57,0.9199999999999875,CLOSED,1.0,MOTHERSON-EQ
BUY,2026-07-17T12:56:00+05:30,144.57,0.01111971287112209,0.19967751779083906,12,1.403751103162419,0.816366495927347,2026-07-17T15:28:00+05:30,144.3,-0.2699999999999818,CLOSED,0.0,MOTHERSON-EQ
SELL,2026-07-17T15:28:00+05:30,144.3,-0.01154556702600472,0.2130857938848892,15,-0.416662637769344,0.16656662514315565,2026-07-20T13:56:00+05:30,143.16,-1.1400000000000148,CLOSED,0.0,MOTHERSON-EQ
BUY,2026-07-20T13:56:00+05:30,143.16,0.0031437156415228323,0.10553567064162932,13,-0.7765238433792737,1.590076963311664,2026-07-21T10:41:00+05:30,143.36,0.20000000000001705,CLOSED,1.0,MOTHERSON-EQ
SELL,2026-07-21T10:41:00+05:30,143.36,-0.0031270189939341824,0.07450577904506013,10,-0.16469200135628878,0.8398563945618269,2026-07-21T10:42:00+05:30,143.7,0.339999999999975,CLOSED,1.0,MOTHERSON-EQ
BUY,2026-07-21T10:42:00+05:30,143.7,0.0020143539255241052,0.07857056276579592,10,-0.1002527611269503,0.6085682005557421,2026-07-22T12:39:00+05:30,145.59,1.8900000000000148,CLOSED,1.0,MOTHERSON-EQ
SELL,2026-07-22T12:39:00+05:30,145.59,-0.0055466698842673,0.08667307668603035,12,-0.6099018323620674,0.938511396874297,2026-07-23T10:22:00+05:30,145.64,0.04999999999998295,CLOSED,1.0,MOTHERSON-EQ
BUY,2026-07-23T10:22:00+05:30,145.64,0.004087065850297137,0.14433371824429517,10,-0.42346269057707026,0.7686666277474532,2026-07-23T12:41:00+05:30,144.86,-0.7799999999999727,CLOSED,0.0,MOTHERSON-EQ
SELL,2026-07-23T12:41:00+05:30,144.86,-0.013717580905829073,0.056332347131407744,12,1.3316262814345223,0.42194311812331325,2026-07-23T13:32:00+05:30,145.87,1.009999999999991,CLOSED,1.0,MOTHERSON-EQ
BUY,2026-07-23T13:32:00+05:30,145.87,0.0014868697361540893,0.11333333333333195,13,1.2946375274496122,1.2579739630450735,2026-07-23T14:02:00+05:30,145.52,-0.3499999999999943,CLOSED,0.0,MOTHERSON-EQ
SELL,2026-07-23T14:02:00+05:30,145.52,-0.0028219154362569576,0.07899367063252484,14,-0.19719669728016398,0.7476257620370754,2026-07-23T15:27:00+05:30,145.96,0.4399999999999977,CLOSED,1.0,MOTHERSON-EQ
BUY,2026-07-23T15:27:00+05:30,145.96,0.006616395348644375,0.07390684827688257,15,-0.023057847298143048,0.9386350877893677,2026-07-24T09:15:00+05:30,144.15,-1.8100000000000023,CLOSED,0.0,MOTHERSON-EQ
SELL,2026-07-24T09:15:00+05:30,144.15,-0.008378451169449496,0.07978443178688055,9,0.011927326942259555,0.9172008283061499,2026-07-24T11:28:00+05:30,145.06,0.9099999999999966,CLOSED,1.0,MOTHERSON-EQ
BUY,2026-07-24T11:28:00+05:30,145.06,0.011902640838243396,0.10064238117656828,11,-0.18156784293298037,0.3222135357393791,2026-07-28T09:25:00+05:30,146.82,1.759999999999991,CLOSED,1.0,MOTHERSON-EQ
SELL,2026-07-28T09:25:00+05:30,146.82,-0.04153967445049927,0.33164405283040743,9,-0.8366927650220709,0.9821393651000586,2026-07-28T11:13:00+05:30,147.64,0.8199999999999932,CLOSED,1.0,MOTHERSON-EQ
BUY,2026-07-28T11:13:00+05:30,147.64,0.0006654500131963101,0.06684143758012884,11,-0.2687274579161654,0.9742022599673087,2026-07-28T14:41:00+05:30,147.85,0.21000000000000796,CLOSED,1.0,MOTHERSON-EQ
SELL,2026-07-28T14:41:00+05:30,147.85,-0.0002508844014682854,0.04825856285561024,14,-0.487377803684357,1.3969824387830818,2026-07-28T15:28:00+05:30,147.98,0.12999999999999545,CLOSED,1.0,MOTHERSON-EQ
BUY,2026-07-28T15:28:00+05:30,147.98,0.0018588149192108007,0.09155447680054782,15,0.08127829482682088,0.909495838223485,2026-07-29T09:25:00+05:30,146.88,-1.0999999999999943,CLOSED,0.0,MOTHERSON-EQ
SELL,2026-07-29T09:25:00+05:30,146.88,-0.01920095222976253,0.5693280639881048,9,-0.12915871871384887,0.5927320544894453,2026-07-29T14:56:00+05:30,146.0,-0.8799999999999955,CLOSED,0.0,MOTHERSON-EQ
BUY,2026-07-29T14:56:00+05:30,146.0,0.004186883411620851,0.031287200080691635,14,1.6203425954096713,0.4206269110846676,2026-07-30T09:17:00+05:30,144.9,-1.0999999999999943,CLOSED,0.0,MOTHERSON-EQ
SELL,2026-07-30T09:17:00+05:30,144.9,-0.01159208473096439,0.3449637662132072,9,-0.2665567901864695,1.489600616418864,2026-07-30T09:53:00+05:30,146.86,1.960000000000008,CLOSED,1.0,MOTHERSON-EQ
BUY,2026-07-30T09:53:00+05:30,146.86,0.024805326405720186,0.5594292726619811,9,1.8750302080312506,1.0780750389181593,2026-07-30T12:23:00+05:30,146.12,-0.7400000000000091,CLOSED,0.0,MOTHERSON-EQ
SELL,2026-07-30T12:23:00+05:30,146.12,-0.0010133180314633248,0.04714045207910384,12,0.8699385200922306,1.8679024242767794,2026-07-30T14:45:00+05:30,146.36,0.2400000000000091,CLOSED,1.0,MOTHERSON-EQ
BUY,2026-07-30T14:45:00+05:30,146.36,0.009076284362701598,0.08178562764256916,14,-0.06114345424233895,1.5061850096988585,2026-08-04T10:04:00+05:30,153.27,6.909999999999997,CLOSED,1.0,MOTHERSON-EQ
SELL,2026-08-04T10:04:00+05:30,153.27,-0.0023440742219209233,0.10351596763570134,10,0.7019593722905909,1.9622253529640141,2026-08-05T09:31:00+05:30,152.83,-0.4399999999999977,CLOSED,0.0,MOTHERSON-EQ
BUY,2026-08-05T09:31:00+05:30,152.83,0.03980614339224902,0.42463186670600583,9,0.8949807977319483,0.88188582172361,2026-08-06T12:05:00+05:30,152.74,-0.09000000000000341,CLOSED,0.0,MOTHERSON-EQ
SELL,2026-08-06T12:05:00+05:30,152.74,-0.0629259351457076,1.3548530055569388,12,-0.09878793308078475,0.8855711304318437,2026-08-07T09:15:00+05:30,161.4,8.659999999999997,CLOSED,1.0,MOTHERSON-EQ
BUY,2026-08-07T09:15:00+05:30,161.4,0.012464796646019618,0.4534019555905473,9,0.9914721946893817,1.8411156844845438,,,,OPEN,,MOTHERSON-EQ
BUY,2026-06-24T11:18:00+05:30,51.69,0.0038562032823715466,0.03439961240091731,11,16.34893037199913,0.2662402712491331,2026-06-24T15:26:00+05:30,51.65,-0.03999999999999915,CLOSED,0.0,ALPHA-EQ
SELL,2026-06-24T15:26:00+05:30,51.65,-0.005775861324919216,0.08113089560840572,15,-0.7908986845295634,0.9327302250057992,2026-06-25T09:17:00+05:30,51.83,0.17999999999999972,CLOSED,1.0,ALPHA-EQ
BUY,2026-06-25T09:17:00+05:30,51.83,0.005597620135365277,0.11086027241532401,9,3.0187941218189307,0.68540059347181,2026-06-25T12:39:00+05:30,51.76,-0.07000000000000028,CLOSED,0.0,ALPHA-EQ
SELL,2026-06-25T12:39:00+05:30,51.76,-0.002819882846032331,0.033813212407776,12,0.8930073984865053,1.953385446603058,2026-06-29T13:47:00+05:30,51.3,-0.46000000000000085,CLOSED,0.0,ALPHA-EQ
BUY,2026-06-29T13:47:00+05:30,51.3,0.0012560235496004977,0.04164666186436121,13,-0.7554842938723547,1.325633383010432,2026-06-30T09:32:00+05:30,51.08,-0.21999999999999886,CLOSED,0.0,ALPHA-EQ
SELL,2026-06-30T09:32:00+05:30,51.08,-0.006137749398677346,0.03945461527713429,9,-0.026703086137489687,1.6046745413420456,2026-06-30T11:32:00+05:30,51.3,0.21999999999999886,CLOSED,1.0,ALPHA-EQ
BUY,2026-06-30T11:32:00+05:30,51.3,0.000529424968454187,0.019578900207450952,11,-0.5625990485711182,2.2724184782608696,2026-07-01T12:25:00+05:30,51.43,0.13000000000000256,CLOSED,1.0,ALPHA-EQ
SELL,2026-07-01T12:25:00+05:30,51.43,-0.0024669819946783254,0.03921450978627431,12,-0.4352363289240805,0.6755446357395266,2026-07-02T09:54:00+05:30,51.46,0.030000000000001137,CLOSED,1.0,ALPHA-EQ
BUY,2026-07-02T09:54:00+05:30,51.46,0.005032790703838715,0.03527668414752757,9,2.8347645797530876,0.7698841698841699,2026-07-03T11:05:00+05:30,51.45,-0.00999999999999801,CLOSED,0.0,ALPHA-EQ
SELL,2026-07-03T11:05:00+05:30,51.45,-0.00265720014217216,0.04131182235954494,11,-0.6442068075638318,2.4147662896813133,2026-07-06T09:30:00+05:30,51.48,0.02999999999999403,CLOSED,1.0,ALPHA-EQ
BUY,2026-07-06T09:30:00+05:30,51.48,0.00013329157342532557,0.02319003617456786,9,8.938126723983224,0.1319235723486475,2026-07-06T14:50:00+05:30,51.55,0.07000000000000028,CLOSED,1.0,ALPHA-EQ
SELL,2026-07-06T14:50:00+05:30,51.55,-0.0014067714790190202,0.018257418583505367,14,0.9368267291064204,0.26065233785822023,2026-07-06T14:59:00+05:30,51.64,0.09000000000000341,CLOSED,1.0,ALPHA-EQ
BUY,2026-07-06T14:59:00+05:30,51.64,0.0023934377318062653,0.03197221015541918,14,-0.7134715021285806,0.7990506329113924,2026-07-06T15:11:00+05:30,51.57,-0.07000000000000028,CLOSED,0.0,ALPHA-EQ
SELL,2026-07-06T15:11:00+05:30,51.57,-0.0003576699064295884,0.017669811040930013,15,5.148118962824386,2.3928365477029536,2026-07-08T10:08:00+05:30,51.17,-0.3999999999999986,CLOSED,0.0,ALPHA-EQ
BUY,2026-07-08T10:08:00+05:30,51.17,0.0019259379939263414,0.030258148581093578,10,-0.7471033147943743,0.9552974864778874,2026-07-08T13:56:00+05:30,51.07,-0.10000000000000142,CLOSED,0.0,ALPHA-EQ
SELL,2026-07-08T13:56:00+05:30,51.07,-0.006794721059164266,0.09568466729604877,13,0.46208302036305826,2.192887535764067,2026-07-09T09:50:00+05:30,51.05,-0.020000000000003126,CLOSED,0.0,ALPHA-EQ
BUY,2026-07-09T09:50:00+05:30,51.05,0.004780000354876853,0.034976182372198676,9,0.5473486933373669,1.0042034767740098,2026-07-13T09:31:00+05:30,51.76,0.7100000000000009,CLOSED,1.0,ALPHA-EQ
SELL,2026-07-13T09:31:00+05:30,51.76,-0.0012417218944641385,0.011005049346147157,9,-0.690429745124663,2.122159633377888,2026-07-13T10:45:00+05:30,51.87,0.10999999999999943,CLOSED,1.0,ALPHA-EQ
BUY,2026-07-13T10:45:00+05:30,51.87,0.0012786893499745536,0.03190262963734797,10,36.617834228308304,0.3255768951671424,2026-07-13T10:49:00+05:30,51.79,-0.0799999999999983,CLOSED,0.0,ALPHA-EQ
SELL,2026-07-13T10:49:00+05:30,51.79,-0.0010677763617137435,0.035839146815241286,10,-0.7132547903789663,1.1856530028598666,2026-07-13T11:14:00+05:30,51.83,0.03999999999999915,CLOSED,1.0,ALPHA-EQ
BUY,2026-07-13T11:14:00+05:30,51.83,0.0018027790647165477,0.026687491868332906,11,-0.6648705941768084,2.465076436478651,2026-07-13T11:31:00+05:30,51.79,-0.03999999999999915,CLOSED,0.0,ALPHA-EQ
SELL,2026-07-13T11:31:00+05:30,51.79,-0.0008205106597821283,0.019550504398153076,11,1.9399434354184462,0.13382752376641013,2026-07-13T14:20:00+05:30,51.82,0.030000000000001137,CLOSED,1.0,ALPHA-EQ
BUY,2026-07-13T14:20:00+05:30,51.82,0.0025829649918913725,0.02626785107312803,14,4.783685793378118,0.40704659423318007,2026-07-14T09:20:00+05:30,51.5,-0.3200000000000003,CLOSED,0.0,ALPHA-EQ
SELL,2026-07-14T09:20:00+05:30,51.5,-0.023644308794223114,0.1386802877925412,9,-0.08140678794797915,1.0274431057563587,2026-07-14T11:26:00+05:30,51.76,0.259999999999998,CLOSED,1.0,ALPHA-EQ
BUY,2026-07-14T11:26:00+05:30,51.76,0.0023709188534528987,0.025298221281347746,11,-0.9820026701745259,0.744807121661721,2026-07-14T12:51:00+05:30,51.63,-0.12999999999999545,CLOSED,0.0,ALPHA-EQ
SELL,2026-07-14T12:51:00+05:30,51.63,-0.0002973781892185541,0.026749870196983157,12,3.2018842476415137,1.4870275464445868,2026-07-15T09:15:00+05:30,52.16,0.529999999999994,CLOSED,1.0,ALPHA-EQ
BUY,2026-07-15T09:15:00+05:30,52.16,0.01392478049972561,0.015670212364725728,9,0.635137814477921,0.8116056269706524,2026-07-15T13:10:00+05:30,51.86,-0.29999999999999716,CLOSED,0.0,ALPHA-EQ
SELL,2026-07-15T13:10:00+05:30,51.86,-0.007383034411976067,0.031780497164141344,13,-0.9712429619007177,0.5948795180722891,2026-07-16T09:17:00+05:30,52.11,0.25,CLOSED,1.0,ALPHA-EQ
BUY,2026-07-16T09:17:00+05:30,52.11,0.0014313744609123172,0.09089676684141386,9,-0.40842465268227396,1.2105480502625214,2026-07-16T09:23:00+05:30,51.9,-0.21000000000000085,CLOSED,0.0,ALPHA-EQ
SELL,2026-07-16T09:23:00+05:30,51.9,-0.0008436736279484196,0.10580905233275534,9,-0.3501988861442061,0.47992164544564153,2026-07-16T10:52:00+05:30,52.01,0.10999999999999943,CLOSED,1.0,ALPHA-EQ
BUY,2026-07-16T10:52:00+05:30,52.01,0.0038955184761714375,0.03399346342395187,10,6.13265300907608,2.2651406771578446,2026-07-16T12:39:00+05:30,51.9,-0.10999999999999943,CLOSED,0.0,ALPHA-EQ
SELL,2026-07-16T12:39:00+05:30,51.9,-9.495036338634278e-05,0.02201009869229252,12,0.06882063165110067,2.2878541412498303,2026-07-17T14:55:00+05:30,51.44,-0.46000000000000085,CLOSED,0.0,ALPHA-EQ
BUY,2026-07-17T14:55:00+05:30,51.44,0.00710591592495735,0.03784471194529194,14,13.432183856581672,0.0011946479770627587,2026-07-22T09:44:00+05:30,51.8,0.35999999999999943,CLOSED,1.0,ALPHA-EQ
SELL,2026-07-22T09:44:00+05:30,51.8,-0.012014620860391585,0.04306326095924911,9,3.5966903948463624,2.4112562267152247,2026-07-22T11:06:00+05:30,52.01,0.21000000000000085,CLOSED,1.0,ALPHA-EQ
BUY,2026-07-22T11:06:00+05:30,52.01,0.003955269570800763,0.018737959096739903,11,-0.7808556923420701,2.477388043238473,2026-07-22T12:00:00+05:30,51.87,-0.14000000000000057,CLOSED,0.0,ALPHA-EQ
SELL,2026-07-22T12:00:00+05:30,51.87,-0.005002601943935827,0.04473378042498954,12,1.167266683512508,2.0556478405315612,2026-07-24T12:53:00+05:30,50.86,-1.009999999999998,CLOSED,0.0,ALPHA-EQ
BUY,2026-07-24T12:53:00+05:30,50.86,0.005373213357021659,0.05452828012447728,12,2.9321662859290685,0.810378408458542,2026-07-24T13:42:00+05:30,50.66,-0.20000000000000284,CLOSED,0.0,ALPHA-EQ
SELL,2026-07-24T13:42:00+05:30,50.66,-0.0008573024401618606,0.039496835316263135,13,2.651150620682138,0.4315284343217304,2026-07-24T13:59:00+05:30,50.81,0.15000000000000568,CLOSED,1.0,ALPHA-EQ
BUY,2026-07-24T13:59:00+05:30,50.81,0.0019056276040651352,0.06258327785173068,13,-0.11964285687579725,1.635395537525355,2026-07-24T14:48:00+05:30,50.71,-0.10000000000000142,CLOSED,0.0,ALPHA-EQ
SELL,2026-07-24T14:48:00+05:30,50.71,-0.0025264894339286316,0.010593499054712961,14,-0.860546814678061,1.5087623220153341,2026-07-24T14:53:00+05:30,50.85,0.14000000000000057,CLOSED,1.0,ALPHA-EQ
BUY,2026-07-24T14:53:00+05:30,50.85,0.0056841000164140855,0.035901098714229265,14,8.101861949058808,0.4666064981949459,2026-07-28T09:27:00+05:30,51.05,0.19999999999999574,CLOSED,1.0,ALPHA-EQ
SELL,2026-07-28T09:27:00+05:30,51.05,-0.007590665813536368,0.039944405810520604,9,-0.35361864516259733,1.606352134949921,2026-07-28T15:20:00+05:30,51.07,0.020000000000003126,CLOSED,1.0,ALPHA-EQ
BUY,2026-07-28T15:20:00+05:30,51.07,0.0021629793872772365,0.031780497164141816,15,0.5139618466922969,0.7090029218407596,2026-07-30T10:12:00+05:30,51.3,0.22999999999999687,CLOSED,1.0,ALPHA-EQ
SELL,2026-07-30T10:12:00+05:30,51.3,-0.0014416407337028787,0.031692971530680104,10,-0.5434944231183465,1.1224212812160697,2026-07-30T11:32:00+05:30,51.49,0.19000000000000483,CLOSED,1.0,ALPHA-EQ
BUY,2026-07-30T11:32:00+05:30,51.49,0.0038120696195209306,0.05271516754112554,11,5.255172353388824,0.07258360896729144,2026-07-30T12:31:00+05:30,51.32,-0.1700000000000017,CLOSED,0.0,ALPHA-EQ
SELL,2026-07-30T12:31:00+05:30,51.32,-0.0022308228321389983,0.021705094128132263,12,-0.3853421854119738,0.5099709181553802,2026-07-30T12:33:00+05:30,51.41,0.0899999999999963,CLOSED,1.0,ALPHA-EQ
BUY,2026-07-30T12:33:00+05:30,51.41,0.0032067792846416773,0.024855135843076217,12,-0.5214747234483567,0.4328832406671962,2026-07-30T13:10:00+05:30,51.31,-0.09999999999999432,CLOSED,0.0,ALPHA-EQ
SELL,2026-07-30T13:10:00+05:30,51.31,-0.00043008591177926903,0.03062315754094852,13,3.289248890590208,2.065135283614888,2026-07-30T15:14:00+05:30,51.49,0.17999999999999972,CLOSED,1.0,ALPHA-EQ
BUY,2026-07-30T15:14:00+05:30,51.49,0.013491286009115528,0.038064273129653506,15,-0.398272425116853,2.2082045053003534,2026-08-03T14:57:00+05:30,52.18,0.6899999999999977,CLOSED,1.0,ALPHA-EQ
SELL,2026-08-03T14:57:00+05:30,52.18,-0.004514944959349649,0.03836954811073757,14,-0.8986812454196949,0.22280523141984493,2026-08-04T09:15:00+05:30,52.57,0.39000000000000057,CLOSED,1.0,ALPHA-EQ
BUY,2026-08-04T09:15:00+05:30,52.57,0.0020558523041280014,0.02449489742783239,9,-0.22882538741319866,1.2547628119641836,2026-08-04T15:13:00+05:30,52.75,0.17999999999999972,CLOSED,1.0,ALPHA-EQ
SELL,2026-08-04T15:13:00+05:30,52.75,-0.0020019280447535035,0.03204163957519413,15,-0.7135143844332685,0.630098452883263,2026-08-05T09:19:00+05:30,53.04,0.28999999999999915,CLOSED,1.0,ALPHA-EQ
BUY,2026-08-05T09:19:00+05:30,53.04,0.01799962863597643,0.2142065462222015,9,10.071384730955836,0.948584835944428,2026-08-06T13:45:00+05:30,53.31,0.2700000000000031,CLOSED,1.0,ALPHA-EQ
SELL,2026-08-06T13:45:00+05:30,53.31,-0.00033054751455324375,0.024698178070455382,13,-0.4836613437767718,1.3511326860841424,2026-08-06T14:35:00+05:30,53.41,0.09999999999999432,CLOSED,1.0,ALPHA-EQ
BUY,2026-08-06T14:35:00+05:30,53.41,0.003501395401603271,0.04854551129266875,14,-0.4850948504428863,0.2216599190283401,2026-08-07T12:18:00+05:30,53.48,0.07000000000000028,CLOSED,1.0,ALPHA-EQ
SELL,2026-08-07T12:18:00+05:30,53.48,-0.0012732641488990433,0.014944341180972614,12,2.3281249949476455,2.272756911841419,2026-08-07T12:30:00+05:30,53.54,0.060000000000002274,CLOSED,1.0,ALPHA-EQ
BUY,2026-08-07T12:30:00+05:30,53.54,0.0012823840315855301,0.03689323936863092,12,1.2351490683309245,0.0363554307491726,,,,OPEN,,ALPHA-EQ
BUY,2026-06-29T09:53:00+05:30,35.25,0.004695843982826767,0.22735434897973614,9,2.260984144279361,1.112851547698488,2026-06-29T12:03:00+05:30,35.04,-0.21000000000000085,CLOSED,0.0,KWIL-EQ
SELL,2026-06-29T12:03:00+05:30,35.04,-0.010981498063060863,0.02983286778035346,12,1.0540596232126462,1.3699294385178744,2026-06-30T09:26:00+05:30,35.5,0.46000000000000085,CLOSED,1.0,KWIL-EQ
BUY,2026-06-30T09:26:00+05:30,35.5,0.043839301632917466,0.10855106325289118,9,0.8032034895803755,0.5575988679991261,2026-06-30T14:05:00+05:30,35.11,-0.39000000000000057,CLOSED,0.0,KWIL-EQ
SELL,2026-06-30T14:05:00+05:30,35.11,-0.0032388684659243783,0.016329931618554658,14,0.7872770632550611,0.6424593159864241,2026-07-02T12:17:00+05:30,34.04,-1.0700000000000003,CLOSED,0.0,KWIL-EQ
BUY,2026-07-02T12:17:00+05:30,34.04,0.00092100534937531,0.03134042472944864,12,0.563282794680684,1.3372338182584862,2026-07-02T12:36:00+05:30,33.91,-0.13000000000000256,CLOSED,0.0,KWIL-EQ
SELL,2026-07-02T12:36:00+05:30,33.91,-0.005435652171287674,0.026687491868331196,12,0.15117448595383695,1.872808812307148,2026-07-02T13:55:00+05:30,34.01,0.10000000000000142,CLOSED,1.0,KWIL-EQ
BUY,2026-07-02T13:55:00+05:30,34.01,0.007298773371255337,0.02149935399546418,13,0.05465853786613333,0.08429399613513694,2026-07-03T09:18:00+05:30,33.83,-0.17999999999999972,CLOSED,0.0,KWIL-EQ
SELL,2026-07-03T09:18:00+05:30,33.83,-0.01152844041437549,0.054812812776251,9,1.2110158566478688,1.1060730449151193,2026-07-03T09:24:00+05:30,34.01,0.17999999999999972,CLOSED,1.0,KWIL-EQ
BUY,2026-07-03T09:24:00+05:30,34.01,0.006480034229648404,0.07647802879839932,9,-0.23072517027308398,0.46594285166645777,2026-07-03T11:50:00+05:30,34.18,0.1700000000000017,CLOSED,1.0,KWIL-EQ
SELL,2026-07-03T11:50:00+05:30,34.18,-0.013297749816420325,0.049542350009305826,11,-0.7908812611245094,1.211889804622212,2026-07-08T11:14:00+05:30,32.21,-1.9699999999999989,CLOSED,0.0,KWIL-EQ
BUY,2026-07-08T11:14:00+05:30,32.21,0.00024485379853467264,0.0712195353974054,11,-0.06410683414504881,1.6177193309495164,2026-07-08T11:41:00+05:30,31.87,-0.33999999999999986,CLOSED,0.0,KWIL-EQ
SELL,2026-07-08T11:41:00+05:30,31.87,-0.012002426134386878,0.05652924513520061,11,0.20078675133246351,0.22056616985095528,2026-07-08T12:20:00+05:30,32.26,0.389999999999997,CLOSED,1.0,KWIL-EQ
BUY,2026-07-08T12:20:00+05:30,32.26,0.026064325216537024,0.09521904571390463,12,1.6612723776598974,0.9209438659166921,2026-07-08T14:12:00+05:30,31.81,-0.4499999999999993,CLOSED,0.0,KWIL-EQ
SELL,2026-07-08T14:12:00+05:30,31.81,-0.024427534273072718,0.12258330500792801,14,0.2508939514048935,0.4162476262380303,2026-07-09T09:24:00+05:30,32.66,0.8499999999999979,CLOSED,1.0,KWIL-EQ
BUY,2026-07-09T09:24:00+05:30,32.66,0.059980368159921804,0.24840826609971411,9,-0.4167114035775095,1.2491835401698237,2026-07-09T13:16:00+05:30,32.93,0.2700000000000031,CLOSED,1.0,KWIL-EQ
SELL,2026-07-09T13:16:00+05:30,32.93,-0.002058286605194161,0.01567021236472558,13,-0.3434392197960414,0.5501225490196079,2026-07-10T09:25:00+05:30,32.98,0.04999999999999716,CLOSED,1.0,KWIL-EQ
BUY,2026-07-10T09:25:00+05:30,32.98,0.012665790114629843,0.15346371268515288,9,-0.1896662306713431,0.6743923126691108,2026-07-10T14:11:00+05:30,33.27,0.29000000000000625,CLOSED,1.0,KWIL-EQ
SELL,2026-07-10T14:11:00+05:30,33.27,-0.0011079996774613027,0.02820559440174128,14,-0.3589311125864477,0.1531283400476856,2026-07-13T15:16:00+05:30,32.45,-0.8200000000000003,CLOSED,0.0,KWIL-EQ
BUY,2026-07-13T15:16:00+05:30,32.45,0.006907557515018678,0.01955050439815243,15,0.44245616045960035,0.9964036649787603,2026-07-14T09:32:00+05:30,32.24,-0.21000000000000085,CLOSED,0.0,KWIL-EQ
SELL,2026-07-14T09:32:00+05:30,32.24,-0.00952902157297081,0.054324130099900704,9,1.1408890946678292,0.9311692876420071,2026-07-15T09:25:00+05:30,32.31,0.07000000000000028,CLOSED,1.0,KWIL-EQ
BUY,2026-07-15T09:25:00+05:30,32.31,0.0021125744566809442,0.05253570214625591,9,-0.7829423483857403,0.5862557110295695,2026-07-15T11:45:00+05:30,32.36,0.04999999999999716,CLOSED,1.0,KWIL-EQ
SELL,2026-07-15T11:45:00+05:30,32.36,-0.01033060268344717,0.024855135843076595,11,-0.29839298756820476,1.8325458161481067,2026-07-15T14:36:00+05:30,32.56,0.20000000000000284,CLOSED,1.0,KWIL-EQ
BUY,2026-07-15T14:36:00+05:30,32.56,0.0031350675039488367,0.06069962474714647,14,-0.33801678397304447,1.2328493406154257,2026-07-16T09:39:00+05:30,32.11,-0.45000000000000284,CLOSED,0.0,KWIL-EQ
SELL,2026-07-16T09:39:00+05:30,32.11,-0.03679336959843834,0.08167687011088963,9,1.0143987450187097,1.2657275380771975,2026-07-16T11:02:00+05:30,32.76,0.6499999999999986,CLOSED,1.0,KWIL-EQ
BUY,2026-07-16T11:02:00+05:30,32.76,0.04449477475457478,0.11815244390193608,11,0.6802456111570843,1.1518720049798499,2026-07-16T14:30:00+05:30,32.62,-0.14000000000000057,CLOSED,0.0,KWIL-EQ
SELL,2026-07-16T14:30:00+05:30,32.62,-0.0024937261163442896,0.03169297153067841,14,0.18487182719255213,0.6780880315464137,2026-07-17T09:16:00+05:30,33.25,0.6300000000000026,CLOSED,1.0,KWIL-EQ
BUY,2026-07-17T09:16:00+05:30,33.25,0.023136261030157024,0.031972210155418686,9,-0.32496965271545136,1.5733490151248681,2026-07-17T11:26:00+05:30,32.68,-0.5700000000000003,CLOSED,0.0,KWIL-EQ
SELL,2026-07-17T11:26:00+05:30,32.68,-0.019365485076814456,0.05788878225624773,11,0.10427907169142746,0.8629873631397557,2026-07-17T14:38:00+05:30,32.66,-0.020000000000003126,CLOSED,0.0,KWIL-EQ
BUY,2026-07-17T14:38:00+05:30,32.66,0.00047238399161421776,0.01852925614624941,14,1.4048744162721778,0.03855497731359636,2026-07-20T09:22:00+05:30,32.44,-0.21999999999999886,CLOSED,0.0,KWIL-EQ
SELL,2026-07-20T09:22:00+05:30,32.44,-0.007418810122657746,0.15094148976783378,9,-0.522914341507725,0.7579948176848534,2026-07-20T10:01:00+05:30,32.74,0.30000000000000426,CLOSED,1.0,KWIL-EQ
BUY,2026-07-20T10:01:00+05:30,32.74,0.00865861766715776,0.03366501646120774,10,1.6736423639225844,0.6806705007714967,2026-07-21T10:22:00+05:30,33.58,0.8399999999999963,CLOSED,1.0,KWIL-EQ
SELL,2026-07-21T10:22:00+05:30,33.58,-0.001714296418932484,0.04055175020198863,10,0.5001537187536769,0.3702667339281773,2026-07-21T12:54:00+05:30,33.8,0.21999999999999886,CLOSED,1.0,KWIL-EQ
BUY,2026-07-21T12:54:00+05:30,33.8,0.01764798337935758,0.03301514803843841,12,20.873640145529667,1.4556314319599066,2026-07-22T09:22:00+05:30,33.29,-0.509999999999998,CLOSED,0.0,KWIL-EQ
SELL,2026-07-22T09:22:00+05:30,33.29,-0.03508554337819072,0.15291609899985426,9,0.09742127792104777,1.0323117434800118,2026-07-24T11:52:00+05:30,31.7,-1.5899999999999999,CLOSED,0.0,KWIL-EQ
BUY,2026-07-24T11:52:00+05:30,31.7,0.004882227992750236,0.04306326095925002,11,-0.9208900800036066,0.5211567013092185,2026-07-27T10:07:00+05:30,31.82,0.120000000000001,CLOSED,1.0,KWIL-EQ
SELL,2026-07-27T10:07:00+05:30,31.82,-0.003092694414314767,0.019321835661586816,10,-0.17843460234139347,1.3121198468123452,2026-07-28T14:27:00+05:30,31.09,-0.7300000000000004,CLOSED,0.0,KWIL-EQ
BUY,2026-07-28T14:27:00+05:30,31.09,0.0037768756570324097,0.01523883926754917,14,1.5133785826237232,1.3621501584609204,2026-07-28T14:40:00+05:30,30.91,-0.17999999999999972,CLOSED,0.0,KWIL-EQ
SELL,2026-07-28T14:40:00+05:30,30.91,-0.0019475264861758925,0.04391911757866835,14,-0.8341197769801902,0.797310072189756,2026-07-29T09:25:00+05:30,31.04,0.129999999999999,CLOSED,1.0,KWIL-EQ
BUY,2026-07-29T09:25:00+05:30,31.04,0.011060481432648256,0.04326918328582318,9,1.0180569561891861,0.822946908762077,2026-07-29T10:13:00+05:30,30.84,-0.1999999999999993,CLOSED,0.0,KWIL-EQ
SELL,2026-07-29T10:13:00+05:30,30.84,-0.0031173749232860895,0.024060109910158056,10,0.6547126436395689,0.5407484985145447,2026-07-29T15:03:00+05:30,30.9,0.05999999999999872,CLOSED,1.0,KWIL-EQ
BUY,2026-07-29T15:03:00+05:30,30.9,0.016892234672515688,0.14500574701254684,15,0.466970470657269,0.5221837830126433,2026-07-30T09:44:00+05:30,30.45,-0.4499999999999993,CLOSED,0.0,KWIL-EQ
SELL,2026-07-30T09:44:00+05:30,30.45,-0.009224040922526433,0.07975657409336925,9,2.263907087383569,0.8208791810368423,2026-07-31T09:50:00+05:30,30.5,0.05000000000000071,CLOSED,1.0,KWIL-EQ
BUY,2026-07-31T09:50:00+05:30,30.5,0.012651691962305558,0.04984420171338361,9,0.07764399302688944,1.45248517779364,2026-07-31T15:20:00+05:30,30.87,0.370000000000001,CLOSED,1.0,KWIL-EQ
SELL,2026-07-31T15:20:00+05:30,30.87,-0.00894627316307392,0.024855135843076564,15,2.881746097342894,0.35057511216157683,2026-08-03T09:17:00+05:30,31.4,0.5299999999999976,CLOSED,1.0,KWIL-EQ
BUY,2026-08-03T09:17:00+05:30,31.4,0.04957167442358999,0.11146000777558428,9,0.06508598900628415,1.0768112210121328,2026-08-04T10:25:00+05:30,32.85,1.4500000000000028,CLOSED,1.0,KWIL-EQ
SELL,2026-08-04T10:25:00+05:30,32.85,-0.012993844567752306,0.017159383568311704,10,3.0805887440553095,1.121517139535081,2026-08-04T15:27:00+05:30,32.87,0.01999999999999602,CLOSED,1.0,KWIL-EQ
BUY,2026-08-04T15:27:00+05:30,32.87,0.018069511404431575,0.04332051092342447,15,2.74839034542387,1.297164832212189,2026-08-05T10:37:00+05:30,32.65,-0.21999999999999886,CLOSED,0.0,KWIL-EQ
SELL,2026-08-05T10:37:00+05:30,32.65,-0.0035808092982958445,0.043410188256265435,10,0.7537060537497241,0.4106065064054138,2026-08-05T14:09:00+05:30,32.51,-0.14000000000000057,CLOSED,0.0,KWIL-EQ
BUY,2026-08-05T14:09:00+05:30,32.51,0.0013807970865030385,0.030623157540948985,14,2.180893896506547,0.235739523193764,2026-08-06T09:19:00+05:30,32.26,-0.25,CLOSED,0.0,KWIL-EQ
SELL,2026-08-06T09:19:00+05:30,32.26,-0.02543040721363357,0.12147702114666302,9,2.6048694828507264,0.9480473250836058,2026-08-06T10:01:00+05:30,33.08,0.8200000000000003,CLOSED,1.0,KWIL-EQ
BUY,2026-08-06T10:01:00+05:30,33.08,0.07077890830551703,0.08246884933786328,10,0.1780089134947838,1.1279257361695987,2026-08-07T14:01:00+05:30,34.78,1.7000000000000028,CLOSED,1.0,KWIL-EQ
SELL,2026-08-07T14:01:00+05:30,34.78,-0.0036613238809342355,0.03881580434135977,14,-0.5758347146365205,1.0626744591765527,2026-08-07T15:06:00+05:30,34.91,0.12999999999999545,CLOSED,1.0,KWIL-EQ
BUY,2026-08-07T15:06:00+05:30,34.91,0.0113374362962987,0.058319045869348426,15,-0.3110445676798883,0.5837289893036455,,,,OPEN,,KWIL-EQ
SELL,2026-06-25T14:54:00+05:30,59.88,-0.006461387034133378,0.06186903731090202,14,1.4607842898564658,0.09628154050464807,2026-07-01T10:23:00+05:30,59.5,-0.38000000000000256,CLOSED,0.0,HDFCNIFBAN-EQ
BUY,2026-07-01T10:23:00+05:30,59.5,0.0004486121334861267,0.04647580015448897,10,0.35030863927230993,2.16,2026-07-03T11:11:00+05:30,59.66,0.1599999999999966,CLOSED,1.0,HDFCNIFBAN-EQ
SELL,2026-07-03T11:11:00+05:30,59.66,-0.009177388232272491,0.029981475762358885,11,0.166272282563281,0.683416745570134,2026-07-06T09:17:00+05:30,60.0,0.3400000000000034,CLOSED,1.0,HDFCNIFBAN-EQ
BUY,2026-07-06T09:17:00+05:30,60.0,0.01525789683802521,0.11578236288638948,9,422.28329814305846,1.793026735441194,2026-07-07T13:29:00+05:30,59.98,-0.020000000000003126,CLOSED,0.0,HDFCNIFBAN-EQ
SELL,2026-07-07T13:29:00+05:30,59.98,-0.005728196557290363,0.03470510689285534,13,1.2743362267992817,0.5739299610894942,2026-07-07T14:37:00+05:30,60.12,0.14000000000000057,CLOSED,1.0,HDFCNIFBAN-EQ
BUY,2026-07-07T14:37:00+05:30,60.12,0.0019316585282676806,0.040331955899344234,14,-0.5427325577451071,0.9996821360457724,2026-07-07T15:16:00+05:30,60.0,-0.11999999999999744,CLOSED,0.0,HDFCNIFBAN-EQ
SELL,2026-07-07T15:16:00+05:30,60.0,-0.0029865941145839226,0.026161889160465548,15,-0.1435036663200322,1.0002675406327337,2026-07-09T11:30:00+05:30,59.15,-0.8500000000000014,CLOSED,0.0,HDFCNIFBAN-EQ
BUY,2026-07-09T11:30:00+05:30,59.15,0.0007846349889734037,0.09131143289740684,11,-0.8139039664271599,1.000112183082791,2026-07-09T12:48:00+05:30,58.99,-0.1599999999999966,CLOSED,0.0,HDFCNIFBAN-EQ
SELL,2026-07-09T12:48:00+05:30,58.99,-0.0020666738499381114,0.018135294011646437,12,0.8610204178984893,0.9301518722178581,2026-07-09T12:57:00+05:30,59.07,0.0799999999999983,CLOSED,1.0,HDFCNIFBAN-EQ
BUY,2026-07-09T12:57:00+05:30,59.07,0.00033955929265328406,0.034253953543106785,12,-0.9243427346534657,0.396644747934581,2026-07-09T15:06:00+05:30,58.85,-0.21999999999999886,CLOSED,0.0,HDFCNIFBAN-EQ
SELL,2026-07-09T15:06:00+05:30,58.85,-0.008306728215620392,0.06285786435372272,15,119.18681916264829,1.3855152891013314,2026-07-10T09:16:00+05:30,59.46,0.6099999999999994,CLOSED,1.0,HDFCNIFBAN-EQ
BUY,2026-07-10T09:16:00+05:30,59.46,0.001108657292766458,0.11920570456148565,9,3.3765370498894374,0.6929151795884273,2026-07-13T09:20:00+05:30,59.2,-0.259999999999998,CLOSED,0.0,HDFCNIFBAN-EQ
SELL,2026-07-13T09:20:00+05:30,59.2,-0.0011059110168121834,0.19224116798091648,9,10.209535737746684,0.9392022983359452,2026-07-13T10:26:00+05:30,59.63,0.4299999999999997,CLOSED,1.0,HDFCNIFBAN-EQ
BUY,2026-07-13T10:26:00+05:30,59.63,0.0028838671656135784,0.028596814119369564,10,7.20588230686776,0.0070126227208976155,2026-07-13T12:00:00+05:30,59.51,-0.12000000000000455,CLOSED,0.0,HDFCNIFBAN-EQ
SELL,2026-07-13T12:00:00+05:30,59.51,-0.0017979214453498601,0.05126185499743314,12,-0.7560975538827621,2.3076923076923075,2026-07-13T12:52:00+05:30,59.7,0.19000000000000483,CLOSED,1.0,HDFCNIFBAN-EQ
BUY,2026-07-13T12:52:00+05:30,59.7,0.0043460916916863,0.0405517502019861,12,-0.9884011593898604,2.435344827586207,2026-07-14T09:26:00+05:30,59.51,-0.19000000000000483,CLOSED,0.0,HDFCNIFBAN-EQ
SELL,2026-07-14T09:26:00+05:30,59.51,-0.0019602954225017674,0.0922857879993799,9,-0.5115724164739055,2.4487054225696143,2026-07-15T09:28:00+05:30,59.7,0.19000000000000483,CLOSED,1.0,HDFCNIFBAN-EQ
BUY,2026-07-15T09:28:00+05:30,59.7,0.02702090983949076,0.1755752450280707,9,-0.9564606734110013,1.4516129032258065,2026-07-15T13:14:00+05:30,59.19,-0.5100000000000051,CLOSED,0.0,HDFCNIFBAN-EQ
SELL,2026-07-15T13:14:00+05:30,59.19,-0.0037011657902256663,0.08894442709417587,13,-0.9090401773032363,0.10736196319018404,2026-07-17T09:22:00+05:30,59.5,0.3100000000000023,CLOSED,1.0,HDFCNIFBAN-EQ
BUY,2026-07-17T09:22:00+05:30,59.5,0.004357762021251454,0.05910442735813631,9,0.9174454820721312,0.6358877154977886,2026-07-20T09:34:00+05:30,59.41,-0.09000000000000341,CLOSED,0.0,HDFCNIFBAN-EQ
SELL,2026-07-20T09:34:00+05:30,59.41,-0.009550003499266211,0.0634560215162169,9,-0.20216802113233606,1.0767663043478262,2026-07-20T13:57:00+05:30,59.64,0.23000000000000398,CLOSED,1.0,HDFCNIFBAN-EQ
BUY,2026-07-20T13:57:00+05:30,59.64,0.002916800550728626,0.027968235951203787,13,4.193916323232469,2.32796486090776,2026-07-21T11:35:00+05:30,59.59,-0.04999999999999716,CLOSED,0.0,HDFCNIFBAN-EQ
SELL,2026-07-21T11:35:00+05:30,59.59,-0.0041033133676862685,0.04121757985239897,11,0.5079812182723886,0.006226650062266501,2026-07-24T12:58:00+05:30,58.48,-1.1100000000000065,CLOSED,0.0,HDFCNIFBAN-EQ
BUY,2026-07-24T12:58:00+05:30,58.48,0.014831743029162674,0.0971825315807551,12,22.284263393800423,0.1629605406583824,2026-07-28T09:45:00+05:30,58.57,0.09000000000000341,CLOSED,1.0,HDFCNIFBAN-EQ
SELL,2026-07-28T09:45:00+05:30,58.57,-0.0014721796783224632,0.0335989417822782,9,-0.9369266001323017,0.7727272727272727,2026-07-29T09:28:00+05:30,58.73,0.1599999999999966,CLOSED,1.0,HDFCNIFBAN-EQ
BUY,2026-07-29T09:28:00+05:30,58.73,0.010046252293027554,0.04452215428550383,9,-0.06602316589570816,2.4524596940884664,2026-07-30T09:34:00+05:30,58.64,-0.0899999999999963,CLOSED,0.0,HDFCNIFBAN-EQ
SELL,2026-07-30T09:34:00+05:30,58.64,-0.006056741269041777,0.01646545204697089,9,-0.6511406813158713,0.07493188010899182,2026-07-30T15:07:00+05:30,58.72,0.0799999999999983,CLOSED,1.0,HDFCNIFBAN-EQ
BUY,2026-07-30T15:07:00+05:30,58.72,0.004955594409576834,0.04550946177566954,15,4.262350900661406,0.8902557461961801,2026-08-03T15:22:00+05:30,59.0,0.28000000000000114,CLOSED,1.0,HDFCNIFBAN-EQ
SELL,2026-08-03T15:22:00+05:30,59.0,-0.021087544409583766,0.1466704544965421,15,-0.7083023535213107,2.1580288870008495,2026-08-04T09:22:00+05:30,59.55,0.5499999999999972,CLOSED,1.0,HDFCNIFBAN-EQ
BUY,2026-08-04T09:22:00+05:30,59.55,0.004151525649326889,0.36268137225087393,9,-0.7881587951529876,0.01442418647588276,2026-08-04T11:53:00+05:30,59.29,-0.259999999999998,CLOSED,0.0,HDFCNIFBAN-EQ
SELL,2026-08-04T11:53:00+05:30,59.29,-0.007260009183004116,0.04005551702879947,11,-0.4749999703125018,1.7857142857142856,2026-08-05T09:23:00+05:30,59.68,0.39000000000000057,CLOSED,1.0,HDFCNIFBAN-EQ
BUY,2026-08-05T09:23:00+05:30,59.68,0.008866629709974882,0.21114765765533205,9,-0.9535170692029677,1.327433628318584,2026-08-05T12:45:00+05:30,59.32,-0.35999999999999943,CLOSED,0.0,HDFCNIFBAN-EQ
SELL,2026-08-05T12:45:00+05:30,59.32,-0.003219337466299063,0.05143496432929154,12,0.6795366751638566,1.9827586206896552,2026-08-05T15:29:00+05:30,60.1,0.7800000000000011,CLOSED,1.0,HDFCNIFBAN-EQ
BUY,2026-08-05T15:29:00+05:30,60.1,0.03765904044666565,0.30130088320850074,15,65.62275252626489,2.465171669962251,2026-08-07T10:57:00+05:30,59.58,-0.5200000000000031,CLOSED,0.0,HDFCNIFBAN-EQ
SELL,2026-08-07T10:57:00+05:30,59.58,-0.0029737956667169746,0.008755950357710636,10,0.3255813764196875,2.4342105263157894,,,,OPEN,,HDFCNIFBAN-EQ
SELL,2026-06-24T14:40:00+05:30,213.04,-0.006656348249644955,0.2062926723533,14,1.9268350470844757,1.0635762278683027,2026-06-25T14:01:00+05:30,206.6,-6.439999999999998,CLOSED,0.0,SILVERBEES-EQ
BUY,2026-06-25T14:01:00+05:30,206.6,0.011126683336617706,0.10422198531127513,14,0.014124375265403222,1.3272999119582882,2026-06-29T14:31:00+05:30,208.02,1.420000000000016,CLOSED,1.0,SILVERBEES-EQ
SELL,2026-06-29T14:31:00+05:30,208.02,-0.012987295335411481,0.19821705274774146,14,0.5202334001564283,1.6691828122697725,2026-06-30T10:07:00+05:30,209.1,1.079999999999984,CLOSED,1.0,SILVERBEES-EQ
BUY,2026-06-30T10:07:00+05:30,209.1,0.006083842022499934,0.3521110935801671,10,0.2928551108355816,0.8568016709659511,2026-07-01T09:36:00+05:30,211.58,2.480000000000018,CLOSED,1.0,SILVERBEES-EQ
SELL,2026-07-01T09:36:00+05:30,211.58,-0.0007561592088598684,0.12908223046655745,9,0.05652915052022947,1.3379839643631155,2026-07-01T13:38:00+05:30,210.86,-0.7199999999999989,CLOSED,0.0,SILVERBEES-EQ
BUY,2026-07-01T13:38:00+05:30,210.86,0.005811765286307554,0.13581441586060167,13,0.20230038694905836,0.6009725427180748,2026-07-06T09:18:00+05:30,220.05,9.189999999999998,CLOSED,1.0,SILVERBEES-EQ
SELL,2026-07-06T09:18:00+05:30,220.05,-0.008395231698396042,0.6782174348163642,9,0.4685361710699475,1.1878406196830973,2026-07-06T13:17:00+05:30,220.58,0.5300000000000011,CLOSED,1.0,SILVERBEES-EQ
BUY,2026-07-06T13:17:00+05:30,220.58,0.007586408104968129,0.2561271385681547,13,0.6714654824572704,1.0653386692151476,2026-07-07T09:15:00+05:30,217.17,-3.410000000000025,CLOSED,0.0,SILVERBEES-EQ
SELL,2026-07-07T09:15:00+05:30,217.17,-0.015512323601208659,0.04921607686744739,9,0.2978547854746344,0.9096375541077336,2026-07-09T11:33:00+05:30,211.48,-5.689999999999998,CLOSED,0.0,SILVERBEES-EQ
BUY,2026-07-09T11:33:00+05:30,211.48,0.004217442452144507,0.36197605814013273,11,0.7007426946206102,1.360642951456776,2026-07-10T09:25:00+05:30,212.01,0.5300000000000011,CLOSED,1.0,SILVERBEES-EQ
SELL,2026-07-10T09:25:00+05:30,212.01,-0.0014565806616025944,0.1653985086591392,9,-0.22363185748873196,0.7353998286026685,2026-07-13T13:23:00+05:30,206.72,-5.289999999999992,CLOSED,0.0,SILVERBEES-EQ
BUY,2026-07-13T13:23:00+05:30,206.72,0.0006878049631868847,0.055387523665330056,13,2.641165755717717,0.7796755520617452,2026-07-14T09:23:00+05:30,206.7,-0.020000000000010232,CLOSED,0.0,SILVERBEES-EQ
SELL,2026-07-14T09:23:00+05:30,206.7,-0.0041480101905664365,0.4324927745061215,9,-0.28630121820513454,0.5343207379873108,2026-07-14T10:31:00+05:30,207.44,0.7400000000000091,CLOSED,1.0,SILVERBEES-EQ
BUY,2026-07-14T10:31:00+05:30,207.44,0.0025618257450589015,0.1467461905619506,10,-0.1343045546354876,1.1120771637409437,2026-07-14T13:39:00+05:30,207.3,-0.13999999999998636,CLOSED,0.0,SILVERBEES-EQ
SELL,2026-07-14T13:39:00+05:30,207.3,-0.009163045846619472,0.05498484639728937,13,-0.2792592065807189,1.5844587928350615,2026-07-14T14:06:00+05:30,208.0,0.6999999999999886,CLOSED,1.0,SILVERBEES-EQ
BUY,2026-07-14T14:06:00+05:30,208.0,0.0022903699494104127,0.06154492487425293,14,0.29186367652751155,0.9207218262434849,2026-07-14T14:31:00+05:30,207.64,-0.36000000000001364,CLOSED,0.0,SILVERBEES-EQ
SELL,2026-07-14T14:31:00+05:30,207.64,-0.0022450088428401806,0.05159672685570036,14,2.028144107319858,0.22897262556377085,2026-07-14T14:34:00+05:30,207.87,0.2300000000000182,CLOSED,1.0,SILVERBEES-EQ
BUY,2026-07-14T14:34:00+05:30,207.87,0.0009999467965659996,0.06586180818788424,14,-0.7103336924634349,1.5671327627918874,2026-07-15T11:53:00+05:30,208.66,0.789999999999992,CLOSED,1.0,SILVERBEES-EQ
SELL,2026-07-15T11:53:00+05:30,208.66,-0.0008416045597606583,0.14697316459514537,11,0.4800486296199974,1.0615109154483933,2026-07-15T14:36:00+05:30,208.85,0.18999999999999773,CLOSED,1.0,SILVERBEES-EQ
BUY,2026-07-15T14:36:00+05:30,208.85,0.0023618628953938946,0.016865480854237364,14,-0.35466134841639435,1.2168553330260037,2026-07-16T09:16:00+05:30,207.52,-1.329999999999984,CLOSED,0.0,SILVERBEES-EQ
SELL,2026-07-16T09:16:00+05:30,207.52,-0.012655856531366272,0.46335011960000005,9,-0.46330360957892147,0.8339924441403591,2026-07-17T11:58:00+05:30,205.49,-2.030000000000001,CLOSED,0.0,SILVERBEES-EQ
BUY,2026-07-17T11:58:00+05:30,205.49,0.001367293626152064,0.11625642156696292,11,-0.7009075965776121,0.5204409531245978,2026-07-17T12:34:00+05:30,204.8,-0.6899999999999977,CLOSED,0.0,SILVERBEES-EQ
SELL,2026-07-17T12:34:00+05:30,204.8,-0.004111544975712258,0.055065617423419005,12,0.049231736984429654,0.651256799767243,2026-07-17T13:21:00+05:30,205.05,0.25,CLOSED,1.0,SILVERBEES-EQ
BUY,2026-07-17T13:21:00+05:30,205.05,0.0007062695363568996,0.023309511649393343,13,-0.30954006370607656,1.9051888758566542,2026-07-17T13:26:00+05:30,204.89,-0.160000000000025,CLOSED,0.0,SILVERBEES-EQ
SELL,2026-07-17T13:26:00+05:30,204.89,-0.001222979760112559,0.05143496432928988,13,0.8488605410443252,1.3080258370295803,2026-07-17T14:51:00+05:30,205.19,0.30000000000001137,CLOSED,1.0,SILVERBEES-EQ
BUY,2026-07-17T14:51:00+05:30,205.19,0.0011647195135865555,0.03994440581052638,14,-0.4395507236705273,1.2212240724510663,2026-07-17T15:12:00+05:30,204.8,-0.38999999999998636,CLOSED,0.0,SILVERBEES-EQ
SELL,2026-07-17T15:12:00+05:30,204.8,-0.0014749193285722483,0.07568942389058293,15,0.9006770091458522,1.088526619892695,2026-07-17T15:23:00+05:30,205.15,0.3499999999999943,CLOSED,1.0,SILVERBEES-EQ
BUY,2026-07-17T15:23:00+05:30,205.15,0.0010119621840821234,0.06929005059250168,15,1.622188621088837,1.1457134224317878,2026-07-22T12:41:00+05:30,213.07,7.9199999999999875,CLOSED,1.0,SILVERBEES-EQ
SELL,2026-07-22T12:41:00+05:30,213.07,-0.007531420291505118,0.16106934324487374,12,2.0156767037226446,1.4485113270472494,2026-07-22T12:55:00+05:30,213.8,0.7300000000000182,CLOSED,1.0,SILVERBEES-EQ
BUY,2026-07-22T12:55:00+05:30,213.8,0.004670816419145072,0.11719404611346483,12,-0.35260952674324186,1.2837767305914283,2026-07-22T13:13:00+05:30,213.13,-0.6700000000000159,CLOSED,0.0,SILVERBEES-EQ
SELL,2026-07-22T13:13:00+05:30,213.13,-0.0020230832821733855,0.19873209213523305,13,1.1865598726887887,1.5436374122549505,2026-07-22T14:32:00+05:30,213.62,0.4900000000000091,CLOSED,1.0,SILVERBEES-EQ
BUY,2026-07-22T14:32:00+05:30,213.62,0.001166846602675683,0.14157840387730708,14,-0.004655042071952724,0.762881874357609,2026-07-22T15:04:00+05:30,213.29,-0.3300000000000125,CLOSED,0.0,SILVERBEES-EQ
SELL,2026-07-22T15:04:00+05:30,213.29,-0.00024226757793060954,0.05902918298980838,15,2.4926470585362526,1.5494142880712753,2026-07-23T09:26:00+05:30,213.86,0.5700000000000216,CLOSED,1.0,SILVERBEES-EQ
BUY,2026-07-23T09:26:00+05:30,213.86,0.0014019657314476546,0.045325979795750974,9,-0.11355122584007107,1.1820333411044648,2026-07-23T12:10:00+05:30,213.6,-0.2600000000000193,CLOSED,0.0,SILVERBEES-EQ
SELL,2026-07-23T12:10:00+05:30,213.6,-0.002306827606747208,0.03784471194529079,12,1.2518933867043085,0.4952819559461439,2026-07-24T12:24:00+05:30,208.95,-4.650000000000006,CLOSED,0.0,SILVERBEES-EQ
BUY,2026-07-24T12:24:00+05:30,208.95,0.004247646606248946,0.07546154281780972,12,-0.093481684701051,0.2851871181976125,2026-07-27T14:58:00+05:30,212.89,3.9399999999999977,CLOSED,1.0,SILVERBEES-EQ
SELL,2026-07-27T14:58:00+05:30,212.89,-0.000935272327075436,0.03314949304119699,14,0.49392014015255503,0.35101468404553704,2026-07-27T15:27:00+05:30,213.12,0.2300000000000182,CLOSED,1.0,SILVERBEES-EQ
BUY,2026-07-27T15:27:00+05:30,213.12,0.0021511286355342775,0.07472170590486787,15,0.05844432482827109,1.3937761956293822,2026-07-28T09:15:00+05:30,207.54,-5.5800000000000125,CLOSED,0.0,SILVERBEES-EQ
SELL,2026-07-28T09:15:00+05:30,207.54,-0.09918925005404741,0.08474799243770854,9,0.28382488661835714,0.661485780099289,2026-07-29T10:44:00+05:30,207.26,-0.28000000000000114,CLOSED,0.0,SILVERBEES-EQ
BUY,2026-07-29T10:44:00+05:30,207.26,0.0004575446818364415,0.2474963523861383,10,-0.12891502365184265,0.6438531791435109,2026-07-29T13:42:00+05:30,206.77,-0.4899999999999807,CLOSED,0.0,SILVERBEES-EQ
SELL,2026-07-29T13:42:00+05:30,206.77,-0.009983752942789794,0.18445113776342276,13,2.4313687514050715,0.5191738134634065,2026-07-30T12:43:00+05:30,206.36,-0.4099999999999966,CLOSED,0.0,SILVERBEES-EQ
BUY,2026-07-30T12:43:00+05:30,206.36,0.0031031818535326243,0.08303279138054098,12,-0.3987285304743502,1.7197714760867073,2026-07-30T13:08:00+05:30,205.48,-0.8800000000000239,CLOSED,0.0,SILVERBEES-EQ
SELL,2026-07-30T13:08:00+05:30,205.48,-0.006631989709103976,0.08758487946621901,13,-0.2754873420510475,1.0036866795691686,2026-07-30T13:56:00+05:30,206.26,0.7800000000000011,CLOSED,1.0,SILVERBEES-EQ
BUY,2026-07-30T13:56:00+05:30,206.26,0.001822816078751913,0.14672726021053475,13,4.514384161324249,0.9060955878374486,2026-07-31T12:33:00+05:30,207.15,0.8900000000000148,CLOSED,1.0,SILVERBEES-EQ
SELL,2026-07-31T12:33:00+05:30,207.15,-0.005734125517852752,0.18091127352624622,12,2.9100400603507843,1.4461968606625821,2026-08-03T09:48:00+05:30,207.4,0.25,CLOSED,1.0,SILVERBEES-EQ
BUY,2026-08-03T09:48:00+05:30,207.4,0.00038338638622086024,0.10143963722332444,9,-0.39464257417771353,1.072256145966984,2026-08-03T11:00:00+05:30,207.02,-0.37999999999999545,CLOSED,0.0,SILVERBEES-EQ
SELL,2026-08-03T11:00:00+05:30,207.02,-0.0017188198877557451,0.05911382616989205,11,0.1595128182857762,0.4505555182859178,2026-08-04T09:23:00+05:30,207.17,0.14999999999997726,CLOSED,1.0,SILVERBEES-EQ
BUY,2026-08-04T09:23:00+05:30,207.17,0.005358199319685977,0.2258342558406738,9,-0.4215086381489367,1.3152823920265782,2026-08-04T14:37:00+05:30,207.28,0.11000000000001364,CLOSED,1.0,SILVERBEES-EQ
SELL,2026-08-04T14:37:00+05:30,207.28,-0.003014083055806563,0.021628170930012756,14,-0.452850181196051,1.0007110179719148,2026-08-05T09:15:00+05:30,211.05,3.7700000000000102,CLOSED,1.0,SILVERBEES-EQ
BUY,2026-08-05T09:15:00+05:30,211.05,0.030534848198413688,0.06342975116878,9,0.9922025588168777,0.8490656678881701,2026-08-06T12:15:00+05:30,214.08,3.030000000000001,CLOSED,1.0,SILVERBEES-EQ
SELL,2026-08-06T12:15:00+05:30,214.08,-0.0010079515142577603,0.14713561393792476,12,0.19985539663797525,0.7250340838047318,2026-08-06T12:41:00+05:30,214.54,0.45999999999997954,CLOSED,1.0,SILVERBEES-EQ
BUY,2026-08-06T12:41:00+05:30,214.54,0.0054667500868288395,0.21656151294467696,12,6.958085196694474,0.7554176077856166,2026-08-06T13:25:00+05:30,214.1,-0.4399999999999977,CLOSED,0.0,SILVERBEES-EQ
SELL,2026-08-06T13:25:00+05:30,214.1,-2.2762569898814907e-05,0.0785988408170151,13,0.05288025737846377,0.690969960833995,2026-08-06T13:26:00+05:30,214.29,0.18999999999999773,CLOSED,1.0,SILVERBEES-EQ
BUY,2026-08-06T13:26:00+05:30,214.29,0.0018710903416789798,0.07273238618387873,13,0.433240679263703,0.4390296264491198,,,,OPEN,,SILVERBEES-EQ
SELL,2026-06-24T14:26:00+05:30,40.15,-0.014791938077872574,0.0177638834592981,14,-0.15612746690084017,0.5354713251527442,2026-06-25T13:40:00+05:30,40.22,0.07000000000000028,CLOSED,1.0,SAGILITY-EQ
BUY,2026-06-25T13:40:00+05:30,40.22,0.002424835888994607,0.07273238618387198,13,11.533428823596951,0.40043119557931867,2026-06-29T09:24:00+05:30,39.9,-0.3200000000000003,CLOSED,0.0,SAGILITY-EQ
SELL,2026-06-29T09:24:00+05:30,39.9,-0.026062344598433748,0.14690889088895262,9,-0.5812170301292576,0.9244618820578477,2026-06-30T09:16:00+05:30,39.45,-0.44999999999999574,CLOSED,0.0,SAGILITY-EQ
BUY,2026-06-30T09:16:00+05:30,39.45,0.0003107819944757063,0.04880801391392782,9,-0.15404260043840284,1.317490179411296,2026-06-30T09:18:00+05:30,39.36,-0.09000000000000341,CLOSED,0.0,SAGILITY-EQ
SELL,2026-06-30T09:18:00+05:30,39.36,-0.005532965034514004,0.059151406482761584,9,0.5650469585068097,1.1496607204687408,2026-06-30T11:21:00+05:30,39.45,0.09000000000000341,CLOSED,1.0,SAGILITY-EQ
BUY,2026-06-30T11:21:00+05:30,39.45,0.005152318309909333,0.06573515886579429,11,0.9574706828249056,0.5959426100498683,2026-06-30T15:14:00+05:30,39.51,0.05999999999999517,CLOSED,1.0,SAGILITY-EQ
SELL,2026-06-30T15:14:00+05:30,39.51,-0.011243346446153239,0.010327955589887602,15,0.32336134246970405,1.3708338357930672,2026-07-01T09:59:00+05:30,39.72,0.21000000000000085,CLOSED,1.0,SAGILITY-EQ
BUY,2026-07-01T09:59:00+05:30,39.72,0.008403979657596752,0.05967504596655956,9,0.6060183450381604,1.3656472356989489,2026-07-01T12:00:00+05:30,39.58,-0.14000000000000057,CLOSED,0.0,SAGILITY-EQ
SELL,2026-07-01T12:00:00+05:30,39.58,-0.018652062525945867,0.0382970843102525,12,-0.6697662922043094,0.46975416182733254,2026-07-01T13:24:00+05:30,39.79,0.21000000000000085,CLOSED,1.0,SAGILITY-EQ
BUY,2026-07-01T13:24:00+05:30,39.79,0.004492575116388673,0.02451756739791049,13,0.1624820009556162,0.46423475871307524,2026-07-01T14:50:00+05:30,39.67,-0.11999999999999744,CLOSED,0.0,SAGILITY-EQ
SELL,2026-07-01T14:50:00+05:30,39.67,-0.0004052576746290069,0.027568097504180572,14,-0.6732242433238207,0.13592972534578374,2026-07-02T09:16:00+05:30,40.19,0.519999999999996,CLOSED,1.0,SAGILITY-EQ
BUY,2026-07-02T09:16:00+05:30,40.19,0.005758581487285898,0.20640036606341264,9,0.6480832961740033,1.9394445286364,2026-07-02T13:37:00+05:30,41.07,0.8800000000000026,CLOSED,1.0,SAGILITY-EQ
SELL,2026-07-02T13:37:00+05:30,41.07,-0.0005565587171942288,0.013498971154211531,13,-0.8191100081748214,1.1612760039061345,2026-07-02T14:54:00+05:30,41.28,0.21000000000000085,CLOSED,1.0,SAGILITY-EQ
BUY,2026-07-02T14:54:00+05:30,41.28,0.0036069608523110947,0.05138093031466161,14,-0.5313998533419301,0.9292326439614764,2026-07-03T11:40:00+05:30,41.14,-0.14000000000000057,CLOSED,0.0,SAGILITY-EQ
SELL,2026-07-03T11:40:00+05:30,41.14,-0.007961317920555348,0.016865480854230997,11,-0.49614562355311653,0.8086850120600715,2026-07-07T13:24:00+05:30,40.32,-0.8200000000000003,CLOSED,0.0,SAGILITY-EQ
BUY,2026-07-07T13:24:00+05:30,40.32,0.011660408419563957,0.11852800887928866,13,1.2526757206222985,0.9860126132690525,2026-07-08T11:02:00+05:30,40.9,0.5799999999999983,CLOSED,1.0,SAGILITY-EQ
SELL,2026-07-08T11:02:00+05:30,40.9,-0.014261200232237124,0.05853773711604054,11,3.7136145171540758,2.3226051292368326,2026-07-08T11:57:00+05:30,41.23,0.3299999999999983,CLOSED,1.0,SAGILITY-EQ
BUY,2026-07-08T11:57:00+05:30,41.23,0.011770992664324116,0.115571045970288,11,3.0618732064446483,0.45686805750278275,2026-07-08T14:15:00+05:30,41.03,-0.19999999999999574,CLOSED,0.0,SAGILITY-EQ
SELL,2026-07-08T14:15:00+05:30,41.03,-0.006594880396476069,0.02529822128134812,14,-0.40329050192441096,0.8329950974119453,2026-07-09T10:02:00+05:30,41.18,0.14999999999999858,CLOSED,1.0,SAGILITY-EQ
BUY,2026-07-09T10:02:00+05:30,41.18,0.0067574176917940924,0.1450095782277084,10,3.731659457489108,0.848117693089944,2026-07-09T10:09:00+05:30,40.75,-0.4299999999999997,CLOSED,0.0,SAGILITY-EQ
SELL,2026-07-09T10:09:00+05:30,40.75,-0.007620025950297413,0.22858258901324843,10,0.19587714227068884,0.5706550816444454,2026-07-09T10:50:00+05:30,41.28,0.5300000000000011,CLOSED,1.0,SAGILITY-EQ
BUY,2026-07-09T10:50:00+05:30,41.28,0.025518393078093376,0.236605625931045,10,1.0951113010415185,0.5011542756089103,2026-07-09T13:01:00+05:30,41.01,-0.2700000000000031,CLOSED,0.0,SAGILITY-EQ
SELL,2026-07-09T13:01:00+05:30,41.01,-0.000389861208888406,0.02065591117977291,13,-0.14639550525588899,1.2766910787676524,2026-07-09T13:04:00+05:30,41.06,0.05000000000000426,CLOSED,1.0,SAGILITY-EQ
BUY,2026-07-09T13:04:00+05:30,41.06,0.0009008075094360278,0.023190036174568402,13,-0.49994181759823353,0.1648309028855104,2026-07-09T13:07:00+05:30,41.02,-0.03999999999999915,CLOSED,0.0,SAGILITY-EQ
SELL,2026-07-09T13:07:00+05:30,41.02,-0.0012921842461281318,0.025298221281347556,13,-0.7318538049862483,0.6207320404261131,2026-07-09T13:08:00+05:30,41.05,0.02999999999999403,CLOSED,1.0,SAGILITY-EQ
BUY,2026-07-09T13:08:00+05:30,41.05,0.00015060228138686905,0.02065591117977268,13,-0.7102899004889388,0.2923094768588331,2026-07-09T13:36:00+05:30,41.0,-0.04999999999999716,CLOSED,0.0,SAGILITY-EQ
SELL,2026-07-09T13:36:00+05:30,41.0,-0.0029505156499221277,0.015238839267549402,13,-0.5215691503791108,1.2165851619115189,2026-07-10T09:24:00+05:30,41.34,0.3400000000000034,CLOSED,1.0,SAGILITY-EQ
BUY,2026-07-10T09:24:00+05:30,41.34,0.027441762873588557,0.18142950880897812,9,-0.48008103899751714,0.8199634382479224,2026-07-13T10:50:00+05:30,42.19,0.8499999999999943,CLOSED,1.0,SAGILITY-EQ
SELL,2026-07-13T10:50:00+05:30,42.19,-0.0026873912414681136,0.04498147766951712,10,-0.6439895214349457,0.8198645413195806,2026-07-13T12:17:00+05:30,42.34,0.15000000000000568,CLOSED,1.0,SAGILITY-EQ
BUY,2026-07-13T12:17:00+05:30,42.34,0.00453324442553923,0.08907549856410855,12,1.499263705667821,0.2690908191353471,2026-07-13T12:20:00+05:30,42.1,-0.240000000000002,CLOSED,0.0,SAGILITY-EQ
SELL,2026-07-13T12:20:00+05:30,42.1,-0.0019792006767586183,0.09818350166906814,12,0.11609194512777286,2.2743854675022184,2026-07-13T13:41:00+05:30,42.2,0.10000000000000142,CLOSED,1.0,SAGILITY-EQ
BUY,2026-07-13T13:41:00+05:30,42.2,0.0005992915467654855,0.032727833889689924,13,0.1360823571583669,1.198737382150115,2026-07-13T15:07:00+05:30,42.03,-0.1700000000000017,CLOSED,0.0,SAGILITY-EQ
SELL,2026-07-13T15:07:00+05:30,42.03,-0.009649054193418159,0.04442221666388652,15,-0.21615002700547556,1.1945120870609702,2026-07-14T14:17:00+05:30,41.85,-0.17999999999999972,CLOSED,0.0,SAGILITY-EQ
BUY,2026-07-14T14:17:00+05:30,41.85,0.0004562251495639501,0.08720346578229807,14,-0.9118670811871776,1.1997959253669914,2026-07-15T09:18:00+05:30,41.61,-0.240000000000002,CLOSED,0.0,SAGILITY-EQ
SELL,2026-07-15T09:18:00+05:30,41.61,-0.006456773402523074,0.09554521907918216,9,1.1834765227079742,1.0344268303143251,2026-07-15T09:31:00+05:30,41.98,0.36999999999999744,CLOSED,1.0,SAGILITY-EQ
BUY,2026-07-15T09:31:00+05:30,41.98,0.0034926068259198834,0.08488554385497843,9,0.19968479959064533,1.8767534289276808,2026-07-15T13:14:00+05:30,42.23,0.25,CLOSED,1.0,SAGILITY-EQ
SELL,2026-07-15T13:14:00+05:30,42.23,-0.0020346939185179286,0.04794672969962527,13,0.5372333942308627,0.8053199080313962,2026-07-15T13:19:00+05:30,42.4,0.1700000000000017,CLOSED,1.0,SAGILITY-EQ
BUY,2026-07-15T13:19:00+05:30,42.4,0.002690588361800634,0.04967673276069759,13,0.9560572424801765,1.498740968921945,2026-07-15T14:31:00+05:30,42.3,-0.10000000000000142,CLOSED,0.0,SAGILITY-EQ
SELL,2026-07-15T14:31:00+05:30,42.3,-9.667950276977875e-05,0.03921450978627468,14,-0.47690418783034527,1.8145195617011443,2026-07-17T09:26:00+05:30,41.77,-0.529999999999994,CLOSED,0.0,SAGILITY-EQ
BUY,2026-07-17T09:26:00+05:30,41.77,0.01510589115209725,0.20902950349970614,9,0.2584004251516182,0.6869888843960686,2026-07-17T09:39:00+05:30,41.1,-0.6700000000000017,CLOSED,0.0,SAGILITY-EQ
SELL,2026-07-17T09:39:00+05:30,41.1,-0.028744064975965322,0.3452277830972228,9,0.4290729851746684,0.906014612540194,2026-07-17T12:47:00+05:30,41.19,0.0899999999999963,CLOSED,1.0,SAGILITY-EQ
BUY,2026-07-17T12:47:00+05:30,41.19,0.003916984558825594,0.053291650377896946,12,0.4360746371682215,0.8644614083020273,2026-07-20T11:03:00+05:30,41.25,0.060000000000002274,CLOSED,1.0,SAGILITY-EQ
SELL,2026-07-20T11:03:00+05:30,41.25,-0.0075587458187493526,0.08646772037394522,11,13.200004948983883,1.8092060536967505,2026-07-20T13:26:00+05:30,41.37,0.11999999999999744,CLOSED,1.0,SAGILITY-EQ
BUY,2026-07-20T13:26:00+05:30,41.37,0.00037423334696418033,0.0063245553203355,13,-0.07064648578308445,1.207714298089834,2026-07-21T09:19:00+05:30,41.18,-0.18999999999999773,CLOSED,0.0,SAGILITY-EQ
SELL,2026-07-21T09:19:00+05:30,41.18,-0.005664989376726977,0.11886500279261719,9,2.891531193187891,1.3037337862088207,2026-07-21T09:36:00+05:30,41.49,0.3100000000000023,CLOSED,1.0,SAGILITY-EQ
BUY,2026-07-21T09:36:00+05:30,41.49,0.010425925455515553,0.14546477236774522,9,1.370893762163219,0.7030156782220907,2026-07-21T09:38:00+05:30,41.27,-0.21999999999999886,CLOSED,0.0,SAGILITY-EQ
SELL,2026-07-21T09:38:00+05:30,41.27,-0.00572465039316662,0.12664912159190056,9,0.5603454994686345,1.2386510881733321,2026-07-21T12:13:00+05:30,41.18,-0.09000000000000341,CLOSED,0.0,SAGILITY-EQ
BUY,2026-07-21T12:13:00+05:30,41.18,0.001781368770411735,0.02057506581601494,12,-0.15589600855182878,1.4470226567505886,2026-07-22T09:43:00+05:30,41.08,-0.10000000000000142,CLOSED,0.0,SAGILITY-EQ
SELL,2026-07-22T09:43:00+05:30,41.08,-0.006286996010265833,0.11096045341572063,9,-0.020628136422585545,0.6320546699567114,2026-07-22T10:09:00+05:30,41.8,0.7199999999999989,CLOSED,1.0,SAGILITY-EQ
BUY,2026-07-22T10:09:00+05:30,41.8,0.019113088298139708,0.24106476769163632,10,0.9517096474591457,0.7602917016108436,2026-07-22T10:34:00+05:30,41.31,-0.4899999999999949,CLOSED,0.0,SAGILITY-EQ
SELL,2026-07-22T10:34:00+05:30,41.31,-6.879035398053989e-05,0.04532597979574725,10,-0.6695597915834635,0.7602128485117233,2026-07-23T09:21:00+05:30,41.41,0.09999999999999432,CLOSED,1.0,SAGILITY-EQ
BUY,2026-07-23T09:21:00+05:30,41.41,0.008046612921222251,0.21712515592011292,9,2.384074155692797,0.4361651200338105,2026-07-23T12:36:00+05:30,41.66,0.25,CLOSED,1.0,SAGILITY-EQ
SELL,2026-07-23T12:36:00+05:30,41.66,-0.0024533781928602586,0.05793674711844456,12,0.8694674260174192,0.1801959473721241,2026-07-27T09:18:00+05:30,40.9,-0.759999999999998,CLOSED,0.0,SAGILITY-EQ
BUY,2026-07-27T09:18:00+05:30,40.9,0.042328283964263635,0.19697997642174608,9,1.5395135191378004,0.9728298174601202,2026-07-28T12:59:00+05:30,43.53,2.6300000000000026,CLOSED,1.0,SAGILITY-EQ
SELL,2026-07-28T12:59:00+05:30,43.53,-0.0009300437359119503,0.05762908216439957,12,-0.31221883153592755,0.9508330085603791,2026-07-29T09:50:00+05:30,44.09,0.5600000000000023,CLOSED,1.0,SAGILITY-EQ
BUY,2026-07-29T09:50:00+05:30,44.09,0.05686249743525572,0.29027955873988426,9,1.5044202274704792,0.5114482592398847,2026-07-31T09:34:00+05:30,45.15,1.0599999999999952,CLOSED,1.0,SAGILITY-EQ
SELL,2026-07-31T09:34:00+05:30,45.15,-0.01776412878664449,0.04417138339593972,9,-0.14663663034296,0.903421531913152,2026-08-03T09:37:00+05:30,44.24,-0.9099999999999966,CLOSED,0.0,SAGILITY-EQ
BUY,2026-08-03T09:37:00+05:30,44.24,0.03190653444412629,0.12386820953470323,9,0.04420274156973212,1.067814280234133,2026-08-03T11:30:00+05:30,43.88,-0.35999999999999943,CLOSED,0.0,SAGILITY-EQ
SELL,2026-08-03T11:30:00+05:30,43.88,-0.0068018619949023525,0.023593784492248575,11,-0.5741046386284768,1.2256281233547095,2026-08-03T11:34:00+05:30,43.98,0.09999999999999432,CLOSED,1.0,SAGILITY-EQ
BUY,2026-08-03T11:34:00+05:30,43.98,0.0013565244061851038,0.0474809903481844,11,0.6489761444135689,1.7377958278523453,2026-08-03T13:03:00+05:30,43.85,-0.12999999999999545,CLOSED,0.0,SAGILITY-EQ
SELL,2026-08-03T13:03:00+05:30,43.85,-0.010527360516164208,0.0487738545625515,13,-0.6081650570485336,1.9696072468871035,2026-08-04T09:28:00+05:30,44.06,0.21000000000000085,CLOSED,1.0,SAGILITY-EQ
BUY,2026-08-04T09:28:00+05:30,44.06,0.0016503993179686402,0.16459040069214237,9,1.599632979394422,1.42257255730464,2026-08-04T15:10:00+05:30,44.12,0.05999999999999517,CLOSED,1.0,SAGILITY-EQ
SELL,2026-08-04T15:10:00+05:30,44.12,-0.0005095065803517202,0.04196559437338059,15,0.03356803724107698,0.4813712562320015,2026-08-05T09:21:00+05:30,44.44,0.3200000000000003,CLOSED,1.0,SAGILITY-EQ
BUY,2026-08-05T09:21:00+05:30,44.44,0.00034311467918286636,0.1493727626517701,9,0.4305594864371289,0.4215817860121717,2026-08-05T09:37:00+05:30,43.97,-0.46999999999999886,CLOSED,0.0,SAGILITY-EQ
SELL,2026-08-05T09:37:00+05:30,43.97,-0.0011052211693869422,0.14329844536646102,9,0.2752390981005109,0.9287893543268478,2026-08-05T11:17:00+05:30,44.31,0.3400000000000034,CLOSED,1.0,SAGILITY-EQ
BUY,2026-08-05T11:17:00+05:30,44.31,0.0017610800460847562,0.09879833556852574,11,2.884455462025834,1.9348470016907997,2026-08-05T12:31:00+05:30,44.08,-0.23000000000000398,CLOSED,0.0,SAGILITY-EQ
SELL,2026-08-05T12:31:00+05:30,44.08,-0.004796389032844319,0.018737959096738893,12,0.041323871972657925,1.3177562842660597,2026-08-06T09:46:00+05:30,44.08,0.0,CLOSED,0.0,SAGILITY-EQ
BUY,2026-08-06T09:46:00+05:30,44.08,3.8675251102099486e-05,0.030349812373573586,9,-0.35800125520653014,0.7289064291490157,2026-08-06T11:29:00+05:30,44.08,0.0,CLOSED,0.0,SAGILITY-EQ
SELL,2026-08-06T11:29:00+05:30,44.08,-0.0021951971411390456,0.01567021236472598,11,-0.526442024115989,1.3764114911989371,2026-08-07T13:59:00+05:30,43.51,-0.5700000000000003,CLOSED,0.0,SAGILITY-EQ
BUY,2026-08-07T13:59:00+05:30,43.51,0.0016824015792753183,0.03259175083088158,13,9.965006409905808,2.2746014812789297,,,,OPEN,,SAGILITY-EQ
SELL,2026-06-24T15:07:00+05:30,108.75,-0.0015684471615515887,0.049676732760696334,15,-0.5288475037611498,1.7724534412955466,2026-06-25T09:45:00+05:30,109.55,0.7999999999999972,CLOSED,1.0,NBCC-EQ
BUY,2026-06-25T09:45:00+05:30,109.55,0.0012599670201236624,0.8211435116145429,9,-0.20290997300391878,0.8089360675441245,2026-06-25T10:29:00+05:30,108.75,-0.7999999999999972,CLOSED,0.0,NBCC-EQ
SELL,2026-06-25T10:29:00+05:30,108.75,-0.0013532048544110554,0.14439144326755918,10,0.20278085136418403,1.9240783170172882,2026-06-30T10:08:00+05:30,105.04,-3.7099999999999937,CLOSED,0.0,NBCC-EQ
BUY,2026-06-30T10:08:00+05:30,105.04,0.0007846057357728486,0.09944289260117617,10,0.3371057668022713,0.23963778939507094,2026-06-30T10:09:00+05:30,104.94,-0.10000000000000853,CLOSED,0.0,NBCC-EQ
SELL,2026-06-30T10:09:00+05:30,104.94,-5.770538992859054e-05,0.0883490552046582,10,0.14463719284367366,0.7947599411288933,2026-06-30T10:10:00+05:30,104.97,0.030000000000001137,CLOSED,1.0,NBCC-EQ
BUY,2026-06-30T10:10:00+05:30,104.97,0.0003397191072644237,0.070111023067386,10,-0.47877309919911265,1.5162920296937055,2026-06-30T10:22:00+05:30,104.4,-0.5699999999999932,CLOSED,0.0,NBCC-EQ
SELL,2026-06-30T10:22:00+05:30,104.4,-0.017822983851749234,0.11855144218627064,10,0.5131590593549435,2.1308654492985344,2026-06-30T10:47:00+05:30,105.19,0.789999999999992,CLOSED,1.0,NBCC-EQ
BUY,2026-06-30T10:47:00+05:30,105.19,0.004563879701005432,0.05577733510227307,10,4.699602895421723,2.3213319672131147,2026-06-30T14:33:00+05:30,105.0,-0.18999999999999773,CLOSED,0.0,NBCC-EQ
SELL,2026-06-30T14:33:00+05:30,105.0,-0.01837465457050084,0.08056053624449412,14,0.9994239631088258,2.20305064624127,2026-07-01T11:30:00+05:30,105.35,0.3499999999999943,CLOSED,1.0,NBCC-EQ
BUY,2026-07-01T11:30:00+05:30,105.35,0.0029307136703683252,0.23168225367228018,11,0.570905433614936,1.6527948781088402,2026-07-01T11:45:00+05:30,104.74,-0.6099999999999994,CLOSED,0.0,NBCC-EQ
SELL,2026-07-01T11:45:00+05:30,104.74,-0.002962272142311685,0.10932113753118138,11,-0.4285094957967238,0.9610854549568134,2026-07-01T14:15:00+05:30,104.68,-0.05999999999998806,CLOSED,0.0,NBCC-EQ
BUY,2026-07-01T14:15:00+05:30,104.68,0.0018012247524137061,0.05189733454940952,14,-0.7124974565290157,0.9279102026950515,2026-07-01T14:25:00+05:30,104.5,-0.18000000000000682,CLOSED,0.0,NBCC-EQ
SELL,2026-07-01T14:25:00+05:30,104.5,-0.0017257762807658535,0.05743595467030274,14,0.8744406645064127,0.02362735426346665,2026-07-02T15:10:00+05:30,103.18,-1.3199999999999932,CLOSED,0.0,NBCC-EQ
BUY,2026-07-02T15:10:00+05:30,103.18,0.005049982493392966,0.0751590905272875,15,-0.09709243374857057,1.2379734733519485,2026-07-02T15:25:00+05:30,102.86,-0.3200000000000074,CLOSED,0.0,NBCC-EQ
SELL,2026-07-02T15:25:00+05:30,102.86,-0.002891187728337066,0.0880403947691689,15,0.46007191278615533,1.0424700548626669,2026-07-03T09:15:00+05:30,103.85,0.9899999999999949,CLOSED,1.0,NBCC-EQ
BUY,2026-07-03T09:15:00+05:30,103.85,0.011365721094347489,0.0781807023645994,9,0.020417379645766825,1.3098675066212113,2026-07-03T09:58:00+05:30,102.93,-0.9199999999999875,CLOSED,0.0,NBCC-EQ
SELL,2026-07-03T09:58:00+05:30,102.93,-0.00016987123537570508,0.056381636096243436,9,-0.5611333276439713,1.2463648701046919,2026-07-03T10:04:00+05:30,103.55,0.6199999999999903,CLOSED,1.0,NBCC-EQ
BUY,2026-07-03T10:04:00+05:30,103.55,0.015091944545116542,0.11951754868823278,10,0.1390121777746793,1.0237547352082406,2026-07-03T11:34:00+05:30,102.98,-0.5699999999999932,CLOSED,0.0,NBCC-EQ
SELL,2026-07-03T11:34:00+05:30,102.98,-0.008045416634148745,0.13936363306911273,11,2.7671554053947633,1.4264488021248805,2026-07-07T14:01:00+05:30,98.9,-4.079999999999998,CLOSED,0.0,NBCC-EQ
BUY,2026-07-07T14:01:00+05:30,98.9,5.207472953961073e-05,0.07109461614246698,14,0.2060276600682687,1.3635640519149952,2026-07-07T15:16:00+05:30,98.58,-0.3200000000000074,CLOSED,0.0,NBCC-EQ
SELL,2026-07-07T15:16:00+05:30,98.58,-0.0024421367370519344,0.06545566777937928,15,0.11999189585574675,1.6677595875542692,2026-07-08T13:03:00+05:30,97.76,-0.8199999999999932,CLOSED,0.0,NBCC-EQ
BUY,2026-07-08T13:03:00+05:30,97.76,0.005771997690727985,0.06733003292241406,13,-0.039838003136639634,1.0110721356632522,2026-07-08T13:53:00+05:30,97.04,-0.7199999999999989,CLOSED,0.0,NBCC-EQ
SELL,2026-07-08T13:53:00+05:30,97.04,-0.023056078555762735,0.26734081452541486,13,1.0410396979585674,0.7512436358430824,2026-07-09T09:54:00+05:30,96.4,-0.6400000000000006,CLOSED,0.0,NBCC-EQ
BUY,2026-07-09T09:54:00+05:30,96.4,0.005998996563077554,0.042998707990924534,9,0.25894552356333556,0.7019649071925754,2026-07-09T10:28:00+05:30,95.81,-0.5900000000000034,CLOSED,0.0,NBCC-EQ
SELL,2026-07-09T10:28:00+05:30,95.81,-0.008278534504328652,0.17899720668211772,10,1.4772965312379214,0.4473500957497078,2026-07-09T12:18:00+05:30,96.39,0.5799999999999983,CLOSED,1.0,NBCC-EQ
BUY,2026-07-09T12:18:00+05:30,96.39,0.008881081521094987,0.12299954832798811,12,3.8272188500680056,0.7134870872977594,2026-07-14T09:23:00+05:30,100.33,3.9399999999999977,CLOSED,1.0,NBCC-EQ
SELL,2026-07-14T09:23:00+05:30,100.33,-0.024699489591518367,0.5091125175789297,9,0.06427794552380528,0.4589361509812639,2026-07-15T09:27:00+05:30,99.0,-1.3299999999999983,CLOSED,0.0,NBCC-EQ
BUY,2026-07-15T09:27:00+05:30,99.0,0.001269663208168953,0.0920688148433906,9,-0.5081526767182765,0.8640505319549154,2026-07-15T11:56:00+05:30,98.82,-0.18000000000000682,CLOSED,0.0,NBCC-EQ
SELL,2026-07-15T11:56:00+05:30,98.82,-0.006064278138163265,0.051596726855704336,11,-0.12081771068220361,0.6776633889281252,2026-07-16T15:10:00+05:30,97.3,-1.519999999999996,CLOSED,0.0,NBCC-EQ
BUY,2026-07-16T15:10:00+05:30,97.3,0.0014915520400746055,0.07866242926440564,15,0.7059061488393177,0.5468412169230984,2026-07-16T15:17:00+05:30,97.19,-0.10999999999999943,CLOSED,0.0,NBCC-EQ
SELL,2026-07-16T15:17:00+05:30,97.19,-0.0026518797163226212,0.04402019738458612,15,-0.5418909665987306,1.376737833554522,2026-07-16T15:21:00+05:30,97.28,0.09000000000000341,CLOSED,1.0,NBCC-EQ
BUY,2026-07-16T15:21:00+05:30,97.28,0.00020535511663697593,0.03794733192202141,15,1.2010330274549854,0.8130681649936337,2026-07-17T09:15:00+05:30,96.89,-0.39000000000000057,CLOSED,0.0,NBCC-EQ
SELL,2026-07-17T09:15:00+05:30,96.89,-0.00864908260083261,0.024244128727956626,9,0.5545461328783301,0.9979839919359677,2026-07-17T09:35:00+05:30,98.31,1.4200000000000017,CLOSED,1.0,NBCC-EQ
BUY,2026-07-17T09:35:00+05:30,98.31,0.027513384917412436,0.5861181147554154,9,1.8319665455593925,1.5670736178588838,2026-07-17T11:30:00+05:30,97.38,-0.9300000000000068,CLOSED,0.0,NBCC-EQ
SELL,2026-07-17T11:30:00+05:30,97.38,-0.000578014412192386,0.040345728123033914,11,-0.046303604304502366,0.3139080459770115,2026-07-17T11:55:00+05:30,97.9,0.5200000000000102,CLOSED,1.0,NBCC-EQ
BUY,2026-07-17T11:55:00+05:30,97.9,0.0023367388076477773,0.15011477090694492,11,-0.3370327078084154,0.6820626575349441,2026-07-17T12:02:00+05:30,97.44,-0.46000000000000796,CLOSED,0.0,NBCC-EQ
SELL,2026-07-17T12:02:00+05:30,97.44,-0.0035260406866607394,0.1471054043874674,12,-0.09206097608253778,1.9203351473678538,2026-07-17T14:13:00+05:30,97.44,0.0,CLOSED,0.0,NBCC-EQ
BUY,2026-07-17T14:13:00+05:30,97.44,0.002473863521259846,0.0418462795372676,14,0.2533166457619674,1.440768638192245,2026-07-17T14:45:00+05:30,97.15,-0.28999999999999204,CLOSED,0.0,NBCC-EQ
SELL,2026-07-17T14:45:00+05:30,97.15,-0.0026054573391488126,0.05478239782184903,14,-0.1615139150238656,1.6990828836135634,2026-07-17T14:50:00+05:30,97.49,0.3399999999999892,CLOSED,1.0,NBCC-EQ
BUY,2026-07-17T14:50:00+05:30,97.49,0.00042795608026381866,0.06783149055645928,14,0.8013538383502273,2.115341322342673,2026-07-17T15:21:00+05:30,97.15,-0.3399999999999892,CLOSED,0.0,NBCC-EQ
SELL,2026-07-17T15:21:00+05:30,97.15,-0.00044612374269349496,0.14064928802600452,15,-0.15448598790105392,0.39110440118552325,2026-07-20T10:26:00+05:30,97.5,0.3499999999999943,CLOSED,1.0,NBCC-EQ
BUY,2026-07-20T10:26:00+05:30,97.5,0.0035613174071740684,0.06696599468718778,10,0.5908905716158634,1.3085934050407109,2026-07-20T11:37:00+05:30,97.14,-0.35999999999999943,CLOSED,0.0,NBCC-EQ
SELL,2026-07-20T11:37:00+05:30,97.14,-0.006290717474351732,0.054812812776252405,11,3.0390753257243466,1.8787701412939206,2026-07-20T13:18:00+05:30,97.52,0.37999999999999545,CLOSED,1.0,NBCC-EQ
BUY,2026-07-20T13:18:00+05:30,97.52,0.011949434210561057,0.14208369990177416,13,6.247622476135583,0.43751304710876066,2026-07-21T09:56:00+05:30,97.5,-0.01999999999999602,CLOSED,0.0,NBCC-EQ
SELL,2026-07-21T09:56:00+05:30,97.5,-0.002709601387596389,0.03689323936862878,9,-0.014190508565130463,1.3306548621469472,2026-07-23T11:08:00+05:30,94.82,-2.680000000000007,CLOSED,0.0,NBCC-EQ
BUY,2026-07-23T11:08:00+05:30,94.82,0.0064516754892099655,0.11165422816296376,11,3.1584689246254376,1.1265482581894921,2026-07-23T11:54:00+05:30,94.19,-0.6299999999999955,CLOSED,0.0,NBCC-EQ
SELL,2026-07-23T11:54:00+05:30,94.19,-0.00575626437168396,0.15012587311245476,11,0.11661276199304774,1.7030597385139785,2026-07-24T11:57:00+05:30,93.0,-1.1899999999999977,CLOSED,0.0,NBCC-EQ
BUY,2026-07-24T11:57:00+05:30,93.0,0.0046005570338555745,0.1394274004634678,11,1.847116454355511,1.355574560090139,2026-07-27T13:37:00+05:30,94.73,1.730000000000004,CLOSED,1.0,NBCC-EQ
SELL,2026-07-27T13:37:00+05:30,94.73,-0.0021564864182535776,0.08924996109554008,13,2.3925898197196886,1.2696399022929634,2026-07-27T14:29:00+05:30,95.02,0.28999999999999204,CLOSED,1.0,NBCC-EQ
BUY,2026-07-27T14:29:00+05:30,95.02,0.005123011289880052,0.04898979485566349,14,-0.6920412837229875,1.0596352883193692,2026-07-28T09:15:00+05:30,94.38,-0.6400000000000006,CLOSED,0.0,NBCC-EQ
SELL,2026-07-28T09:15:00+05:30,94.38,-0.001984663864805263,0.048773854562552114,9,0.43174699729396143,0.39935365770977876,2026-07-28T10:51:00+05:30,95.01,0.6300000000000097,CLOSED,1.0,NBCC-EQ
BUY,2026-07-28T10:51:00+05:30,95.01,0.006840788867601566,0.1376953158244672,10,-0.10325946850542161,0.18564707216144208,2026-07-28T12:12:00+05:30,94.76,-0.25,CLOSED,0.0,NBCC-EQ
SELL,2026-07-28T12:12:00+05:30,94.76,-0.0026434209939333797,0.03373096170846499,12,1.3495747193855756,1.393423954737246,2026-07-28T13:07:00+05:30,95.05,0.28999999999999204,CLOSED,1.0,NBCC-EQ
BUY,2026-07-28T13:07:00+05:30,95.05,0.0018906865409746654,0.056015870766935344,13,-0.18192137029668737,0.8605575176589304,2026-07-28T13:16:00+05:30,94.78,-0.269999999999996,CLOSED,0.0,NBCC-EQ
SELL,2026-07-28T13:16:00+05:30,94.78,-0.002971240908788297,0.11441153787970877,13,-0.510221291655019,1.9099180668526985,2026-07-28T13:25:00+05:30,94.98,0.20000000000000284,CLOSED,1.0,NBCC-EQ
BUY,2026-07-28T13:25:00+05:30,94.98,0.0010211226320687378,0.10141224997230308,13,3.6274352639866105,1.0604940245413486,2026-07-28T13:50:00+05:30,94.73,-0.25,CLOSED,0.0,NBCC-EQ
SELL,2026-07-28T13:50:00+05:30,94.73,-0.005115390820494749,0.04589843860815569,13,0.4999622041537601,1.5965957768482588,2026-07-28T13:52:00+05:30,95.0,0.269999999999996,CLOSED,1.0,NBCC-EQ
BUY,2026-07-28T13:52:00+05:30,95.0,0.006113196197679558,0.07411702458499803,13,0.5348795664193171,1.25358860955928,2026-07-28T14:13:00+05:30,94.59,-0.4099999999999966,CLOSED,0.0,NBCC-EQ
SELL,2026-07-28T14:13:00+05:30,94.59,-0.005847652933783823,0.1102320784123719,14,5.470895237053162,1.6302152936813044,2026-07-29T09:27:00+05:30,94.85,0.2599999999999909,CLOSED,1.0,NBCC-EQ
BUY,2026-07-29T09:27:00+05:30,94.85,0.003417927698279008,0.1300598152987915,9,-0.6016778724861719,0.6044735817540158,2026-07-29T09:29:00+05:30,94.64,-0.20999999999999375,CLOSED,0.0,NBCC-EQ
SELL,2026-07-29T09:29:00+05:30,94.64,-0.0005867292332135891,0.13408123574079336,9,-0.5936701534360721,0.817229189827682,2026-07-29T09:30:00+05:30,94.85,0.20999999999999375,CLOSED,1.0,NBCC-EQ
BUY,2026-07-29T09:30:00+05:30,94.85,0.0046856883663096704,0.14843255108709325,9,-0.708836964599712,0.8260802503139942,2026-07-29T10:24:00+05:30,94.54,-0.30999999999998806,CLOSED,0.0,NBCC-EQ
SELL,2026-07-29T10:24:00+05:30,94.54,-0.0008258684315746265,0.046773686809759886,10,-0.059262621670038,1.1959173279004933,2026-07-29T12:11:00+05:30,94.78,0.23999999999999488,CLOSED,1.0,NBCC-EQ
BUY,2026-07-29T12:11:00+05:30,94.78,0.0009364430557216213,0.02923088169119172,12,-0.4994880068731982,1.3650030998140112,2026-07-29T15:01:00+05:30,94.65,-0.12999999999999545,CLOSED,0.0,NBCC-EQ
SELL,2026-07-29T15:01:00+05:30,94.65,-0.00047326940638794994,0.03590109871422948,15,4.695977940209802,2.0138961968303413,2026-07-31T09:15:00+05:30,93.92,-0.730000000000004,CLOSED,0.0,NBCC-EQ
BUY,2026-07-31T09:15:00+05:30,93.92,0.014861180246341548,0.06219146064997838,9,0.20192031175128908,0.8964496030157133,2026-07-31T15:13:00+05:30,94.81,0.8900000000000006,CLOSED,1.0,NBCC-EQ
SELL,2026-07-31T15:13:00+05:30,94.81,-0.001302069380201598,0.046439925351648835,15,0.43549394277285536,1.6712197668348703,2026-08-03T09:19:00+05:30,95.81,1.0,CLOSED,1.0,NBCC-EQ
BUY,2026-08-03T09:19:00+05:30,95.81,0.0163758785735167,0.4037449690089025,9,0.5295173910183415,0.8466011560116101,2026-08-03T12:52:00+05:30,95.72,-0.09000000000000341,CLOSED,0.0,NBCC-EQ
SELL,2026-08-03T12:52:00+05:30,95.72,-0.00147716667825988,0.019888578520236982,12,0.5485758126621808,0.28735988109246297,2026-08-04T09:49:00+05:30,95.94,0.21999999999999886,CLOSED,1.0,NBCC-EQ
BUY,2026-08-04T09:49:00+05:30,95.94,0.0033144450962303076,0.07435649863252694,9,0.10781747985036723,0.14703302614960004,2026-08-04T10:35:00+05:30,95.57,-0.37000000000000455,CLOSED,0.0,NBCC-EQ
SELL,2026-08-04T10:35:00+05:30,95.57,-0.003404124466858448,0.04857983120596372,10,-0.31804907375969527,1.6656695425824464,2026-08-05T09:19:00+05:30,96.01,0.44000000000001194,CLOSED,1.0,NBCC-EQ
BUY,2026-08-05T09:19:00+05:30,96.01,0.011334868281680666,0.5371540230180208,9,1.1574068854581223,1.2620510870290969,2026-08-05T12:34:00+05:30,95.49,-0.5200000000000102,CLOSED,0.0,NBCC-EQ
SELL,2026-08-05T12:34:00+05:30,95.49,-0.004832478058910868,0.12281874630708758,12,9.370597458516114,0.18553465605191877,2026-08-05T14:58:00+05:30,95.95,0.46000000000000796,CLOSED,1.0,NBCC-EQ
BUY,2026-08-05T14:58:00+05:30,95.95,0.015308150746573426,0.26570869596441604,14,21.5371823924822,1.6525481081901945,2026-08-06T15:06:00+05:30,96.13,0.1799999999999926,CLOSED,1.0,NBCC-EQ
SELL,2026-08-06T15:06:00+05:30,96.13,-0.007402434026525276,0.05573747990954223,15,0.21164070919886419,1.3288974065052301,,,,OPEN,,NBCC-EQ
SELL,2026-06-30T14:58:00+05:30,34.48,-0.005518246846296281,0.2295623856142132,14,2.9114361032321474,0.39300387449410645,2026-06-30T15:07:00+05:30,34.66,0.17999999999999972,CLOSED,1.0,VISL-EQ
BUY,2026-06-30T15:07:00+05:30,34.66,0.00163379518053901,0.08047774019358837,15,0.12320352177783092,0.8903597474385171,2026-06-30T15:08:00+05:30,34.56,-0.09999999999999432,CLOSED,0.0,VISL-EQ
SELL,2026-06-30T15:08:00+05:30,34.56,-0.000700934716622921,0.06947421584060307,15,-0.02128162789769319,0.9169426295533877,2026-06-30T15:09:00+05:30,34.59,0.030000000000001137,CLOSED,1.0,VISL-EQ
BUY,2026-06-30T15:09:00+05:30,34.59,0.0007147969822148653,0.06275171533733367,15,-0.1408103131836676,0.984605356393481,2026-07-03T09:54:00+05:30,41.2,6.609999999999999,CLOSED,1.0,VISL-EQ
SELL,2026-07-03T09:54:00+05:30,41.2,-0.028985289548895912,0.3689685322324627,9,-0.4588036470448076,1.066879654140505,2026-07-03T10:57:00+05:30,43.15,1.9499999999999957,CLOSED,1.0,VISL-EQ
BUY,2026-07-03T10:57:00+05:30,43.15,0.002363950615833864,0.3101540835706605,10,-0.36455900793764673,1.1936659516978319,2026-07-03T11:53:00+05:30,41.98,-1.1700000000000017,CLOSED,0.0,VISL-EQ
SELL,2026-07-03T11:53:00+05:30,41.98,-0.027673047524455898,0.15440207252495106,11,1.2436676518971141,1.817579203147235,2026-07-09T13:32:00+05:30,33.86,-8.119999999999997,CLOSED,0.0,VISL-EQ
BUY,2026-07-09T13:32:00+05:30,33.86,0.014548651309991204,0.07426678635538021,13,-0.5595216473400512,0.8629482017887541,2026-07-09T14:18:00+05:30,33.25,-0.6099999999999994,CLOSED,0.0,VISL-EQ
SELL,2026-07-09T14:18:00+05:30,33.25,-0.021912948882553168,0.07495183638696208,14,1.030314866230598,1.1152995510316719,2026-07-10T09:22:00+05:30,34.45,1.2000000000000028,CLOSED,1.0,VISL-EQ
BUY,2026-07-10T09:22:00+05:30,34.45,0.1315929199712828,0.47230051638525394,9,0.4928518002213939,1.1934787554729003,2026-07-14T09:33:00+05:30,35.77,1.3200000000000003,CLOSED,1.0,VISL-EQ
SELL,2026-07-14T09:33:00+05:30,35.77,-0.01425390287123494,0.2468827882034529,9,-0.5993756998306737,0.8811131264863004,2026-07-14T10:30:00+05:30,36.65,0.8799999999999955,CLOSED,1.0,VISL-EQ
BUY,2026-07-14T10:30:00+05:30,36.65,0.004087190463514088,0.18428540666886986,10,1.9385723835547848,0.7770609001904184,2026-07-14T10:52:00+05:30,36.05,-0.6000000000000014,CLOSED,0.0,VISL-EQ
SELL,2026-07-14T10:52:00+05:30,36.05,-0.0044386455816624775,0.11951754868823407,10,0.7736015468022603,1.9775800086955482,2026-07-14T11:55:00+05:30,36.36,0.3100000000000023,CLOSED,1.0,VISL-EQ
BUY,2026-07-14T11:55:00+05:30,36.36,0.02438625101996411,0.09247221805013198,11,-0.4223534348624736,1.235702751467726,2026-07-14T12:30:00+05:30,36.04,-0.3200000000000003,CLOSED,0.0,VISL-EQ
SELL,2026-07-14T12:30:00+05:30,36.04,-0.007806408862506829,0.047480990348184246,12,0.36365017672042094,1.0885590462059946,2026-07-16T09:28:00+05:30,33.8,-2.240000000000002,CLOSED,0.0,VISL-EQ
BUY,2026-07-16T09:28:00+05:30,33.8,0.013948003254757247,0.09834180754445739,9,-0.360555499417848,0.5615038488052605,2026-07-17T09:21:00+05:30,34.02,0.22000000000000597,CLOSED,1.0,VISL-EQ
SELL,2026-07-17T09:21:00+05:30,34.02,-0.018506650091905576,0.3667287826173459,9,-0.2582613187931637,0.4691294933327714,2026-07-17T14:19:00+05:30,34.17,0.14999999999999858,CLOSED,1.0,VISL-EQ
BUY,2026-07-17T14:19:00+05:30,34.17,0.012165260390859503,0.11879019787470319,14,1.6984879568163744,1.0519811458884747,2026-07-20T09:26:00+05:30,33.61,-0.5600000000000023,CLOSED,0.0,VISL-EQ
SELL,2026-07-20T09:26:00+05:30,33.61,-0.005049400867492601,0.07336363010526543,9,-0.4624275985375711,1.4974278109322667,2026-07-20T14:10:00+05:30,33.0,-0.6099999999999994,CLOSED,0.0,VISL-EQ
BUY,2026-07-20T14:10:00+05:30,33.0,0.0018041256417678203,0.019692073983656078,14,0.4972955497039654,1.8740424788102916,2026-07-20T14:15:00+05:30,32.9,-0.10000000000000142,CLOSED,0.0,VISL-EQ
SELL,2026-07-20T14:15:00+05:30,32.9,-0.0037539340052170907,0.02718251071716591,14,4.796246345485705,0.1624324060632759,2026-07-20T15:06:00+05:30,33.0,0.10000000000000142,CLOSED,1.0,VISL-EQ
BUY,2026-07-20T15:06:00+05:30,33.0,0.006571057628206355,0.06729701991090596,15,-0.43821343287426034,0.3208564621938482,2026-07-20T15:13:00+05:30,32.9,-0.10000000000000142,CLOSED,0.0,VISL-EQ
SELL,2026-07-20T15:13:00+05:30,32.9,-0.002474083950110845,0.050826502273256656,15,-0.8034476169838465,1.67608497185075,2026-07-21T09:17:00+05:30,33.15,0.25,CLOSED,1.0,VISL-EQ
BUY,2026-07-21T09:17:00+05:30,33.15,0.015431592540919047,0.05873670062235507,9,0.48729656675807165,1.5181307319135526,2026-07-21T09:26:00+05:30,32.79,-0.35999999999999943,CLOSED,0.0,VISL-EQ
SELL,2026-07-21T09:26:00+05:30,32.79,-0.0039330187944107845,0.09704523572941548,9,-0.3414764222642841,0.80558103462419,2026-07-21T12:25:00+05:30,32.57,-0.21999999999999886,CLOSED,0.0,VISL-EQ
BUY,2026-07-21T12:25:00+05:30,32.57,0.005822778064850411,0.05081557066709185,12,-0.04356289200520593,0.8145073638293372,2026-07-21T15:14:00+05:30,32.5,-0.07000000000000028,CLOSED,0.0,VISL-EQ
SELL,2026-07-21T15:14:00+05:30,32.5,-1.5104957728822985e-05,0.03634709219609,15,0.07935389593315609,1.057799240867442,2026-07-23T09:29:00+05:30,31.69,-0.8099999999999987,CLOSED,0.0,VISL-EQ
BUY,2026-07-23T09:29:00+05:30,31.69,0.012812363005244713,0.08071899129421511,9,-0.5181876897925656,0.9088441705835472,2026-07-23T11:24:00+05:30,31.47,-0.22000000000000242,CLOSED,0.0,VISL-EQ
SELL,2026-07-23T11:24:00+05:30,31.47,-0.0139498272096873,0.05168279318217145,11,0.5580581183292372,1.9926084446941077,2026-07-23T14:33:00+05:30,31.58,0.10999999999999943,CLOSED,1.0,VISL-EQ
BUY,2026-07-23T14:33:00+05:30,31.58,0.02602849604953373,0.039285281382896185,14,-0.08762296035633184,1.072433253052235,2026-07-23T14:49:00+05:30,31.26,-0.31999999999999673,CLOSED,0.0,VISL-EQ
SELL,2026-07-23T14:49:00+05:30,31.26,-0.005672181191167261,0.05754225500544037,14,-0.13093839433320942,1.2391603260712574,2026-07-24T12:17:00+05:30,30.99,-0.2700000000000031,CLOSED,0.0,VISL-EQ
BUY,2026-07-24T12:17:00+05:30,30.99,0.0035170483646260677,0.06867799259345489,12,0.7178904152566756,1.0202998327113628,2026-07-24T13:02:00+05:30,30.68,-0.3099999999999987,CLOSED,0.0,VISL-EQ
SELL,2026-07-24T13:02:00+05:30,30.68,-0.002991304282835582,0.034383458555273326,13,0.057181740517327925,2.0415571724334503,2026-07-27T09:20:00+05:30,31.15,0.46999999999999886,CLOSED,1.0,VISL-EQ
BUY,2026-07-27T09:20:00+05:30,31.15,0.032636893519388685,0.3291335426371629,9,1.2940698739038876,0.5504506790391958,2026-07-27T11:24:00+05:30,30.76,-0.389999999999997,CLOSED,0.0,VISL-EQ
SELL,2026-07-27T11:24:00+05:30,30.76,-0.006045598701585389,0.015055453054181614,11,0.042507518752585106,0.7772534720360341,2026-07-27T11:34:00+05:30,30.86,0.09999999999999787,CLOSED,1.0,VISL-EQ
BUY,2026-07-27T11:34:00+05:30,30.86,0.002766173584149937,0.03489667287547235,11,0.3690593453289229,1.0153793688553225,2026-07-27T11:50:00+05:30,30.75,-0.10999999999999943,CLOSED,0.0,VISL-EQ
SELL,2026-07-27T11:50:00+05:30,30.75,-0.0075061143217774115,0.03956710193526374,11,1.3099916496196709,1.1903053991313042,2026-07-27T12:38:00+05:30,30.84,0.08999999999999986,CLOSED,1.0,VISL-EQ
BUY,2026-07-27T12:38:00+05:30,30.84,0.002728952376466671,0.02547329756605705,12,0.012316132733459563,1.2670915651656964,2026-07-27T12:51:00+05:30,30.77,-0.07000000000000028,CLOSED,0.0,VISL-EQ
SELL,2026-07-27T12:51:00+05:30,30.77,-0.001748835936539801,0.02319003617456762,12,-0.7010127308237261,0.4622813814478637,2026-07-27T14:04:00+05:30,30.83,0.05999999999999872,CLOSED,1.0,VISL-EQ
BUY,2026-07-27T14:04:00+05:30,30.83,0.004530023820886059,0.023118054512532484,14,0.44935289628986197,1.0660881174899866,2026-07-27T14:51:00+05:30,30.47,-0.35999999999999943,CLOSED,0.0,VISL-EQ
SELL,2026-07-27T14:51:00+05:30,30.47,-0.0032251142301877467,0.2220735613860117,14,-0.2756706752997413,1.5098131854865429,2026-07-29T09:27:00+05:30,29.93,-0.5399999999999991,CLOSED,0.0,VISL-EQ
BUY,2026-07-29T09:27:00+05:30,29.93,0.03228860442152359,0.20267379373433245,9,-0.16042509086607917,1.1389411332743866,2026-07-30T11:49:00+05:30,30.24,0.3099999999999987,CLOSED,1.0,VISL-EQ
SELL,2026-07-30T11:49:00+05:30,30.24,-0.010439396405140114,0.09750213672872342,11,3.982567672999914,0.7936041801685029,2026-07-30T12:47:00+05:30,30.59,0.3500000000000014,CLOSED,1.0,VISL-EQ
BUY,2026-07-30T12:47:00+05:30,30.59,0.002445573484475054,0.21089491854159706,12,15.921750745698008,0.5825955296844325,2026-07-30T13:44:00+05:30,30.3,-0.28999999999999915,CLOSED,0.0,VISL-EQ
SELL,2026-07-30T13:44:00+05:30,30.3,-0.005961880296888199,0.046714261443613764,13,-0.2433583263821531,0.7019442510022397,2026-07-30T14:28:00+05:30,30.55,0.25,CLOSED,1.0,VISL-EQ
BUY,2026-07-30T14:28:00+05:30,30.55,0.009476552602437602,0.09620002310002021,14,1.565545897140451,0.41820748612772296,2026-08-05T11:36:00+05:30,35.5,4.949999999999999,CLOSED,1.0,VISL-EQ
SELL,2026-08-05T11:36:00+05:30,35.5,-0.01386074911395361,0.06670832032063348,11,0.13202585734392414,1.4835140018066848,2026-08-05T12:45:00+05:30,35.77,0.2700000000000031,CLOSED,1.0,VISL-EQ
BUY,2026-08-05T12:45:00+05:30,35.77,0.015218498337253082,0.09904544411531482,12,0.03129915734015031,0.4819827800931097,2026-08-06T14:21:00+05:30,36.75,0.9799999999999969,CLOSED,1.0,VISL-EQ
SELL,2026-08-06T14:21:00+05:30,36.75,-0.019778787553309973,0.036832956257498155,14,0.995003425488731,1.7416944455957324,,,,OPEN,,VISL-EQ
BUY,2026-06-24T11:22:00+05:30,174.56,0.0009636139968581086,0.20072369067950047,11,-0.4298109171954862,0.8811431737777589,2026-06-24T11:27:00+05:30,174.44,-0.12000000000000455,CLOSED,0.0,GAIL-EQ
SELL,2026-06-24T11:27:00+05:30,174.44,-0.00046245681884920793,0.1321657208877446,11,-0.3217893525082275,1.3174433585771297,2026-06-24T12:04:00+05:30,174.74,0.30000000000001137,CLOSED,1.0,GAIL-EQ
BUY,2026-06-24T12:04:00+05:30,174.74,0.0016367284379675893,0.24404234605221176,12,1.3288599189049575,0.18222163963896484,2026-06-24T12:21:00+05:30,174.35,-0.3900000000000148,CLOSED,0.0,GAIL-EQ
SELL,2026-06-24T12:21:00+05:30,174.35,-0.001255487630096005,0.07703534542302082,12,0.7470947861248713,0.9110205268688081,2026-06-24T12:56:00+05:30,174.63,0.28000000000000114,CLOSED,1.0,GAIL-EQ
BUY,2026-06-24T12:56:00+05:30,174.63,0.0008818000868141639,0.08179242018671058,12,1.287237377983993,0.9239614751850836,2026-06-25T10:01:00+05:30,174.56,-0.06999999999999318,CLOSED,0.0,GAIL-EQ
SELL,2026-06-25T10:01:00+05:30,174.56,-0.0026173256923577724,0.20823064135712385,10,1.8772896769552259,1.3545571788922677,2026-06-25T13:40:00+05:30,174.73,0.1699999999999875,CLOSED,1.0,GAIL-EQ
BUY,2026-06-25T13:40:00+05:30,174.73,0.0011492135451516478,0.05006662228138114,13,-0.29352676967773567,1.484146490087748,2026-06-25T14:00:00+05:30,174.35,-0.37999999999999545,CLOSED,0.0,GAIL-EQ
SELL,2026-06-25T14:00:00+05:30,174.35,-0.0021787761038788017,0.12238827104297616,14,1.9436349230689156,1.456537517431477,2026-06-29T11:49:00+05:30,173.57,-0.7800000000000011,CLOSED,0.0,GAIL-EQ
BUY,2026-06-29T11:49:00+05:30,173.57,0.027697088282832613,0.8760955046873193,11,4.086541876235896,0.11528272632994835,2026-06-29T12:49:00+05:30,172.4,-1.1699999999999875,CLOSED,0.0,GAIL-EQ
SELL,2026-06-29T12:49:00+05:30,172.4,-0.0014865090223767426,0.06992853494818785,12,0.7503587508658621,0.870013852373279,2026-06-29T12:59:00+05:30,172.68,0.28000000000000114,CLOSED,1.0,GAIL-EQ
BUY,2026-06-29T12:59:00+05:30,172.68,0.004158108014384298,0.06896859188548136,12,0.08286684598736757,0.8782105384305526,2026-06-29T13:02:00+05:30,172.1,-0.5800000000000125,CLOSED,0.0,GAIL-EQ
SELL,2026-06-29T13:02:00+05:30,172.1,-0.002116608826545719,0.09407443861113209,13,-0.2186377217062745,0.7384236850596967,2026-06-29T14:41:00+05:30,173.0,0.9000000000000057,CLOSED,1.0,GAIL-EQ
BUY,2026-06-29T14:41:00+05:30,173.0,0.015127225916363162,0.2643314417754954,14,1.6155709793059896,1.1076480160220303,2026-06-29T15:13:00+05:30,172.13,-0.8700000000000045,CLOSED,0.0,GAIL-EQ
SELL,2026-06-29T15:13:00+05:30,172.13,-0.0032689746948222583,0.07876829593462535,15,-0.0204565287277717,0.9728356683358653,2026-06-30T09:15:00+05:30,175.23,3.0999999999999943,CLOSED,1.0,GAIL-EQ
BUY,2026-06-30T09:15:00+05:30,175.23,0.016327166000823765,0.14596803303006306,9,0.04598971557714408,0.6933259081562714,2026-06-30T12:59:00+05:30,172.85,-2.3799999999999955,CLOSED,0.0,GAIL-EQ
SELL,2026-06-30T12:59:00+05:30,172.85,-0.003609261537257897,0.42313118533145166,12,0.08722693294890889,0.8912931478619269,2026-06-30T13:56:00+05:30,174.0,1.1500000000000057,CLOSED,1.0,GAIL-EQ
BUY,2026-06-30T13:56:00+05:30,174.0,0.00817545340920518,0.06074537019394905,13,0.23469240304232764,2.311898660884777,2026-06-30T15:21:00+05:30,173.11,-0.8899999999999864,CLOSED,0.0,GAIL-EQ
SELL,2026-06-30T15:21:00+05:30,173.11,-0.014376889823366719,0.2930092907135267,15,0.4678861969569661,1.4270869414617249,2026-07-01T10:33:00+05:30,173.65,0.539999999999992,CLOSED,1.0,GAIL-EQ
BUY,2026-07-01T10:33:00+05:30,173.65,0.0020628520214575146,0.057735026918966405,10,1.0353702078301656,0.5355665155075966,2026-07-01T10:38:00+05:30,173.14,-0.5100000000000193,CLOSED,0.0,GAIL-EQ
SELL,2026-07-01T10:38:00+05:30,173.14,-0.0056592225982129655,0.18172323278363284,10,0.205686670384018,0.6493479752916953,2026-07-01T11:06:00+05:30,173.79,0.6500000000000057,CLOSED,1.0,GAIL-EQ
BUY,2026-07-01T11:06:00+05:30,173.79,0.002806093284052835,0.194319324823858,11,-0.12394134745166822,1.0599884568212972,2026-07-02T09:22:00+05:30,173.27,-0.5199999999999818,CLOSED,0.0,GAIL-EQ
SELL,2026-07-02T09:22:00+05:30,173.27,-0.0060060102986195865,0.4716743226704909,9,-0.6031460511202179,0.6157028564475405,2026-07-02T11:17:00+05:30,174.03,0.7599999999999909,CLOSED,1.0,GAIL-EQ
BUY,2026-07-02T11:17:00+05:30,174.03,0.004363184554849697,0.14785879149452824,11,0.4272399541837599,1.3601219812715624,2026-07-03T11:18:00+05:30,174.03,0.0,CLOSED,0.0,GAIL-EQ
SELL,2026-07-03T11:18:00+05:30,174.03,-0.008899006258423126,0.13089435944047895,11,0.3095777221318894,1.4678001577382758,2026-07-03T15:28:00+05:30,174.28,0.25,CLOSED,1.0,GAIL-EQ
BUY,2026-07-03T15:28:00+05:30,174.28,1.4146516790160932e-05,0.19084898043566265,15,-0.40899514857630603,0.40422487479760516,2026-07-06T14:25:00+05:30,175.16,0.8799999999999955,CLOSED,1.0,GAIL-EQ
SELL,2026-07-06T14:25:00+05:30,175.16,-0.0018237744744375435,0.04110960958219302,14,0.47856430673795425,0.8720258163953377,2026-07-07T12:12:00+05:30,175.12,-0.03999999999999204,CLOSED,0.0,GAIL-EQ
BUY,2026-07-07T12:12:00+05:30,175.12,0.0022973853522814942,0.07469196000165121,12,-0.8799516868069309,0.748130523453433,2026-07-07T13:03:00+05:30,174.35,-0.7700000000000102,CLOSED,0.0,GAIL-EQ
SELL,2026-07-07T13:03:00+05:30,174.35,-0.010188636783112444,0.2320464512884325,13,-0.8604123566987926,0.34657585737810553,2026-07-08T11:12:00+05:30,174.01,-0.3400000000000034,CLOSED,0.0,GAIL-EQ
BUY,2026-07-08T11:12:00+05:30,174.01,0.011127468968177769,0.05400617248673305,11,-0.23020452317884127,0.3846411243098544,2026-07-08T13:53:00+05:30,173.11,-0.8999999999999773,CLOSED,0.0,GAIL-EQ
SELL,2026-07-08T13:53:00+05:30,173.11,-0.004436698901318266,0.23015936507849122,13,1.652807895845844,0.25200828256903895,2026-07-09T11:38:00+05:30,171.89,-1.2200000000000273,CLOSED,0.0,GAIL-EQ
BUY,2026-07-09T11:38:00+05:30,171.89,0.002673217069469497,0.267241048077902,11,19.69580703002693,0.7490904150123039,2026-07-09T12:30:00+05:30,171.06,-0.8299999999999841,CLOSED,0.0,GAIL-EQ
SELL,2026-07-09T12:30:00+05:30,171.06,-0.007258920681385823,0.06203941399537448,12,0.5959392925836826,1.269864855303191,2026-07-09T14:37:00+05:30,171.32,0.2599999999999909,CLOSED,1.0,GAIL-EQ
BUY,2026-07-09T14:37:00+05:30,171.32,0.004567880682721202,0.11890238760335604,14,-0.6600793414889625,1.0658283034970644,2026-07-09T14:40:00+05:30,170.87,-0.44999999999998863,CLOSED,0.0,GAIL-EQ
SELL,2026-07-09T14:40:00+05:30,170.87,-0.000637444509961724,0.10327955589886469,14,3.3007021623104214,0.5906594782469338,2026-07-10T09:23:00+05:30,172.17,1.299999999999983,CLOSED,1.0,GAIL-EQ
BUY,2026-07-10T09:23:00+05:30,172.17,0.01793085713397866,0.3789693625846012,9,-0.7185468100489322,0.8472653451158347,2026-07-13T09:18:00+05:30,172.27,0.10000000000002274,CLOSED,1.0,GAIL-EQ
SELL,2026-07-13T09:18:00+05:30,172.27,-0.015771291758323924,0.8331873205414941,9,0.7673100133195179,0.51093425667722,2026-07-13T13:12:00+05:30,172.1,-0.17000000000001592,CLOSED,0.0,GAIL-EQ
BUY,2026-07-13T13:12:00+05:30,172.1,0.007573334836275566,0.0742667863553799,13,1.8312818964118476,1.774025377301806,2026-07-14T09:44:00+05:30,172.18,0.0800000000000125,CLOSED,1.0,GAIL-EQ
SELL,2026-07-14T09:44:00+05:30,172.18,-2.130247525424701e-06,0.1953458471531979,9,-0.8671880612724084,1.3703632148377125,2026-07-14T12:37:00+05:30,172.2,0.01999999999998181,CLOSED,1.0,GAIL-EQ
BUY,2026-07-14T12:37:00+05:30,172.2,0.003064032603849638,0.09276613366716727,12,-0.13117461586867837,0.830285138248848,2026-07-14T14:33:00+05:30,171.71,-0.4899999999999807,CLOSED,0.0,GAIL-EQ
SELL,2026-07-14T14:33:00+05:30,171.71,-0.0015702737266871404,0.08962266578395651,14,0.0002483540210510813,2.189153171048098,2026-07-15T09:33:00+05:30,172.48,0.7699999999999818,CLOSED,1.0,GAIL-EQ
BUY,2026-07-15T09:33:00+05:30,172.48,0.006705890659986152,0.1227508768920965,9,1.7189277008936834,2.2810951841635343,2026-07-15T14:33:00+05:30,173.57,1.0900000000000034,CLOSED,1.0,GAIL-EQ
SELL,2026-07-15T14:33:00+05:30,173.57,-0.00014698124985099842,0.094404566744531,14,-0.4139235715683177,1.0487949214547019,2026-07-16T09:30:00+05:30,174.16,0.5900000000000034,CLOSED,1.0,GAIL-EQ
BUY,2026-07-16T09:30:00+05:30,174.16,0.004696646805904061,0.28394052585395596,9,3.512196295123711,0.5677642007691269,2026-07-16T11:59:00+05:30,173.26,-0.9000000000000057,CLOSED,0.0,GAIL-EQ
SELL,2026-07-16T11:59:00+05:30,173.26,-0.011378115038665882,0.28781938781117483,11,1.99491895029172,0.42652258447125235,2026-07-17T12:49:00+05:30,171.43,-1.829999999999984,CLOSED,0.0,GAIL-EQ
BUY,2026-07-17T12:49:00+05:30,171.43,0.0015555949310489601,0.031902629637351576,12,0.42883098640854955,1.0397520374544824,2026-07-17T13:39:00+05:30,171.24,-0.18999999999999773,CLOSED,0.0,GAIL-EQ
SELL,2026-07-17T13:39:00+05:30,171.24,-0.0027505077865608357,0.049227363664259706,13,-0.21439202258252857,1.0079804868807425,2026-07-17T14:05:00+05:30,171.65,0.4099999999999966,CLOSED,1.0,GAIL-EQ
BUY,2026-07-17T14:05:00+05:30,171.65,0.004793046923374989,0.12449453357031218,14,-0.16185971387683276,0.543948480975322,2026-07-17T14:21:00+05:30,171.28,-0.37000000000000455,CLOSED,0.0,GAIL-EQ
SELL,2026-07-17T14:21:00+05:30,171.28,-0.0005753022826114297,0.22404364654136916,14,0.2345476477495338,0.5191641262148571,2026-07-17T14:24:00+05:30,171.61,0.3300000000000125,CLOSED,1.0,GAIL-EQ
BUY,2026-07-17T14:24:00+05:30,171.61,0.0011612571270012571,0.1915898396749311,14,-0.4682207348045204,0.8627157176810996,2026-07-17T14:34:00+05:30,171.28,-0.3300000000000125,CLOSED,0.0,GAIL-EQ
SELL,2026-07-17T14:34:00+05:30,171.28,-0.00031845479678720205,0.1682623612761422,14,-0.18192335862873196,1.3116943237661134,2026-07-20T09:57:00+05:30,171.88,0.5999999999999943,CLOSED,1.0,GAIL-EQ
BUY,2026-07-20T09:57:00+05:30,171.88,0.00635240421119258,0.254080039882447,9,5.240553990364957,2.3036290162274415,2026-07-21T12:26:00+05:30,174.0,2.1200000000000045,CLOSED,1.0,GAIL-EQ
SELL,2026-07-21T12:26:00+05:30,174.0,-0.008679550775674566,0.0653962282296683,12,2.279265401493326,0.6618311233153883,2026-07-22T13:41:00+05:30,173.29,-0.710000000000008,CLOSED,0.0,GAIL-EQ
BUY,2026-07-22T13:41:00+05:30,173.29,0.0019294257170417834,0.11229425630903912,13,0.8255773980979005,1.8858930792271718,2026-07-22T13:59:00+05:30,173.02,-0.2699999999999818,CLOSED,0.0,GAIL-EQ
SELL,2026-07-22T13:59:00+05:30,173.02,-0.0009658831036853378,0.04325634186002348,13,-0.6053094831622218,1.1448816631896988,2026-07-23T12:08:00+05:30,172.92,-0.10000000000002274,CLOSED,0.0,GAIL-EQ
BUY,2026-07-23T12:08:00+05:30,172.92,0.013557858652111418,0.28250663709017093,12,18.467612859613563,1.188178964948475,2026-07-23T12:40:00+05:30,172.21,-0.7099999999999795,CLOSED,0.0,GAIL-EQ
SELL,2026-07-23T12:40:00+05:30,172.21,-0.004314063506180185,0.06716480559870058,12,-0.40177295864284907,0.403833200661319,2026-07-23T15:21:00+05:30,172.15,-0.060000000000002274,CLOSED,0.0,GAIL-EQ
BUY,2026-07-23T15:21:00+05:30,172.15,0.0021336134049395423,0.174979363862657,15,1.024875406228338,1.2694091901378308,2026-07-24T09:16:00+05:30,170.85,-1.3000000000000114,CLOSED,0.0,GAIL-EQ
SELL,2026-07-24T09:16:00+05:30,170.85,-0.002148993411317173,0.43977393182306035,9,-0.20943497577730813,0.9492989376097659,2026-07-24T11:48:00+05:30,170.6,-0.25,CLOSED,0.0,GAIL-EQ
BUY,2026-07-24T11:48:00+05:30,170.6,0.012963793134666453,0.36960038480018215,11,-0.2922265255392096,0.39288959713424026,2026-07-24T12:18:00+05:30,169.75,-0.8499999999999943,CLOSED,0.0,GAIL-EQ
SELL,2026-07-24T12:18:00+05:30,169.75,-0.0008537884377141677,0.13672356539138916,12,-0.7755126867591664,0.7048850352248974,2026-07-24T12:43:00+05:30,170.15,0.4000000000000057,CLOSED,1.0,GAIL-EQ
BUY,2026-07-24T12:43:00+05:30,170.15,0.002273160431022658,0.06356099432828473,12,1.6168765183086202,0.14784832779025206,2026-07-24T13:12:00+05:30,169.79,-0.36000000000001364,CLOSED,0.0,GAIL-EQ
SELL,2026-07-24T13:12:00+05:30,169.79,-0.003594765880320687,0.12254704312131451,13,-0.7504715819014041,0.23089564502875926,2026-07-24T14:04:00+05:30,170.1,0.3100000000000023,CLOSED,1.0,GAIL-EQ
BUY,2026-07-24T14:04:00+05:30,170.1,0.002193139618745471,0.074803446147592,14,-0.7767407125000501,2.3450684837222107,2026-07-24T14:41:00+05:30,169.92,-0.18000000000000682,CLOSED,0.0,GAIL-EQ
SELL,2026-07-24T14:41:00+05:30,169.92,-0.0004117208652633846,0.07366591251499555,14,0.3214623715655188,0.721816976127321,2026-07-24T15:16:00+05:30,170.15,0.2300000000000182,CLOSED,1.0,GAIL-EQ
BUY,2026-07-24T15:16:00+05:30,170.15,0.0022642821328802782,0.08056053624448917,15,-0.2988451659608636,1.0207814844849603,2026-07-27T12:55:00+05:30,171.0,0.8499999999999943,CLOSED,1.0,GAIL-EQ
SELL,2026-07-27T12:55:00+05:30,171.0,-0.0039573910436077045,0.1308264329390496,12,3.768370955358646,0.07904495925281568,2026-07-27T13:30:00+05:30,171.89,0.8899999999999864,CLOSED,1.0,GAIL-EQ
BUY,2026-07-27T13:30:00+05:30,171.89,0.010553598089907329,0.18852939646997915,13,5.380565738877,0.5835488417278984,2026-07-29T09:16:00+05:30,174.05,2.160000000000025,CLOSED,1.0,GAIL-EQ
SELL,2026-07-29T09:16:00+05:30,174.05,-0.023339637743162226,0.07809538327512316,9,-0.37398644243016915,0.7772545913278178,2026-07-29T10:43:00+05:30,175.12,1.0699999999999932,CLOSED,1.0,GAIL-EQ
BUY,2026-07-29T10:43:00+05:30,175.12,0.0018404906838631139,0.04552166761248862,10,-0.013571079917258158,0.11364232750283028,2026-07-29T10:47:00+05:30,174.92,-0.20000000000001705,CLOSED,0.0,GAIL-EQ
SELL,2026-07-29T10:47:00+05:30,174.92,-0.00276925309190692,0.05812821078347831,10,-0.6360833297335822,0.2680414397766813,2026-07-29T11:06:00+05:30,175.7,0.7800000000000011,CLOSED,1.0,GAIL-EQ
BUY,2026-07-29T11:06:00+05:30,175.7,0.01187000859572873,0.12245634142646898,11,3.264409774318816,1.0886657070574894,2026-07-29T12:39:00+05:30,174.93,-0.7699999999999818,CLOSED,0.0,GAIL-EQ
SELL,2026-07-29T12:39:00+05:30,174.93,-0.00450482571106719,0.07214183560489883,12,0.6776882465469052,0.728055647565419,2026-07-29T13:01:00+05:30,175.31,0.37999999999999545,CLOSED,1.0,GAIL-EQ
BUY,2026-07-29T13:01:00+05:30,175.31,0.0022282599658218134,0.1344164341804139,13,0.0030049366810463753,0.9165418360796063,2026-07-29T15:14:00+05:30,175.0,-0.3100000000000023,CLOSED,0.0,GAIL-EQ
SELL,2026-07-29T15:14:00+05:30,175.0,-0.0022325383729236855,0.10284832413694293,15,-0.0416277767379378,1.0277770048416717,2026-07-30T10:49:00+05:30,175.46,0.46000000000000796,CLOSED,1.0,GAIL-EQ
BUY,2026-07-30T10:49:00+05:30,175.46,0.0029255052048901254,0.20906139449134242,10,0.5497020153143963,1.6529547322686706,2026-07-30T11:02:00+05:30,175.02,-0.4399999999999977,CLOSED,0.0,GAIL-EQ
SELL,2026-07-30T11:02:00+05:30,175.02,-0.0018284515243874966,0.1699967319947304,11,-0.4355364651949157,1.0689243027888446,2026-07-30T11:29:00+05:30,175.33,0.3100000000000023,CLOSED,1.0,GAIL-EQ
BUY,2026-07-30T11:29:00+05:30,175.33,0.0008035557517864827,0.06929005059249739,11,-0.651882036007191,1.1275890802317277,2026-07-30T11:41:00+05:30,175.14,-0.19000000000002615,CLOSED,0.0,GAIL-EQ
SELL,2026-07-30T11:41:00+05:30,175.14,-0.0019178128603145983,0.17718791029738887,11,-0.8801361983573289,0.3702015355086372,2026-07-31T09:49:00+05:30,174.43,-0.7099999999999795,CLOSED,0.0,GAIL-EQ
BUY,2026-07-31T09:49:00+05:30,174.43,0.0009598029544031003,0.15721535124365432,9,0.5056906362348533,1.0716049647826833,2026-08-03T09:29:00+05:30,174.89,0.45999999999997954,CLOSED,1.0,GAIL-EQ
SELL,2026-08-03T09:29:00+05:30,174.89,-0.06194341097451407,0.30649451689857327,9,-0.6276512959230508,1.1443997803340784,2026-08-04T09:41:00+05:30,175.05,0.160000000000025,CLOSED,1.0,GAIL-EQ
BUY,2026-08-04T09:41:00+05:30,175.05,0.023301127026776468,0.1547794129290672,9,-0.05570860116165091,0.7044982797349939,2026-08-05T09:45:00+05:30,174.97,-0.0800000000000125,CLOSED,0.0,GAIL-EQ
SELL,2026-08-05T09:45:00+05:30,174.97,-0.011534652469558492,0.5405388258231058,9,1.47157456469275,0.8157475612183954,2026-08-05T14:01:00+05:30,174.55,-0.4199999999999875,CLOSED,0.0,GAIL-EQ
BUY,2026-08-05T14:01:00+05:30,174.55,0.002484455218169111,0.09522488003551517,14,-0.37119128925159783,0.9734802771638169,2026-08-06T13:14:00+05:30,175.84,1.289999999999992,CLOSED,1.0,GAIL-EQ
SELL,2026-08-06T13:14:00+05:30,175.84,-0.003184918520209421,0.33157703981629033,13,-0.8495405470869785,0.677920550936424,,,,OPEN,,GAIL-EQ
SELL,2026-06-24T15:13:00+05:30,41.71,-0.0034834366438918243,0.06244108334173057,15,-0.39941632433232677,0.6667841364253666,2026-06-30T09:26:00+05:30,39.69,-2.020000000000003,CLOSED,0.0,BHARATCOAL-EQ
BUY,2026-06-30T09:26:00+05:30,39.69,0.007974400347764959,0.10729502421930902,9,-0.7025070723192465,0.92915544533354,2026-06-30T10:21:00+05:30,39.47,-0.21999999999999886,CLOSED,0.0,BHARATCOAL-EQ
SELL,2026-06-30T10:21:00+05:30,39.47,-0.013747885429755895,0.0866666666666671,10,7.583940405380957,1.9130662276587733,2026-06-30T12:11:00+05:30,39.59,0.12000000000000455,CLOSED,1.0,BHARATCOAL-EQ
BUY,2026-06-30T12:11:00+05:30,39.59,0.00018046618196160963,0.02359378449224995,12,-0.503984833658134,1.8315150840476455,2026-06-30T12:56:00+05:30,39.42,-0.1700000000000017,CLOSED,0.0,BHARATCOAL-EQ
SELL,2026-06-30T12:56:00+05:30,39.42,-0.0048573570572122485,0.027182510717168235,12,-0.213078884259953,0.2752121666384584,2026-07-01T09:32:00+05:30,40.13,0.7100000000000009,CLOSED,1.0,BHARATCOAL-EQ
BUY,2026-07-01T09:32:00+05:30,40.13,0.02439289491036965,0.12853447440710702,9,1.5827080522561447,1.1218890079306438,2026-07-01T12:07:00+05:30,39.87,-0.2600000000000051,CLOSED,0.0,BHARATCOAL-EQ
SELL,2026-07-01T12:07:00+05:30,39.87,-0.004203496854022721,0.02378141197564861,12,-0.3492857595580034,1.4134767607063121,2026-07-02T10:03:00+05:30,39.78,-0.0899999999999963,CLOSED,0.0,BHARATCOAL-EQ
BUY,2026-07-02T10:03:00+05:30,39.78,0.03595377485312175,0.109387181861293,10,2.8702650954701436,1.6874791963770395,2026-07-03T10:29:00+05:30,39.8,0.01999999999999602,CLOSED,1.0,BHARATCOAL-EQ
SELL,2026-07-03T10:29:00+05:30,39.8,-0.003077117574266655,0.05125101625008652,10,0.9951241740582056,0.13474206346540626,2026-07-07T14:01:00+05:30,38.27,-1.529999999999994,CLOSED,0.0,BHARATCOAL-EQ
BUY,2026-07-07T14:01:00+05:30,38.27,0.00582036276381084,0.0117378779077737,14,2.136355208501875,0.9023939707403577,2026-07-07T15:16:00+05:30,37.89,-0.38000000000000256,CLOSED,0.0,BHARATCOAL-EQ
SELL,2026-07-07T15:16:00+05:30,37.89,-0.00384940544656915,0.07152311203768909,15,-0.2427530956811367,0.45427935478145987,2026-07-09T10:00:00+05:30,37.25,-0.6400000000000006,CLOSED,0.0,BHARATCOAL-EQ
BUY,2026-07-09T10:00:00+05:30,37.25,0.00233003760012901,0.0385284887381341,10,-0.19508898014640902,1.7059381576989308,2026-07-09T11:22:00+05:30,37.2,-0.04999999999999716,CLOSED,0.0,BHARATCOAL-EQ
SELL,2026-07-09T11:22:00+05:30,37.2,-0.001105770201156428,0.0201108041719975,11,0.16650950286437585,0.8746157349425026,2026-07-09T11:29:00+05:30,37.27,0.07000000000000028,CLOSED,1.0,BHARATCOAL-EQ
BUY,2026-07-09T11:29:00+05:30,37.27,0.004367706469263958,0.02981423969999762,11,-0.6585237468202821,1.2750490470852018,2026-07-09T11:44:00+05:30,37.2,-0.07000000000000028,CLOSED,0.0,BHARATCOAL-EQ
SELL,2026-07-09T11:44:00+05:30,37.2,-0.0025193785847977216,0.03047767853510015,11,1.6281546616275553,0.6393171839424081,2026-07-09T12:03:00+05:30,37.27,0.07000000000000028,CLOSED,1.0,BHARATCOAL-EQ
BUY,2026-07-09T12:03:00+05:30,37.27,0.0005085351407928493,0.02830390628713754,12,-0.11380997337656143,0.8983050847457628,2026-07-09T15:00:00+05:30,37.21,-0.060000000000002274,CLOSED,0.0,BHARATCOAL-EQ
SELL,2026-07-09T15:00:00+05:30,37.21,-0.010039665391930382,0.017919573407620203,15,6.269537612084106,1.0727595517846078,2026-07-10T09:19:00+05:30,37.56,0.3500000000000014,CLOSED,1.0,BHARATCOAL-EQ
BUY,2026-07-10T09:19:00+05:30,37.56,0.02003099322178912,0.09206881484339209,9,1.607992732859178,0.962861318968792,2026-07-10T14:46:00+05:30,37.61,0.04999999999999716,CLOSED,1.0,BHARATCOAL-EQ
SELL,2026-07-10T14:46:00+05:30,37.61,-0.0008150285931342073,0.017763883459299967,14,-0.44928850313194724,1.2711266422499243,2026-07-13T10:29:00+05:30,37.65,0.03999999999999915,CLOSED,1.0,BHARATCOAL-EQ
BUY,2026-07-13T10:29:00+05:30,37.65,0.009073257291660176,0.04550946177566829,10,0.1807516475633572,0.6821153091907438,2026-07-13T11:44:00+05:30,37.55,-0.10000000000000142,CLOSED,0.0,BHARATCOAL-EQ
SELL,2026-07-13T11:44:00+05:30,37.55,-0.002771931636667715,0.01728840330651986,11,-0.5145897929678547,1.247669359850839,2026-07-13T14:09:00+05:30,37.59,0.04000000000000625,CLOSED,1.0,BHARATCOAL-EQ
BUY,2026-07-13T14:09:00+05:30,37.59,0.0015491634798745302,0.038528488738132464,14,1.5018654959238336,1.0162349461759215,2026-07-14T09:16:00+05:30,37.38,-0.21000000000000085,CLOSED,0.0,BHARATCOAL-EQ
SELL,2026-07-14T09:16:00+05:30,37.38,-0.008763554493182264,0.09118966803073388,9,-0.40886272652942895,0.921748077170821,2026-07-15T09:40:00+05:30,37.14,-0.240000000000002,CLOSED,0.0,BHARATCOAL-EQ
BUY,2026-07-15T09:40:00+05:30,37.14,0.009842310786453165,0.029230881691191448,9,-0.653071473152251,0.7956457102617268,2026-07-15T11:22:00+05:30,37.0,-0.14000000000000057,CLOSED,0.0,BHARATCOAL-EQ
SELL,2026-07-15T11:22:00+05:30,37.0,-0.003648336626259663,0.015951314818673564,11,0.8558488944288797,1.4260848445595855,2026-07-16T11:04:00+05:30,36.87,-0.13000000000000256,CLOSED,0.0,BHARATCOAL-EQ
BUY,2026-07-16T11:04:00+05:30,36.87,0.0009402376240682213,0.024129281427805644,11,1.5721440584240436,0.3694055918070069,2026-07-16T12:49:00+05:30,36.81,-0.05999999999999517,CLOSED,0.0,BHARATCOAL-EQ
SELL,2026-07-16T12:49:00+05:30,36.81,-0.006664604469727507,0.02160246899469259,12,0.26138476477572004,0.6390526686320236,2026-07-17T14:19:00+05:30,36.3,-0.5100000000000051,CLOSED,0.0,BHARATCOAL-EQ
BUY,2026-07-17T14:19:00+05:30,36.3,0.008218012464215732,0.09033271832508913,14,9.7557211617497,1.1451032871622244,2026-07-22T09:16:00+05:30,36.12,-0.17999999999999972,CLOSED,0.0,BHARATCOAL-EQ
SELL,2026-07-22T09:16:00+05:30,36.12,-0.12600182282544167,0.42771226049504074,9,2.41646095102511,1.933794610164725,2026-07-23T12:11:00+05:30,34.97,-1.1499999999999986,CLOSED,0.0,BHARATCOAL-EQ
BUY,2026-07-23T12:11:00+05:30,34.97,0.0039144935484461294,0.027808871486153332,12,3.5408735957964637,1.3418934895343526,2026-07-23T12:33:00+05:30,34.85,-0.11999999999999744,CLOSED,0.0,BHARATCOAL-EQ
SELL,2026-07-23T12:33:00+05:30,34.85,-0.0005700116371471045,0.01702938636592649,12,-0.28181794198493604,0.9732067433062769,2026-07-23T14:32:00+05:30,34.86,0.00999999999999801,CLOSED,1.0,BHARATCOAL-EQ
BUY,2026-07-23T14:32:00+05:30,34.86,0.0035805280908923287,0.02233582075700146,14,-0.6702193738885768,0.4655734274097106,2026-07-23T15:28:00+05:30,34.75,-0.10999999999999943,CLOSED,0.0,BHARATCOAL-EQ
SELL,2026-07-23T15:28:00+05:30,34.75,-0.0023179920607223074,0.04442221666388766,15,2.098524907218341,0.8504421141354255,2026-07-24T12:16:00+05:30,34.52,-0.22999999999999687,CLOSED,0.0,BHARATCOAL-EQ
BUY,2026-07-24T12:16:00+05:30,34.52,0.005898572807502138,0.010593499054714677,12,0.452368683186268,1.7540270123234856,2026-07-28T09:16:00+05:30,35.02,0.5,CLOSED,1.0,BHARATCOAL-EQ
SELL,2026-07-28T09:16:00+05:30,35.02,-0.004993040321745308,0.056263270039659134,9,0.7351792249735595,1.9489870781464478,2026-07-29T09:49:00+05:30,34.65,-0.37000000000000455,CLOSED,0.0,BHARATCOAL-EQ
BUY,2026-07-29T09:49:00+05:30,34.65,0.005568744165655175,0.0337474278855276,9,-0.1985182394551065,0.5677936890922194,2026-07-29T10:40:00+05:30,34.47,-0.17999999999999972,CLOSED,0.0,BHARATCOAL-EQ
SELL,2026-07-29T10:40:00+05:30,34.47,-0.0006977013018955133,0.017159383568310555,10,0.8839235280378098,0.2046599859312476,2026-07-30T12:45:00+05:30,33.97,-0.5,CLOSED,0.0,BHARATCOAL-EQ
BUY,2026-07-30T12:45:00+05:30,33.97,0.008436472967845268,0.00699205898779962,12,-0.3637564329453576,1.117931281317108,2026-07-30T13:14:00+05:30,33.84,-0.12999999999999545,CLOSED,0.0,BHARATCOAL-EQ
SELL,2026-07-30T13:14:00+05:30,33.84,-0.001635447289973372,0.023944379994756817,13,-0.7201431414631507,1.2991895542548402,2026-07-30T13:23:00+05:30,34.1,0.259999999999998,CLOSED,1.0,BHARATCOAL-EQ
BUY,2026-07-30T13:23:00+05:30,34.1,0.006052373808421646,0.09533566430716793,13,19.908291345762898,2.4369734171373496,2026-07-30T15:05:00+05:30,33.85,-0.25,CLOSED,0.0,BHARATCOAL-EQ
SELL,2026-07-30T15:05:00+05:30,33.85,-0.008041919593412186,0.06908931417616787,15,-0.902637459403838,0.6536309615681433,2026-07-31T09:28:00+05:30,34.06,0.21000000000000085,CLOSED,1.0,BHARATCOAL-EQ
BUY,2026-07-31T09:28:00+05:30,34.06,0.012706179694459786,0.08121302577515137,9,0.19690844078090713,0.652664823248753,2026-07-31T11:19:00+05:30,34.01,-0.05000000000000426,CLOSED,0.0,BHARATCOAL-EQ
SELL,2026-07-31T11:19:00+05:30,34.01,-0.0003574532799024567,0.017511900715418475,11,1.1418689232484052,0.5196055581452131,2026-07-31T12:23:00+05:30,34.14,0.13000000000000256,CLOSED,1.0,BHARATCOAL-EQ
BUY,2026-07-31T12:23:00+05:30,34.14,0.004746348909247624,0.037490739597340304,12,-0.6534065969617965,0.16608036272670418,2026-07-31T13:47:00+05:30,34.04,-0.10000000000000142,CLOSED,0.0,BHARATCOAL-EQ
SELL,2026-07-31T13:47:00+05:30,34.04,-6.515399578641213e-05,0.008498365855986283,13,0.40863020551498735,0.3578043741540215,2026-08-03T09:18:00+05:30,34.48,0.4399999999999977,CLOSED,1.0,BHARATCOAL-EQ
BUY,2026-08-03T09:18:00+05:30,34.48,0.042877131685077084,0.1988969582472305,9,0.6523409967978615,0.9587484638899892,2026-08-03T11:54:00+05:30,34.05,-0.4299999999999997,CLOSED,0.0,BHARATCOAL-EQ
SELL,2026-08-03T11:54:00+05:30,34.05,-0.029126044777131037,0.011785113019775122,11,-0.8304872570693672,1.2653167079220633,2026-08-03T14:30:00+05:30,34.2,0.15000000000000568,CLOSED,1.0,BHARATCOAL-EQ
BUY,2026-08-03T14:30:00+05:30,34.2,0.004326089328348508,0.011785113019775457,14,-0.361100955669008,1.079048475435298,2026-08-03T15:08:00+05:30,34.11,-0.09000000000000341,CLOSED,0.0,BHARATCOAL-EQ
SELL,2026-08-03T15:08:00+05:30,34.11,-0.006092974665244155,0.017159383568310323,15,1.4734612291184022,1.834078491997962,2026-08-04T09:35:00+05:30,34.23,0.11999999999999744,CLOSED,1.0,BHARATCOAL-EQ
BUY,2026-08-04T09:35:00+05:30,34.23,0.002845401379210125,0.03591656999213622,9,-0.03513708820254459,0.23517076093469141,2026-08-04T11:35:00+05:30,34.15,-0.0799999999999983,CLOSED,0.0,BHARATCOAL-EQ
SELL,2026-08-04T11:35:00+05:30,34.15,-0.0028223027905839187,0.036953424138442076,11,2.8530059375281893,1.951727422287644,2026-08-04T12:27:00+05:30,34.22,0.07000000000000028,CLOSED,1.0,BHARATCOAL-EQ
BUY,2026-08-04T12:27:00+05:30,34.22,0.0006348648019051561,0.03056868404829476,12,0.7256812134722693,0.6561295698364754,2026-08-04T15:08:00+05:30,34.18,-0.03999999999999915,CLOSED,0.0,BHARATCOAL-EQ
SELL,2026-08-04T15:08:00+05:30,34.18,-0.0026583104100169454,0.021317702607093033,15,0.112192919322116,0.9924194366911951,2026-08-04T15:29:00+05:30,34.28,0.10000000000000142,CLOSED,1.0,BHARATCOAL-EQ
BUY,2026-08-04T15:29:00+05:30,34.28,0.0018084518587308273,0.016865480854231278,15,2.8349323682978227,1.5646809528692027,2026-08-05T12:44:00+05:30,34.38,0.10000000000000142,CLOSED,1.0,BHARATCOAL-EQ
SELL,2026-08-05T12:44:00+05:30,34.38,-0.0012747683914060691,0.01032795558988699,12,-0.8381002599379875,1.5040992812219227,2026-08-05T14:45:00+05:30,34.44,0.05999999999999517,CLOSED,1.0,BHARATCOAL-EQ
BUY,2026-08-05T14:45:00+05:30,34.44,0.001985192356329558,0.011737877907771952,14,1.70073127756145,2.066167397861256,2026-08-06T09:20:00+05:30,34.32,-0.11999999999999744,CLOSED,0.0,BHARATCOAL-EQ
SELL,2026-08-06T09:20:00+05:30,34.32,-0.00528969485146992,0.06690789689316644,9,0.9045378843421296,0.3388745650253322,,,,OPEN,,BHARATCOAL-EQ
